match_id,inning,over,ball,batsman,bowler,batsman_runs,extra_runs,total_runs
1,1,1,1,Player_32,Player_50,1,0,1
1,1,1,2,Player_16,Player_73,4,0,4
1,1,1,3,Player_28,Player_81,4,0,4
1,1,1,4,Player_35,Player_82,1,0,1
1,1,1,5,Player_37,Player_61,0,1,1
1,1,1,6,Player_10,Player_92,0,0,0
1,1,2,1,Player_31,Player_95,0,0,0
1,1,2,2,Player_35,Player_72,0,0,0
1,1,2,3,Player_26,Player_59,0,0,0
1,1,2,4,Player_41,Player_56,0,0,0
1,1,2,5,Player_45,Player_60,4,0,4
1,1,2,6,Player_21,Player_85,0,0,0
1,1,3,1,Player_35,Player_98,2,0,2
1,1,3,2,Player_49,Player_88,1,0,1
1,1,3,3,Player_32,Player_86,0,0,0
1,1,3,4,Player_23,Player_74,0,0,0
1,1,3,5,Player_49,Player_69,3,0,3
1,1,3,6,Player_19,Player_98,0,1,1
1,1,4,1,Player_19,Player_61,0,1,1
1,1,4,2,Player_31,Player_68,1,0,1
1,1,4,3,Player_5,Player_84,1,0,1
1,1,4,4,Player_21,Player_85,4,0,4
1,1,4,5,Player_39,Player_94,4,1,5
1,1,4,6,Player_14,Player_80,0,0,0
1,1,5,1,Player_29,Player_92,2,1,3
1,1,5,2,Player_9,Player_59,3,0,3
1,1,5,3,Player_38,Player_56,1,0,1
1,1,5,4,Player_9,Player_99,4,0,4
1,1,5,5,Player_29,Player_86,0,0,0
1,1,5,6,Player_45,Player_50,4,0,4
1,1,6,1,Player_7,Player_74,1,0,1
1,1,6,2,Player_31,Player_68,2,0,2
1,1,6,3,Player_27,Player_59,4,0,4
1,1,6,4,Player_3,Player_94,0,0,0
1,1,6,5,Player_20,Player_77,2,0,2
1,1,6,6,Player_39,Player_50,1,0,1
1,1,7,1,Player_49,Player_74,4,0,4
1,1,7,2,Player_6,Player_93,6,0,6
1,1,7,3,Player_47,Player_70,0,0,0
1,1,7,4,Player_37,Player_85,1,1,2
1,1,7,5,Player_18,Player_96,1,0,1
1,1,7,6,Player_31,Player_50,1,0,1
1,1,8,1,Player_16,Player_72,0,0,0
1,1,8,2,Player_32,Player_65,4,0,4
1,1,8,3,Player_28,Player_57,0,0,0
1,1,8,4,Player_8,Player_99,0,0,0
1,1,8,5,Player_36,Player_76,1,0,1
1,1,8,6,Player_33,Player_69,1,0,1
1,1,9,1,Player_13,Player_95,0,0,0
1,1,9,2,Player_5,Player_96,4,0,4
1,1,9,3,Player_30,Player_99,1,0,1
1,1,9,4,Player_33,Player_50,1,1,2
1,1,9,5,Player_11,Player_70,2,0,2
1,1,9,6,Player_27,Player_98,3,0,3
1,1,10,1,Player_35,Player_50,0,0,0
1,1,10,2,Player_28,Player_66,1,0,1
1,1,10,3,Player_3,Player_72,2,0,2
1,1,10,4,Player_10,Player_68,0,0,0
1,1,10,5,Player_46,Player_50,6,0,6
1,1,10,6,Player_1,Player_98,2,0,2
1,1,11,1,Player_31,Player_57,0,0,0
1,1,11,2,Player_3,Player_99,4,0,4
1,1,11,3,Player_5,Player_79,4,0,4
1,1,11,4,Player_48,Player_96,1,0,1
1,1,11,5,Player_14,Player_51,3,0,3
1,1,11,6,Player_34,Player_87,1,0,1
1,1,12,1,Player_15,Player_76,0,0,0
1,1,12,2,Player_38,Player_82,2,0,2
1,1,12,3,Player_42,Player_66,4,0,4
1,1,12,4,Player_17,Player_59,2,0,2
1,1,12,5,Player_5,Player_83,1,0,1
1,1,12,6,Player_43,Player_92,0,0,0
1,1,13,1,Player_23,Player_65,0,0,0
1,1,13,2,Player_8,Player_53,0,0,0
1,1,13,3,Player_3,Player_81,1,0,1
1,1,13,4,Player_19,Player_70,0,0,0
1,1,13,5,Player_22,Player_70,1,0,1
1,1,13,6,Player_12,Player_75,4,0,4
1,1,14,1,Player_26,Player_94,0,0,0
1,1,14,2,Player_47,Player_71,0,0,0
1,1,14,3,Player_48,Player_66,0,0,0
1,1,14,4,Player_49,Player_84,0,0,0
1,1,14,5,Player_22,Player_63,1,0,1
1,1,14,6,Player_24,Player_51,2,0,2
1,1,15,1,Player_7,Player_52,4,0,4
1,1,15,2,Player_47,Player_94,4,0,4
1,1,15,3,Player_15,Player_74,2,0,2
1,1,15,4,Player_39,Player_66,0,0,0
1,1,15,5,Player_44,Player_74,4,0,4
1,1,15,6,Player_4,Player_59,2,0,2
1,1,16,1,Player_47,Player_85,1,0,1
1,1,16,2,Player_8,Player_89,1,0,1
1,1,16,3,Player_41,Player_86,0,0,0
1,1,16,4,Player_34,Player_94,0,0,0
1,1,16,5,Player_22,Player_70,0,0,0
1,1,16,6,Player_4,Player_79,0,0,0
1,1,17,1,Player_31,Player_73,4,0,4
1,1,17,2,Player_31,Player_89,1,1,2
1,1,17,3,Player_6,Player_51,1,0,1
1,1,17,4,Player_15,Player_55,6,0,6
1,1,17,5,Player_38,Player_51,1,0,1
1,1,17,6,Player_45,Player_93,0,1,1
1,1,18,1,Player_4,Player_68,0,0,0
1,1,18,2,Player_12,Player_96,2,0,2
1,1,18,3,Player_38,Player_86,1,0,1
1,1,18,4,Player_13,Player_92,1,0,1
1,1,18,5,Player_10,Player_54,0,1,1
1,1,18,6,Player_13,Player_89,3,0,3
1,1,19,1,Player_37,Player_58,2,0,2
1,1,19,2,Player_24,Player_87,1,0,1
1,1,19,3,Player_49,Player_54,3,1,4
1,1,19,4,Player_14,Player_60,4,0,4
1,1,19,5,Player_35,Player_50,2,0,2
1,1,19,6,Player_29,Player_57,3,0,3
1,1,20,1,Player_30,Player_84,0,0,0
1,1,20,2,Player_14,Player_75,4,0,4
1,1,20,3,Player_42,Player_74,1,0,1
1,1,20,4,Player_40,Player_63,4,0,4
1,1,20,5,Player_33,Player_72,1,0,1
1,1,20,6,Player_17,Player_82,0,0,0
1,2,1,1,Player_40,Player_89,1,0,1
1,2,1,2,Player_6,Player_52,1,0,1
1,2,1,3,Player_15,Player_96,1,0,1
1,2,1,4,Player_39,Player_76,2,0,2
1,2,1,5,Player_33,Player_86,2,0,2
1,2,1,6,Player_4,Player_71,2,0,2
1,2,2,1,Player_10,Player_82,0,0,0
1,2,2,2,Player_47,Player_85,1,0,1
1,2,2,3,Player_15,Player_78,1,0,1
1,2,2,4,Player_4,Player_61,2,0,2
1,2,2,5,Player_36,Player_85,2,0,2
1,2,2,6,Player_20,Player_60,6,0,6
1,2,3,1,Player_6,Player_57,1,0,1
1,2,3,2,Player_43,Player_61,4,0,4
1,2,3,3,Player_18,Player_74,0,0,0
1,2,3,4,Player_43,Player_61,0,0,0
1,2,3,5,Player_5,Player_86,2,0,2
1,2,3,6,Player_28,Player_80,1,0,1
1,2,4,1,Player_29,Player_63,4,0,4
1,2,4,2,Player_23,Player_50,0,1,1
1,2,4,3,Player_46,Player_85,0,0,0
1,2,4,4,Player_40,Player_64,0,0,0
1,2,4,5,Player_9,Player_59,3,0,3
1,2,4,6,Player_41,Player_84,0,0,0
1,2,5,1,Player_11,Player_87,0,0,0
1,2,5,2,Player_34,Player_76,1,0,1
1,2,5,3,Player_44,Player_73,1,0,1
1,2,5,4,Player_24,Player_82,0,0,0
1,2,5,5,Player_22,Player_75,0,0,0
1,2,5,6,Player_7,Player_66,6,0,6
1,2,6,1,Player_22,Player_77,1,0,1
1,2,6,2,Player_7,Player_50,0,0,0
1,2,6,3,Player_19,Player_81,1,0,1
1,2,6,4,Player_29,Player_79,3,0,3
1,2,6,5,Player_1,Player_63,2,0,2
1,2,6,6,Player_28,Player_98,1,0,1
1,2,7,1,Player_4,Player_50,0,0,0
1,2,7,2,Player_3,Player_81,0,0,0
1,2,7,3,Player_34,Player_82,0,0,0
1,2,7,4,Player_7,Player_78,1,0,1
1,2,7,5,Player_3,Player_73,0,0,0
1,2,7,6,Player_8,Player_96,1,0,1
1,2,8,1,Player_28,Player_96,2,0,2
1,2,8,2,Player_24,Player_63,1,0,1
1,2,8,3,Player_16,Player_53,4,0,4
1,2,8,4,Player_14,Player_80,0,0,0
1,2,8,5,Player_10,Player_56,2,0,2
1,2,8,6,Player_48,Player_68,1,0,1
1,2,9,1,Player_2,Player_50,3,0,3
1,2,9,2,Player_42,Player_51,0,0,0
1,2,9,3,Player_20,Player_54,0,0,0
1,2,9,4,Player_9,Player_83,4,0,4
1,2,9,5,Player_22,Player_93,0,0,0
1,2,9,6,Player_46,Player_72,2,0,2
1,2,10,1,Player_17,Player_63,2,0,2
1,2,10,2,Player_25,Player_88,0,0,0
1,2,10,3,Player_46,Player_53,0,0,0
1,2,10,4,Player_34,Player_72,1,0,1
1,2,10,5,Player_21,Player_91,1,0,1
1,2,10,6,Player_17,Player_86,1,0,1
1,2,11,1,Player_23,Player_91,0,0,0
1,2,11,2,Player_31,Player_55,2,0,2
1,2,11,3,Player_45,Player_56,1,0,1
1,2,11,4,Player_21,Player_77,2,0,2
1,2,11,5,Player_2,Player_92,0,0,0
1,2,11,6,Player_26,Player_78,0,0,0
1,2,12,1,Player_36,Player_98,2,0,2
1,2,12,2,Player_34,Player_96,6,0,6
1,2,12,3,Player_33,Player_85,1,0,1
1,2,12,4,Player_43,Player_66,1,0,1
1,2,12,5,Player_34,Player_58,2,0,2
1,2,12,6,Player_9,Player_89,2,0,2
1,2,13,1,Player_43,Player_89,1,0,1
1,2,13,2,Player_3,Player_99,2,0,2
1,2,13,3,Player_30,Player_87,1,0,1
1,2,13,4,Player_44,Player_98,0,1,1
1,2,13,5,Player_49,Player_96,0,1,1
1,2,13,6,Player_19,Player_57,1,0,1
1,2,14,1,Player_37,Player_65,3,0,3
1,2,14,2,Player_25,Player_61,0,1,1
1,2,14,3,Player_45,Player_75,0,0,0
1,2,14,4,Player_7,Player_66,0,0,0
1,2,14,5,Player_7,Player_63,0,0,0
1,2,14,6,Player_48,Player_57,6,0,6
1,2,15,1,Player_18,Player_80,4,0,4
1,2,15,2,Player_18,Player_91,1,0,1
1,2,15,3,Player_24,Player_84,1,0,1
1,2,15,4,Player_3,Player_86,1,0,1
1,2,15,5,Player_23,Player_93,1,0,1
1,2,15,6,Player_4,Player_78,1,0,1
1,2,16,1,Player_33,Player_65,1,0,1
1,2,16,2,Player_2,Player_84,4,0,4
1,2,16,3,Player_13,Player_62,0,0,0
1,2,16,4,Player_39,Player_95,0,0,0
1,2,16,5,Player_29,Player_93,1,0,1
1,2,16,6,Player_47,Player_59,0,0,0
1,2,17,1,Player_20,Player_54,2,0,2
1,2,17,2,Player_45,Player_63,0,0,0
1,2,17,3,Player_18,Player_86,0,0,0
1,2,17,4,Player_46,Player_64,1,0,1
1,2,17,5,Player_24,Player_53,0,0,0
1,2,17,6,Player_37,Player_92,1,1,2
1,2,18,1,Player_46,Player_73,1,0,1
1,2,18,2,Player_25,Player_56,6,0,6
1,2,18,3,Player_20,Player_78,1,0,1
1,2,18,4,Player_45,Player_95,0,0,0
1,2,18,5,Player_26,Player_90,0,0,0
1,2,18,6,Player_6,Player_54,0,1,1
1,2,19,1,Player_49,Player_58,4,1,5
1,2,19,2,Player_42,Player_84,2,0,2
1,2,19,3,Player_24,Player_52,3,0,3
1,2,19,4,Player_47,Player_74,1,0,1
1,2,19,5,Player_34,Player_60,4,0,4
1,2,19,6,Player_28,Player_78,4,1,5
1,2,20,1,Player_12,Player_91,3,0,3
1,2,20,2,Player_5,Player_60,0,0,0
1,2,20,3,Player_15,Player_87,0,0,0
1,2,20,4,Player_26,Player_67,0,0,0
1,2,20,5,Player_13,Player_77,0,0,0
1,2,20,6,Player_40,Player_94,1,0,1
2,1,1,1,Player_3,Player_89,1,0,1
2,1,1,2,Player_45,Player_82,4,0,4
2,1,1,3,Player_40,Player_77,4,0,4
2,1,1,4,Player_41,Player_62,3,0,3
2,1,1,5,Player_42,Player_85,1,0,1
2,1,1,6,Player_7,Player_54,4,0,4
2,1,2,1,Player_31,Player_72,0,0,0
2,1,2,2,Player_30,Player_88,0,0,0
2,1,2,3,Player_14,Player_62,1,0,1
2,1,2,4,Player_32,Player_62,1,1,2
2,1,2,5,Player_17,Player_89,0,0,0
2,1,2,6,Player_24,Player_94,2,0,2
2,1,3,1,Player_30,Player_56,1,1,2
2,1,3,2,Player_28,Player_64,4,0,4
2,1,3,3,Player_4,Player_69,1,0,1
2,1,3,4,Player_27,Player_66,2,0,2
2,1,3,5,Player_1,Player_71,1,0,1
2,1,3,6,Player_14,Player_96,6,0,6
2,1,4,1,Player_35,Player_61,0,0,0
2,1,4,2,Player_6,Player_96,1,0,1
2,1,4,3,Player_23,Player_75,0,0,0
2,1,4,4,Player_4,Player_66,0,0,0
2,1,4,5,Player_15,Player_78,1,0,1
2,1,4,6,Player_2,Player_96,1,0,1
2,1,5,1,Player_27,Player_52,6,0,6
2,1,5,2,Player_28,Player_78,4,0,4
2,1,5,3,Player_20,Player_55,2,0,2
2,1,5,4,Player_1,Player_87,0,0,0
2,1,5,5,Player_49,Player_74,2,0,2
2,1,5,6,Player_44,Player_65,1,0,1
2,1,6,1,Player_25,Player_66,0,0,0
2,1,6,2,Player_27,Player_95,1,0,1
2,1,6,3,Player_29,Player_93,0,0,0
2,1,6,4,Player_3,Player_69,2,0,2
2,1,6,5,Player_14,Player_56,0,0,0
2,1,6,6,Player_36,Player_58,0,0,0
2,1,7,1,Player_22,Player_51,2,0,2
2,1,7,2,Player_13,Player_66,0,0,0
2,1,7,3,Player_18,Player_95,6,0,6
2,1,7,4,Player_11,Player_94,2,1,3
2,1,7,5,Player_41,Player_57,2,0,2
2,1,7,6,Player_41,Player_66,0,0,0
2,1,8,1,Player_15,Player_65,1,0,1
2,1,8,2,Player_33,Player_59,2,0,2
2,1,8,3,Player_33,Player_51,1,0,1
2,1,8,4,Player_30,Player_82,3,0,3
2,1,8,5,Player_39,Player_51,6,0,6
2,1,8,6,Player_15,Player_83,0,0,0
2,1,9,1,Player_40,Player_60,0,0,0
2,1,9,2,Player_9,Player_55,1,0,1
2,1,9,3,Player_41,Player_99,4,0,4
2,1,9,4,Player_28,Player_69,0,0,0
2,1,9,5,Player_7,Player_60,4,0,4
2,1,9,6,Player_22,Player_75,1,0,1
2,1,10,1,Player_42,Player_63,0,0,0
2,1,10,2,Player_23,Player_61,0,0,0
2,1,10,3,Player_19,Player_95,0,0,0
2,1,10,4,Player_32,Player_93,1,0,1
2,1,10,5,Player_22,Player_86,6,1,7
2,1,10,6,Player_3,Player_77,0,0,0
2,1,11,1,Player_29,Player_64,0,0,0
2,1,11,2,Player_30,Player_70,2,0,2
2,1,11,3,Player_20,Player_86,0,0,0
2,1,11,4,Player_20,Player_73,1,0,1
2,1,11,5,Player_41,Player_85,0,0,0
2,1,11,6,Player_36,Player_51,1,0,1
2,1,12,1,Player_39,Player_91,6,0,6
2,1,12,2,Player_12,Player_52,1,0,1
2,1,12,3,Player_15,Player_82,0,0,0
2,1,12,4,Player_48,Player_79,0,0,0
2,1,12,5,Player_14,Player_51,0,0,0
2,1,12,6,Player_45,Player_90,0,0,0
2,1,13,1,Player_47,Player_63,1,0,1
2,1,13,2,Player_2,Player_88,0,0,0
2,1,13,3,Player_28,Player_51,4,0,4
2,1,13,4,Player_1,Player_89,1,0,1
2,1,13,5,Player_23,Player_96,0,0,0
2,1,13,6,Player_14,Player_65,1,0,1
2,1,14,1,Player_30,Player_90,1,0,1
2,1,14,2,Player_43,Player_61,2,0,2
2,1,14,3,Player_20,Player_77,0,0,0
2,1,14,4,Player_37,Player_61,1,0,1
2,1,14,5,Player_44,Player_77,4,0,4
2,1,14,6,Player_20,Player_99,6,0,6
2,1,15,1,Player_37,Player_69,0,0,0
2,1,15,2,Player_35,Player_55,0,0,0
2,1,15,3,Player_33,Player_98,1,0,1
2,1,15,4,Player_20,Player_99,6,0,6
2,1,15,5,Player_34,Player_74,1,0,1
2,1,15,6,Player_31,Player_96,1,0,1
2,1,16,1,Player_38,Player_69,0,0,0
2,1,16,2,Player_16,Player_99,0,0,0
2,1,16,3,Player_21,Player_50,2,0,2
2,1,16,4,Player_38,Player_54,6,0,6
2,1,16,5,Player_1,Player_75,0,0,0
2,1,16,6,Player_18,Player_66,3,0,3
2,1,17,1,Player_49,Player_61,0,0,0
2,1,17,2,Player_4,Player_82,1,0,1
2,1,17,3,Player_14,Player_97,1,0,1
2,1,17,4,Player_28,Player_51,6,0,6
2,1,17,5,Player_9,Player_82,1,0,1
2,1,17,6,Player_9,Player_62,0,0,0
2,1,18,1,Player_34,Player_87,0,0,0
2,1,18,2,Player_6,Player_83,2,0,2
2,1,18,3,Player_19,Player_94,3,0,3
2,1,18,4,Player_7,Player_74,0,0,0
2,1,18,5,Player_7,Player_64,1,0,1
2,1,18,6,Player_25,Player_82,0,0,0
2,1,19,1,Player_44,Player_87,0,0,0
2,1,19,2,Player_46,Player_63,1,0,1
2,1,19,3,Player_3,Player_70,4,0,4
2,1,19,4,Player_6,Player_77,0,0,0
2,1,19,5,Player_12,Player_54,0,0,0
2,1,19,6,Player_44,Player_85,1,0,1
2,1,20,1,Player_6,Player_95,2,1,3
2,1,20,2,Player_45,Player_70,0,0,0
2,1,20,3,Player_47,Player_64,0,0,0
2,1,20,4,Player_15,Player_53,4,0,4
2,1,20,5,Player_34,Player_63,1,0,1
2,1,20,6,Player_46,Player_76,4,0,4
2,2,1,1,Player_8,Player_65,0,0,0
2,2,1,2,Player_2,Player_98,6,0,6
2,2,1,3,Player_30,Player_60,0,0,0
2,2,1,4,Player_39,Player_62,0,0,0
2,2,1,5,Player_49,Player_91,0,0,0
2,2,1,6,Player_20,Player_53,0,0,0
2,2,2,1,Player_44,Player_94,1,1,2
2,2,2,2,Player_22,Player_70,4,0,4
2,2,2,3,Player_9,Player_64,1,0,1
2,2,2,4,Player_42,Player_57,2,0,2
2,2,2,5,Player_27,Player_86,0,0,0
2,2,2,6,Player_36,Player_88,1,0,1
2,2,3,1,Player_36,Player_59,1,0,1
2,2,3,2,Player_47,Player_98,2,0,2
2,2,3,3,Player_21,Player_66,0,0,0
2,2,3,4,Player_35,Player_77,0,0,0
2,2,3,5,Player_9,Player_63,1,0,1
2,2,3,6,Player_25,Player_51,0,0,0
2,2,4,1,Player_18,Player_52,1,0,1
2,2,4,2,Player_41,Player_98,0,0,0
2,2,4,3,Player_46,Player_68,1,0,1
2,2,4,4,Player_32,Player_88,2,0,2
2,2,4,5,Player_37,Player_82,1,0,1
2,2,4,6,Player_33,Player_55,0,0,0
2,2,5,1,Player_49,Player_51,1,0,1
2,2,5,2,Player_32,Player_70,0,0,0
2,2,5,3,Player_3,Player_93,0,0,0
2,2,5,4,Player_6,Player_51,6,0,6
2,2,5,5,Player_17,Player_84,2,0,2
2,2,5,6,Player_8,Player_71,1,1,2
2,2,6,1,Player_13,Player_78,1,0,1
2,2,6,2,Player_16,Player_91,0,0,0
2,2,6,3,Player_16,Player_61,0,0,0
2,2,6,4,Player_20,Player_52,4,0,4
2,2,6,5,Player_28,Player_89,0,0,0
2,2,6,6,Player_44,Player_50,3,0,3
2,2,7,1,Player_6,Player_71,0,0,0
2,2,7,2,Player_33,Player_65,1,0,1
2,2,7,3,Player_14,Player_85,0,0,0
2,2,7,4,Player_2,Player_90,0,0,0
2,2,7,5,Player_9,Player_50,0,0,0
2,2,7,6,Player_23,Player_75,1,0,1
2,2,8,1,Player_35,Player_71,1,1,2
2,2,8,2,Player_37,Player_91,1,0,1
2,2,8,3,Player_38,Player_67,1,0,1
2,2,8,4,Player_42,Player_79,2,0,2
2,2,8,5,Player_7,Player_63,0,0,0
2,2,8,6,Player_2,Player_76,1,0,1
2,2,9,1,Player_20,Player_67,1,0,1
2,2,9,2,Player_25,Player_82,4,0,4
2,2,9,3,Player_46,Player_65,2,0,2
2,2,9,4,Player_3,Player_84,0,0,0
2,2,9,5,Player_34,Player_57,1,0,1
2,2,9,6,Player_15,Player_53,0,0,0
2,2,10,1,Player_32,Player_77,0,0,0
2,2,10,2,Player_18,Player_78,0,0,0
2,2,10,3,Player_29,Player_92,1,0,1
2,2,10,4,Player_19,Player_80,0,0,0
2,2,10,5,Player_10,Player_74,0,1,1
2,2,10,6,Player_31,Player_64,6,0,6
2,2,11,1,Player_35,Player_70,0,0,0
2,2,11,2,Player_7,Player_65,1,0,1
2,2,11,3,Player_4,Player_88,0,0,0
2,2,11,4,Player_29,Player_85,1,0,1
2,2,11,5,Player_37,Player_84,0,0,0
2,2,11,6,Player_14,Player_56,2,0,2
2,2,12,1,Player_2,Player_76,1,0,1
2,2,12,2,Player_21,Player_59,1,0,1
2,2,12,3,Player_5,Player_50,0,0,0
2,2,12,4,Player_45,Player_70,0,0,0
2,2,12,5,Player_32,Player_85,0,0,0
2,2,12,6,Player_11,Player_70,3,0,3
2,2,13,1,Player_26,Player_53,4,0,4
2,2,13,2,Player_18,Player_89,3,0,3
2,2,13,3,Player_29,Player_87,0,1,1
2,2,13,4,Player_49,Player_90,0,0,0
2,2,13,5,Player_41,Player_50,3,0,3
2,2,13,6,Player_33,Player_59,4,0,4
2,2,14,1,Player_40,Player_70,3,0,3
2,2,14,2,Player_8,Player_71,1,0,1
2,2,14,3,Player_23,Player_73,4,0,4
2,2,14,4,Player_44,Player_50,1,0,1
2,2,14,5,Player_8,Player_72,2,0,2
2,2,14,6,Player_24,Player_84,0,1,1
2,2,15,1,Player_21,Player_89,0,0,0
2,2,15,2,Player_11,Player_64,4,0,4
2,2,15,3,Player_43,Player_54,1,0,1
2,2,15,4,Player_8,Player_59,0,0,0
2,2,15,5,Player_28,Player_66,0,0,0
2,2,15,6,Player_25,Player_58,0,0,0
2,2,16,1,Player_49,Player_85,1,0,1
2,2,16,2,Player_41,Player_74,1,0,1
2,2,16,3,Player_10,Player_70,0,0,0
2,2,16,4,Player_2,Player_62,1,0,1
2,2,16,5,Player_32,Player_81,1,0,1
2,2,16,6,Player_15,Player_66,4,0,4
2,2,17,1,Player_25,Player_89,1,0,1
2,2,17,2,Player_25,Player_99,4,0,4
2,2,17,3,Player_21,Player_93,0,0,0
2,2,17,4,Player_21,Player_84,1,0,1
2,2,17,5,Player_39,Player_98,0,0,0
2,2,17,6,Player_21,Player_62,0,1,1
2,2,18,1,Player_46,Player_89,1,0,1
2,2,18,2,Player_32,Player_60,0,0,0
2,2,18,3,Player_25,Player_71,1,0,1
2,2,18,4,Player_2,Player_78,1,0,1
2,2,18,5,Player_31,Player_64,1,0,1
2,2,18,6,Player_13,Player_71,1,0,1
2,2,19,1,Player_3,Player_68,0,0,0
2,2,19,2,Player_44,Player_96,4,0,4
2,2,19,3,Player_8,Player_91,1,0,1
2,2,19,4,Player_44,Player_54,4,0,4
2,2,19,5,Player_35,Player_81,4,0,4
2,2,19,6,Player_25,Player_59,2,0,2
2,2,20,1,Player_27,Player_76,1,0,1
2,2,20,2,Player_9,Player_85,0,0,0
2,2,20,3,Player_12,Player_66,0,0,0
2,2,20,4,Player_20,Player_60,2,0,2
2,2,20,5,Player_6,Player_68,6,0,6
2,2,20,6,Player_4,Player_69,2,0,2
3,1,1,1,Player_26,Player_86,1,0,1
3,1,1,2,Player_39,Player_70,0,0,0
3,1,1,3,Player_45,Player_69,1,0,1
3,1,1,4,Player_29,Player_63,2,0,2
3,1,1,5,Player_4,Player_73,1,0,1
3,1,1,6,Player_31,Player_68,1,0,1
3,1,2,1,Player_22,Player_73,0,0,0
3,1,2,2,Player_38,Player_80,3,0,3
3,1,2,3,Player_45,Player_85,0,0,0
3,1,2,4,Player_33,Player_67,0,0,0
3,1,2,5,Player_28,Player_96,6,0,6
3,1,2,6,Player_45,Player_82,1,0,1
3,1,3,1,Player_48,Player_96,0,0,0
3,1,3,2,Player_14,Player_60,2,1,3
3,1,3,3,Player_5,Player_59,0,0,0
3,1,3,4,Player_49,Player_79,3,0,3
3,1,3,5,Player_17,Player_94,2,0,2
3,1,3,6,Player_35,Player_95,0,0,0
3,1,4,1,Player_37,Player_69,3,0,3
3,1,4,2,Player_5,Player_85,0,0,0
3,1,4,3,Player_39,Player_88,1,0,1
3,1,4,4,Player_36,Player_55,0,0,0
3,1,4,5,Player_44,Player_80,4,0,4
3,1,4,6,Player_21,Player_79,0,0,0
3,1,5,1,Player_22,Player_77,0,0,0
3,1,5,2,Player_14,Player_59,0,0,0
3,1,5,3,Player_42,Player_74,2,0,2
3,1,5,4,Player_45,Player_85,0,0,0
3,1,5,5,Player_43,Player_70,1,0,1
3,1,5,6,Player_7,Player_55,4,0,4
3,1,6,1,Player_11,Player_69,0,0,0
3,1,6,2,Player_21,Player_91,3,0,3
3,1,6,3,Player_14,Player_86,6,0,6
3,1,6,4,Player_3,Player_72,0,0,0
3,1,6,5,Player_19,Player_74,4,1,5
3,1,6,6,Player_41,Player_82,0,0,0
3,1,7,1,Player_42,Player_56,1,0,1
3,1,7,2,Player_24,Player_83,1,0,1
3,1,7,3,Player_39,Player_71,1,0,1
3,1,7,4,Player_46,Player_55,3,0,3
3,1,7,5,Player_5,Player_51,1,0,1
3,1,7,6,Player_10,Player_83,4,0,4
3,1,8,1,Player_39,Player_71,0,0,0
3,1,8,2,Player_38,Player_59,6,0,6
3,1,8,3,Player_49,Player_81,0,0,0
3,1,8,4,Player_4,Player_95,2,0,2
3,1,8,5,Player_40,Player_70,1,0,1
3,1,8,6,Player_14,Player_76,4,0,4
3,1,9,1,Player_28,Player_75,1,0,1
3,1,9,2,Player_3,Player_57,0,0,0
3,1,9,3,Player_35,Player_55,0,0,0
3,1,9,4,Player_43,Player_68,1,0,1
3,1,9,5,Player_12,Player_59,0,0,0
3,1,9,6,Player_41,Player_85,0,0,0
3,1,10,1,Player_9,Player_96,0,0,0
3,1,10,2,Player_18,Player_91,1,0,1
3,1,10,3,Player_2,Player_56,1,0,1
3,1,10,4,Player_27,Player_99,0,0,0
3,1,10,5,Player_28,Player_50,0,0,0
3,1,10,6,Player_32,Player_97,0,0,0
3,1,11,1,Player_6,Player_95,0,0,0
3,1,11,2,Player_12,Player_60,1,1,2
3,1,11,3,Player_45,Player_70,2,0,2
3,1,11,4,Player_28,Player_87,6,0,6
3,1,11,5,Player_27,Player_54,1,0,1
3,1,11,6,Player_25,Player_69,4,0,4
3,1,12,1,Player_5,Player_84,0,0,0
3,1,12,2,Player_38,Player_99,0,0,0
3,1,12,3,Player_11,Player_51,3,0,3
3,1,12,4,Player_21,Player_73,1,0,1
3,1,12,5,Player_28,Player_79,0,0,0
3,1,12,6,Player_26,Player_82,0,0,0
3,1,13,1,Player_41,Player_96,0,0,0
3,1,13,2,Player_23,Player_97,1,0,1
3,1,13,3,Player_44,Player_60,3,0,3
3,1,13,4,Player_33,Player_69,2,0,2
3,1,13,5,Player_35,Player_89,0,0,0
3,1,13,6,Player_6,Player_58,1,1,2
3,1,14,1,Player_23,Player_52,1,0,1
3,1,14,2,Player_38,Player_64,0,0,0
3,1,14,3,Player_46,Player_63,4,0,4
3,1,14,4,Player_9,Player_84,0,0,0
3,1,14,5,Player_33,Player_55,1,0,1
3,1,14,6,Player_27,Player_83,1,0,1
3,1,15,1,Player_36,Player_57,0,0,0
3,1,15,2,Player_14,Player_69,0,0,0
3,1,15,3,Player_14,Player_75,6,0,6
3,1,15,4,Player_19,Player_95,4,0,4
3,1,15,5,Player_9,Player_77,0,1,1
3,1,15,6,Player_9,Player_68,4,0,4
3,1,16,1,Player_38,Player_85,0,0,0
3,1,16,2,Player_33,Player_74,3,0,3
3,1,16,3,Player_41,Player_63,2,0,2
3,1,16,4,Player_4,Player_77,4,0,4
3,1,16,5,Player_46,Player_71,4,0,4
3,1,16,6,Player_16,Player_78,3,0,3
3,1,17,1,Player_12,Player_84,0,0,0
3,1,17,2,Player_21,Player_70,0,0,0
3,1,17,3,Player_3,Player_93,0,0,0
3,1,17,4,Player_9,Player_53,4,0,4
3,1,17,5,Player_32,Player_50,0,0,0
3,1,17,6,Player_40,Player_61,4,0,4
3,1,18,1,Player_15,Player_90,0,0,0
3,1,18,2,Player_22,Player_89,4,0,4
3,1,18,3,Player_29,Player_53,1,0,1
3,1,18,4,Player_4,Player_71,2,1,3
3,1,18,5,Player_44,Player_51,0,0,0
3,1,18,6,Player_41,Player_50,0,0,0
3,1,19,1,Player_22,Player_74,0,0,0
3,1,19,2,Player_6,Player_75,4,0,4
3,1,19,3,Player_42,Player_50,1,0,1
3,1,19,4,Player_35,Player_89,1,0,1
3,1,19,5,Player_20,Player_98,1,0,1
3,1,19,6,Player_46,Player_98,0,0,0
3,1,20,1,Player_33,Player_75,1,0,1
3,1,20,2,Player_42,Player_92,0,0,0
3,1,20,3,Player_24,Player_86,0,0,0
3,1,20,4,Player_21,Player_88,1,0,1
3,1,20,5,Player_11,Player_95,6,0,6
3,1,20,6,Player_46,Player_94,0,0,0
3,2,1,1,Player_12,Player_57,4,0,4
3,2,1,2,Player_12,Player_97,0,0,0
3,2,1,3,Player_28,Player_54,0,0,0
3,2,1,4,Player_23,Player_79,0,0,0
3,2,1,5,Player_47,Player_69,1,0,1
3,2,1,6,Player_30,Player_82,1,0,1
3,2,2,1,Player_19,Player_96,1,0,1
3,2,2,2,Player_33,Player_61,0,0,0
3,2,2,3,Player_39,Player_51,1,0,1
3,2,2,4,Player_2,Player_60,1,0,1
3,2,2,5,Player_9,Player_88,4,0,4
3,2,2,6,Player_27,Player_51,1,0,1
3,2,3,1,Player_30,Player_89,3,0,3
3,2,3,2,Player_12,Player_84,1,0,1
3,2,3,3,Player_15,Player_75,4,0,4
3,2,3,4,Player_31,Player_74,2,0,2
3,2,3,5,Player_28,Player_70,1,0,1
3,2,3,6,Player_35,Player_94,0,0,0
3,2,4,1,Player_30,Player_93,2,0,2
3,2,4,2,Player_28,Player_93,4,0,4
3,2,4,3,Player_40,Player_60,1,0,1
3,2,4,4,Player_36,Player_82,1,0,1
3,2,4,5,Player_28,Player_86,1,0,1
3,2,4,6,Player_1,Player_50,4,0,4
3,2,5,1,Player_10,Player_67,1,0,1
3,2,5,2,Player_31,Player_76,1,0,1
3,2,5,3,Player_38,Player_54,1,0,1
3,2,5,4,Player_12,Player_87,1,0,1
3,2,5,5,Player_45,Player_99,1,0,1
3,2,5,6,Player_3,Player_60,0,0,0
3,2,6,1,Player_46,Player_92,0,0,0
3,2,6,2,Player_6,Player_64,1,0,1
3,2,6,3,Player_37,Player_91,0,0,0
3,2,6,4,Player_6,Player_53,6,0,6
3,2,6,5,Player_29,Player_62,1,0,1
3,2,6,6,Player_17,Player_94,6,0,6
3,2,7,1,Player_5,Player_86,1,0,1
3,2,7,2,Player_45,Player_71,0,0,0
3,2,7,3,Player_3,Player_91,3,0,3
3,2,7,4,Player_49,Player_70,0,0,0
3,2,7,5,Player_44,Player_60,1,0,1
3,2,7,6,Player_28,Player_73,6,0,6
3,2,8,1,Player_34,Player_60,0,0,0
3,2,8,2,Player_35,Player_67,1,0,1
3,2,8,3,Player_19,Player_86,2,0,2
3,2,8,4,Player_5,Player_66,2,0,2
3,2,8,5,Player_27,Player_83,2,0,2
3,2,8,6,Player_12,Player_70,2,0,2
3,2,9,1,Player_5,Player_66,1,0,1
3,2,9,2,Player_12,Player_55,0,0,0
3,2,9,3,Player_48,Player_93,1,0,1
3,2,9,4,Player_36,Player_87,1,0,1
3,2,9,5,Player_23,Player_64,1,0,1
3,2,9,6,Player_17,Player_63,1,0,1
3,2,10,1,Player_47,Player_96,1,1,2
3,2,10,2,Player_48,Player_58,0,0,0
3,2,10,3,Player_17,Player_98,0,0,0
3,2,10,4,Player_38,Player_52,1,0,1
3,2,10,5,Player_46,Player_80,2,0,2
3,2,10,6,Player_22,Player_78,0,0,0
3,2,11,1,Player_10,Player_91,1,0,1
3,2,11,2,Player_12,Player_51,0,0,0
3,2,11,3,Player_30,Player_79,0,1,1
3,2,11,4,Player_8,Player_75,3,0,3
3,2,11,5,Player_7,Player_52,2,0,2
3,2,11,6,Player_1,Player_64,0,0,0
3,2,12,1,Player_5,Player_58,2,0,2
3,2,12,2,Player_2,Player_89,0,0,0
3,2,12,3,Player_14,Player_53,1,0,1
3,2,12,4,Player_35,Player_57,0,0,0
3,2,12,5,Player_45,Player_81,0,1,1
3,2,12,6,Player_38,Player_65,1,0,1
3,2,13,1,Player_34,Player_91,0,0,0
3,2,13,2,Player_2,Player_51,2,0,2
3,2,13,3,Player_31,Player_83,0,0,0
3,2,13,4,Player_14,Player_76,0,0,0
3,2,13,5,Player_39,Player_50,1,0,1
3,2,13,6,Player_13,Player_70,0,0,0
3,2,14,1,Player_25,Player_71,0,0,0
3,2,14,2,Player_32,Player_59,1,0,1
3,2,14,3,Player_20,Player_81,1,0,1
3,2,14,4,Player_46,Player_73,0,0,0
3,2,14,5,Player_4,Player_62,4,0,4
3,2,14,6,Player_12,Player_80,0,0,0
3,2,15,1,Player_34,Player_60,0,0,0
3,2,15,2,Player_31,Player_98,1,0,1
3,2,15,3,Player_32,Player_71,2,0,2
3,2,15,4,Player_8,Player_90,0,0,0
3,2,15,5,Player_29,Player_77,0,0,0
3,2,15,6,Player_19,Player_58,3,0,3
3,2,16,1,Player_36,Player_67,4,0,4
3,2,16,2,Player_49,Player_55,0,1,1
3,2,16,3,Player_37,Player_66,1,0,1
3,2,16,4,Player_33,Player_76,3,0,3
3,2,16,5,Player_47,Player_72,0,0,0
3,2,16,6,Player_37,Player_82,0,0,0
3,2,17,1,Player_4,Player_96,4,0,4
3,2,17,2,Player_20,Player_68,1,1,2
3,2,17,3,Player_17,Player_86,1,0,1
3,2,17,4,Player_41,Player_84,1,0,1
3,2,17,5,Player_14,Player_84,0,0,0
3,2,17,6,Player_41,Player_62,1,0,1
3,2,18,1,Player_31,Player_51,0,0,0
3,2,18,2,Player_11,Player_71,0,0,0
3,2,18,3,Player_45,Player_94,0,0,0
3,2,18,4,Player_7,Player_85,2,0,2
3,2,18,5,Player_44,Player_93,0,0,0
3,2,18,6,Player_1,Player_85,0,0,0
3,2,19,1,Player_13,Player_98,0,0,0
3,2,19,2,Player_44,Player_96,3,0,3
3,2,19,3,Player_37,Player_87,0,0,0
3,2,19,4,Player_36,Player_63,1,0,1
3,2,19,5,Player_47,Player_87,1,0,1
3,2,19,6,Player_24,Player_78,1,1,2
3,2,20,1,Player_26,Player_87,2,0,2
3,2,20,2,Player_16,Player_96,0,0,0
3,2,20,3,Player_12,Player_76,1,0,1
3,2,20,4,Player_47,Player_79,0,0,0
3,2,20,5,Player_7,Player_81,0,0,0
3,2,20,6,Player_7,Player_61,0,0,0
4,1,1,1,Player_36,Player_62,6,0,6
4,1,1,2,Player_9,Player_81,4,0,4
4,1,1,3,Player_25,Player_57,0,0,0
4,1,1,4,Player_40,Player_52,2,0,2
4,1,1,5,Player_34,Player_77,1,0,1
4,1,1,6,Player_44,Player_75,1,1,2
4,1,2,1,Player_5,Player_81,1,0,1
4,1,2,2,Player_32,Player_77,2,0,2
4,1,2,3,Player_26,Player_93,1,0,1
4,1,2,4,Player_25,Player_59,0,0,0
4,1,2,5,Player_13,Player_57,1,0,1
4,1,2,6,Player_28,Player_60,0,0,0
4,1,3,1,Player_38,Player_73,2,0,2
4,1,3,2,Player_31,Player_90,1,0,1
4,1,3,3,Player_5,Player_69,1,0,1
4,1,3,4,Player_33,Player_99,0,0,0
4,1,3,5,Player_32,Player_70,6,0,6
4,1,3,6,Player_22,Player_67,1,0,1
4,1,4,1,Player_31,Player_79,1,0,1
4,1,4,2,Player_8,Player_93,4,0,4
4,1,4,3,Player_17,Player_97,6,0,6
4,1,4,4,Player_31,Player_77,1,0,1
4,1,4,5,Player_4,Player_84,1,0,1
4,1,4,6,Player_26,Player_61,0,0,0
4,1,5,1,Player_19,Player_72,0,0,0
4,1,5,2,Player_26,Player_55,0,0,0
4,1,5,3,Player_34,Player_66,6,0,6
4,1,5,4,Player_2,Player_83,2,0,2
4,1,5,5,Player_8,Player_79,2,0,2
4,1,5,6,Player_1,Player_92,1,0,1
4,1,6,1,Player_24,Player_99,2,0,2
4,1,6,2,Player_9,Player_86,0,0,0
4,1,6,3,Player_28,Player_91,3,0,3
4,1,6,4,Player_42,Player_89,3,0,3
4,1,6,5,Player_27,Player_71,1,0,1
4,1,6,6,Player_3,Player_93,1,0,1
4,1,7,1,Player_9,Player_76,6,0,6
4,1,7,2,Player_25,Player_78,1,0,1
4,1,7,3,Player_20,Player_79,4,1,5
4,1,7,4,Player_27,Player_75,0,0,0
4,1,7,5,Player_29,Player_69,1,0,1
4,1,7,6,Player_1,Player_99,4,0,4
4,1,8,1,Player_20,Player_72,1,0,1
4,1,8,2,Player_41,Player_54,0,0,0
4,1,8,3,Player_34,Player_94,0,0,0
4,1,8,4,Player_11,Player_70,1,0,1
4,1,8,5,Player_19,Player_94,0,0,0
4,1,8,6,Player_7,Player_75,4,0,4
4,1,9,1,Player_4,Player_72,1,0,1
4,1,9,2,Player_45,Player_78,0,0,0
4,1,9,3,Player_48,Player_88,0,0,0
4,1,9,4,Player_27,Player_53,0,0,0
4,1,9,5,Player_1,Player_52,0,0,0
4,1,9,6,Player_36,Player_83,2,0,2
4,1,10,1,Player_4,Player_52,1,0,1
4,1,10,2,Player_23,Player_94,0,0,0
4,1,10,3,Player_41,Player_55,0,1,1
4,1,10,4,Player_7,Player_88,0,0,0
4,1,10,5,Player_3,Player_71,2,1,3
4,1,10,6,Player_38,Player_85,2,0,2
4,1,11,1,Player_23,Player_99,4,0,4
4,1,11,2,Player_48,Player_76,0,0,0
4,1,11,3,Player_48,Player_96,3,1,4
4,1,11,4,Player_22,Player_70,1,0,1
4,1,11,5,Player_16,Player_80,2,0,2
4,1,11,6,Player_34,Player_58,0,0,0
4,1,12,1,Player_22,Player_66,1,0,1
4,1,12,2,Player_25,Player_70,1,0,1
4,1,12,3,Player_25,Player_85,6,0,6
4,1,12,4,Player_2,Player_89,0,0,0
4,1,12,5,Player_6,Player_50,0,0,0
4,1,12,6,Player_17,Player_83,3,0,3
4,1,13,1,Player_13,Player_55,0,1,1
4,1,13,2,Player_3,Player_66,2,0,2
4,1,13,3,Player_47,Player_94,4,0,4
4,1,13,4,Player_3,Player_75,0,0,0
4,1,13,5,Player_4,Player_67,0,0,0
4,1,13,6,Player_35,Player_89,2,0,2
4,1,14,1,Player_34,Player_53,1,0,1
4,1,14,2,Player_6,Player_82,6,0,6
4,1,14,3,Player_1,Player_54,2,0,2
4,1,14,4,Player_13,Player_97,3,0,3
4,1,14,5,Player_12,Player_65,0,0,0
4,1,14,6,Player_20,Player_80,0,0,0
4,1,15,1,Player_22,Player_86,0,0,0
4,1,15,2,Player_3,Player_99,3,0,3
4,1,15,3,Player_18,Player_65,0,0,0
4,1,15,4,Player_12,Player_60,0,0,0
4,1,15,5,Player_6,Player_82,1,0,1
4,1,15,6,Player_5,Player_82,0,0,0
4,1,16,1,Player_19,Player_71,0,0,0
4,1,16,2,Player_47,Player_88,4,0,4
4,1,16,3,Player_7,Player_64,0,0,0
4,1,16,4,Player_29,Player_69,0,0,0
4,1,16,5,Player_10,Player_90,6,0,6
4,1,16,6,Player_29,Player_59,0,1,1
4,1,17,1,Player_5,Player_77,1,0,1
4,1,17,2,Player_26,Player_69,1,0,1
4,1,17,3,Player_12,Player_56,0,0,0
4,1,17,4,Player_25,Player_84,0,0,0
4,1,17,5,Player_10,Player_87,6,0,6
4,1,17,6,Player_39,Player_76,0,1,1
4,1,18,1,Player_27,Player_90,0,0,0
4,1,18,2,Player_20,Player_84,1,0,1
4,1,18,3,Player_34,Player_71,6,0,6
4,1,18,4,Player_10,Player_58,2,0,2
4,1,18,5,Player_41,Player_85,0,0,0
4,1,18,6,Player_4,Player_50,0,0,0
4,1,19,1,Player_15,Player_71,4,0,4
4,1,19,2,Player_22,Player_85,2,0,2
4,1,19,3,Player_28,Player_50,0,0,0
4,1,19,4,Player_49,Player_58,1,1,2
4,1,19,5,Player_36,Player_58,3,0,3
4,1,19,6,Player_32,Player_55,6,0,6
4,1,20,1,Player_27,Player_99,0,0,0
4,1,20,2,Player_25,Player_77,4,0,4
4,1,20,3,Player_9,Player_76,0,0,0
4,1,20,4,Player_17,Player_92,1,0,1
4,1,20,5,Player_20,Player_94,0,0,0
4,1,20,6,Player_23,Player_96,2,0,2
4,2,1,1,Player_33,Player_95,0,0,0
4,2,1,2,Player_40,Player_60,1,0,1
4,2,1,3,Player_33,Player_60,1,0,1
4,2,1,4,Player_10,Player_67,3,0,3
4,2,1,5,Player_13,Player_95,0,0,0
4,2,1,6,Player_27,Player_95,0,0,0
4,2,2,1,Player_17,Player_58,0,0,0
4,2,2,2,Player_39,Player_98,4,0,4
4,2,2,3,Player_37,Player_58,0,0,0
4,2,2,4,Player_2,Player_92,1,0,1
4,2,2,5,Player_40,Player_85,1,0,1
4,2,2,6,Player_15,Player_77,1,0,1
4,2,3,1,Player_11,Player_62,0,0,0
4,2,3,2,Player_43,Player_73,4,0,4
4,2,3,3,Player_3,Player_63,0,0,0
4,2,3,4,Player_38,Player_87,0,0,0
4,2,3,5,Player_49,Player_59,4,0,4
4,2,3,6,Player_3,Player_94,3,0,3
4,2,4,1,Player_4,Player_54,0,0,0
4,2,4,2,Player_27,Player_91,1,0,1
4,2,4,3,Player_24,Player_74,3,0,3
4,2,4,4,Player_32,Player_54,0,0,0
4,2,4,5,Player_42,Player_88,0,0,0
4,2,4,6,Player_9,Player_55,1,0,1
4,2,5,1,Player_22,Player_90,4,0,4
4,2,5,2,Player_17,Player_61,4,0,4
4,2,5,3,Player_22,Player_58,0,0,0
4,2,5,4,Player_13,Player_81,1,0,1
4,2,5,5,Player_23,Player_94,0,0,0
4,2,5,6,Player_2,Player_86,2,0,2
4,2,6,1,Player_22,Player_82,0,0,0
4,2,6,2,Player_32,Player_91,4,0,4
4,2,6,3,Player_47,Player_85,0,0,0
4,2,6,4,Player_11,Player_63,0,0,0
4,2,6,5,Player_19,Player_64,2,0,2
4,2,6,6,Player_43,Player_58,1,0,1
4,2,7,1,Player_19,Player_52,1,0,1
4,2,7,2,Player_1,Player_78,1,0,1
4,2,7,3,Player_1,Player_83,0,0,0
4,2,7,4,Player_48,Player_98,1,0,1
4,2,7,5,Player_39,Player_73,1,0,1
4,2,7,6,Player_5,Player_75,4,0,4
4,2,8,1,Player_49,Player_88,1,0,1
4,2,8,2,Player_17,Player_92,0,0,0
4,2,8,3,Player_15,Player_78,1,0,1
4,2,8,4,Player_16,Player_74,2,0,2
4,2,8,5,Player_1,Player_78,3,0,3
4,2,8,6,Player_44,Player_90,1,0,1
4,2,9,1,Player_19,Player_51,1,0,1
4,2,9,2,Player_11,Player_95,0,0,0
4,2,9,3,Player_48,Player_51,0,0,0
4,2,9,4,Player_12,Player_96,1,1,2
4,2,9,5,Player_28,Player_98,0,0,0
4,2,9,6,Player_45,Player_64,0,0,0
4,2,10,1,Player_42,Player_78,1,0,1
4,2,10,2,Player_14,Player_89,0,0,0
4,2,10,3,Player_11,Player_80,2,0,2
4,2,10,4,Player_43,Player_51,1,0,1
4,2,10,5,Player_28,Player_80,3,0,3
4,2,10,6,Player_15,Player_97,0,0,0
4,2,11,1,Player_37,Player_97,2,0,2
4,2,11,2,Player_17,Player_84,1,0,1
4,2,11,3,Player_29,Player_56,1,0,1
4,2,11,4,Player_6,Player_78,0,0,0
4,2,11,5,Player_31,Player_52,1,0,1
4,2,11,6,Player_42,Player_86,1,0,1
4,2,12,1,Player_12,Player_91,1,0,1
4,2,12,2,Player_16,Player_57,1,0,1
4,2,12,3,Player_45,Player_51,1,0,1
4,2,12,4,Player_44,Player_60,0,0,0
4,2,12,5,Player_2,Player_99,0,0,0
4,2,12,6,Player_18,Player_81,1,0,1
4,2,13,1,Player_47,Player_52,4,0,4
4,2,13,2,Player_1,Player_79,0,0,0
4,2,13,3,Player_46,Player_62,1,0,1
4,2,13,4,Player_10,Player_88,2,0,2
4,2,13,5,Player_32,Player_72,6,0,6
4,2,13,6,Player_37,Player_69,0,0,0
4,2,14,1,Player_1,Player_86,0,0,0
4,2,14,2,Player_21,Player_81,0,0,0
4,2,14,3,Player_46,Player_99,2,0,2
4,2,14,4,Player_46,Player_89,2,0,2
4,2,14,5,Player_13,Player_87,0,0,0
4,2,14,6,Player_33,Player_87,0,1,1
4,2,15,1,Player_43,Player_80,3,0,3
4,2,15,2,Player_3,Player_94,1,0,1
4,2,15,3,Player_16,Player_62,0,0,0
4,2,15,4,Player_21,Player_60,0,0,0
4,2,15,5,Player_35,Player_71,0,0,0
4,2,15,6,Player_49,Player_81,0,0,0
4,2,16,1,Player_43,Player_84,4,0,4
4,2,16,2,Player_10,Player_68,1,1,2
4,2,16,3,Player_19,Player_92,1,0,1
4,2,16,4,Player_25,Player_69,1,0,1
4,2,16,5,Player_11,Player_95,0,0,0
4,2,16,6,Player_5,Player_70,6,0,6
4,2,17,1,Player_49,Player_91,2,0,2
4,2,17,2,Player_11,Player_81,1,0,1
4,2,17,3,Player_18,Player_72,4,0,4
4,2,17,4,Player_23,Player_90,1,1,2
4,2,17,5,Player_10,Player_71,0,0,0
4,2,17,6,Player_4,Player_50,0,0,0
4,2,18,1,Player_22,Player_99,1,0,1
4,2,18,2,Player_14,Player_99,0,0,0
4,2,18,3,Player_43,Player_64,3,0,3
4,2,18,4,Player_30,Player_87,1,0,1
4,2,18,5,Player_30,Player_62,0,0,0
4,2,18,6,Player_38,Player_51,4,0,4
4,2,19,1,Player_8,Player_93,0,0,0
4,2,19,2,Player_8,Player_78,1,0,1
4,2,19,3,Player_20,Player_65,1,0,1
4,2,19,4,Player_16,Player_94,6,0,6
4,2,19,5,Player_27,Player_72,0,0,0
4,2,19,6,Player_35,Player_69,0,0,0
4,2,20,1,Player_31,Player_57,4,0,4
4,2,20,2,Player_46,Player_69,0,0,0
4,2,20,3,Player_12,Player_98,1,0,1
4,2,20,4,Player_29,Player_68,1,0,1
4,2,20,5,Player_7,Player_93,0,0,0
4,2,20,6,Player_38,Player_73,0,0,0
5,1,1,1,Player_37,Player_69,6,0,6
5,1,1,2,Player_40,Player_57,1,0,1
5,1,1,3,Player_40,Player_60,0,0,0
5,1,1,4,Player_30,Player_59,0,0,0
5,1,1,5,Player_13,Player_81,6,0,6
5,1,1,6,Player_4,Player_80,2,0,2
5,1,2,1,Player_24,Player_72,0,0,0
5,1,2,2,Player_11,Player_77,1,0,1
5,1,2,3,Player_38,Player_59,1,0,1
5,1,2,4,Player_35,Player_93,0,0,0
5,1,2,5,Player_17,Player_50,1,0,1
5,1,2,6,Player_42,Player_83,1,0,1
5,1,3,1,Player_48,Player_67,1,0,1
5,1,3,2,Player_15,Player_91,0,0,0
5,1,3,3,Player_39,Player_62,6,0,6
5,1,3,4,Player_20,Player_75,0,0,0
5,1,3,5,Player_16,Player_58,1,0,1
5,1,3,6,Player_19,Player_56,0,0,0
5,1,4,1,Player_16,Player_88,1,0,1
5,1,4,2,Player_40,Player_62,4,0,4
5,1,4,3,Player_6,Player_68,2,0,2
5,1,4,4,Player_14,Player_80,1,1,2
5,1,4,5,Player_8,Player_74,2,0,2
5,1,4,6,Player_38,Player_77,0,0,0
5,1,5,1,Player_3,Player_94,1,0,1
5,1,5,2,Player_32,Player_87,6,0,6
5,1,5,3,Player_6,Player_63,0,0,0
5,1,5,4,Player_12,Player_98,2,0,2
5,1,5,5,Player_5,Player_74,0,0,0
5,1,5,6,Player_21,Player_69,0,0,0
5,1,6,1,Player_13,Player_94,4,0,4
5,1,6,2,Player_20,Player_62,0,0,0
5,1,6,3,Player_1,Player_64,0,0,0
5,1,6,4,Player_8,Player_99,4,0,4
5,1,6,5,Player_8,Player_57,4,0,4
5,1,6,6,Player_13,Player_88,0,0,0
5,1,7,1,Player_16,Player_51,2,0,2
5,1,7,2,Player_30,Player_88,4,0,4
5,1,7,3,Player_46,Player_79,1,0,1
5,1,7,4,Player_30,Player_70,0,0,0
5,1,7,5,Player_19,Player_64,4,0,4
5,1,7,6,Player_31,Player_72,1,0,1
5,1,8,1,Player_9,Player_96,0,0,0
5,1,8,2,Player_34,Player_65,0,0,0
5,1,8,3,Player_33,Player_94,0,0,0
5,1,8,4,Player_8,Player_76,0,0,0
5,1,8,5,Player_40,Player_91,0,0,0
5,1,8,6,Player_43,Player_80,2,0,2
5,1,9,1,Player_29,Player_70,1,0,1
5,1,9,2,Player_6,Player_71,0,0,0
5,1,9,3,Player_8,Player_90,0,0,0
5,1,9,4,Player_24,Player_98,0,0,0
5,1,9,5,Player_40,Player_68,1,0,1
5,1,9,6,Player_6,Player_68,0,0,0
5,1,10,1,Player_38,Player_86,4,0,4
5,1,10,2,Player_26,Player_98,0,1,1
5,1,10,3,Player_32,Player_66,2,0,2
5,1,10,4,Player_46,Player_68,0,0,0
5,1,10,5,Player_40,Player_77,0,0,0
5,1,10,6,Player_40,Player_82,4,0,4
5,1,11,1,Player_16,Player_99,4,0,4
5,1,11,2,Player_9,Player_96,0,0,0
5,1,11,3,Player_24,Player_63,1,0,1
5,1,11,4,Player_3,Player_73,1,0,1
5,1,11,5,Player_26,Player_69,2,0,2
5,1,11,6,Player_3,Player_73,3,0,3
5,1,12,1,Player_16,Player_98,0,0,0
5,1,12,2,Player_44,Player_75,2,0,2
5,1,12,3,Player_20,Player_61,4,0,4
5,1,12,4,Player_48,Player_50,1,0,1
5,1,12,5,Player_3,Player_70,1,0,1
5,1,12,6,Player_22,Player_70,2,0,2
5,1,13,1,Player_38,Player_64,4,0,4
5,1,13,2,Player_15,Player_95,1,0,1
5,1,13,3,Player_5,Player_55,4,0,4
5,1,13,4,Player_47,Player_72,1,0,1
5,1,13,5,Player_28,Player_84,1,0,1
5,1,13,6,Player_3,Player_89,0,0,0
5,1,14,1,Player_49,Player_57,3,0,3
5,1,14,2,Player_5,Player_94,0,0,0
5,1,14,3,Player_45,Player_87,0,0,0
5,1,14,4,Player_48,Player_51,2,0,2
5,1,14,5,Player_30,Player_60,1,0,1
5,1,14,6,Player_26,Player_62,1,0,1
5,1,15,1,Player_28,Player_79,0,1,1
5,1,15,2,Player_21,Player_96,0,0,0
5,1,15,3,Player_25,Player_61,1,0,1
5,1,15,4,Player_37,Player_96,1,0,1
5,1,15,5,Player_42,Player_91,3,0,3
5,1,15,6,Player_38,Player_84,0,0,0
5,1,16,1,Player_47,Player_66,0,0,0
5,1,16,2,Player_17,Player_87,1,0,1
5,1,16,3,Player_6,Player_84,0,0,0
5,1,16,4,Player_15,Player_76,2,0,2
5,1,16,5,Player_35,Player_55,1,0,1
5,1,16,6,Player_23,Player_74,1,0,1
5,1,17,1,Player_26,Player_69,0,0,0
5,1,17,2,Player_18,Player_53,1,0,1
5,1,17,3,Player_13,Player_56,1,0,1
5,1,17,4,Player_19,Player_92,0,0,0
5,1,17,5,Player_35,Player_68,0,0,0
5,1,17,6,Player_48,Player_93,3,0,3
5,1,18,1,Player_17,Player_56,0,0,0
5,1,18,2,Player_32,Player_85,1,0,1
5,1,18,3,Player_14,Player_86,0,0,0
5,1,18,4,Player_4,Player_89,0,0,0
5,1,18,5,Player_4,Player_94,0,0,0
5,1,18,6,Player_2,Player_80,0,0,0
5,1,19,1,Player_15,Player_92,0,0,0
5,1,19,2,Player_2,Player_57,0,0,0
5,1,19,3,Player_39,Player_91,0,0,0
5,1,19,4,Player_30,Player_59,0,0,0
5,1,19,5,Player_29,Player_88,2,0,2
5,1,19,6,Player_45,Player_72,3,0,3
5,1,20,1,Player_46,Player_93,0,0,0
5,1,20,2,Player_32,Player_91,3,0,3
5,1,20,3,Player_32,Player_58,0,0,0
5,1,20,4,Player_48,Player_52,3,0,3
5,1,20,5,Player_32,Player_53,0,0,0
5,1,20,6,Player_19,Player_54,4,0,4
5,2,1,1,Player_35,Player_71,0,0,0
5,2,1,2,Player_11,Player_62,6,0,6
5,2,1,3,Player_12,Player_72,1,0,1
5,2,1,4,Player_41,Player_58,0,0,0
5,2,1,5,Player_47,Player_54,0,0,0
5,2,1,6,Player_30,Player_74,0,0,0
5,2,2,1,Player_48,Player_96,2,0,2
5,2,2,2,Player_46,Player_79,0,0,0
5,2,2,3,Player_14,Player_84,1,0,1
5,2,2,4,Player_35,Player_60,0,0,0
5,2,2,5,Player_45,Player_56,0,0,0
5,2,2,6,Player_2,Player_61,0,0,0
5,2,3,1,Player_11,Player_65,1,0,1
5,2,3,2,Player_26,Player_65,0,0,0
5,2,3,3,Player_47,Player_96,0,0,0
5,2,3,4,Player_13,Player_53,6,0,6
5,2,3,5,Player_27,Player_76,1,0,1
5,2,3,6,Player_47,Player_95,0,0,0
5,2,4,1,Player_13,Player_92,3,0,3
5,2,4,2,Player_36,Player_70,0,0,0
5,2,4,3,Player_36,Player_77,0,0,0
5,2,4,4,Player_37,Player_79,0,0,0
5,2,4,5,Player_7,Player_94,4,0,4
5,2,4,6,Player_29,Player_52,1,0,1
5,2,5,1,Player_19,Player_62,1,0,1
5,2,5,2,Player_27,Player_78,0,0,0
5,2,5,3,Player_36,Player_51,1,0,1
5,2,5,4,Player_5,Player_85,1,0,1
5,2,5,5,Player_34,Player_62,0,1,1
5,2,5,6,Player_36,Player_71,0,0,0
5,2,6,1,Player_9,Player_88,0,0,0
5,2,6,2,Player_47,Player_64,3,0,3
5,2,6,3,Player_4,Player_99,0,0,0
5,2,6,4,Player_11,Player_86,0,0,0
5,2,6,5,Player_44,Player_83,0,0,0
5,2,6,6,Player_31,Player_56,0,0,0
5,2,7,1,Player_31,Player_84,1,0,1
5,2,7,2,Player_19,Player_80,1,0,1
5,2,7,3,Player_10,Player_51,1,0,1
5,2,7,4,Player_32,Player_65,1,0,1
5,2,7,5,Player_31,Player_92,0,0,0
5,2,7,6,Player_21,Player_53,1,0,1
5,2,8,1,Player_12,Player_80,1,0,1
5,2,8,2,Player_32,Player_50,1,0,1
5,2,8,3,Player_7,Player_51,1,0,1
5,2,8,4,Player_19,Player_75,0,0,0
5,2,8,5,Player_11,Player_94,0,0,0
5,2,8,6,Player_27,Player_98,4,0,4
5,2,9,1,Player_2,Player_79,0,0,0
5,2,9,2,Player_32,Player_59,1,0,1
5,2,9,3,Player_13,Player_90,1,0,1
5,2,9,4,Player_16,Player_94,1,0,1
5,2,9,5,Player_43,Player_76,2,0,2
5,2,9,6,Player_26,Player_74,4,0,4
5,2,10,1,Player_12,Player_75,0,0,0
5,2,10,2,Player_34,Player_97,0,0,0
5,2,10,3,Player_1,Player_85,0,0,0
5,2,10,4,Player_31,Player_63,0,0,0
5,2,10,5,Player_37,Player_77,0,0,0
5,2,10,6,Player_21,Player_59,1,0,1
5,2,11,1,Player_24,Player_63,3,0,3
5,2,11,2,Player_22,Player_55,2,0,2
5,2,11,3,Player_14,Player_65,6,0,6
5,2,11,4,Player_32,Player_82,3,0,3
5,2,11,5,Player_38,Player_52,0,0,0
5,2,11,6,Player_16,Player_54,1,0,1
5,2,12,1,Player_14,Player_88,0,0,0
5,2,12,2,Player_16,Player_66,1,0,1
5,2,12,3,Player_7,Player_95,0,0,0
5,2,12,4,Player_41,Player_96,1,0,1
5,2,12,5,Player_27,Player_72,2,0,2
5,2,12,6,Player_15,Player_92,0,0,0
5,2,13,1,Player_17,Player_77,0,0,0
5,2,13,2,Player_23,Player_81,4,1,5
5,2,13,3,Player_35,Player_54,1,0,1
5,2,13,4,Player_25,Player_80,0,0,0
5,2,13,5,Player_27,Player_74,0,0,0
5,2,13,6,Player_44,Player_72,0,0,0
5,2,14,1,Player_24,Player_60,1,0,1
5,2,14,2,Player_35,Player_69,1,0,1
5,2,14,3,Player_47,Player_50,1,0,1
5,2,14,4,Player_6,Player_57,0,0,0
5,2,14,5,Player_3,Player_84,1,0,1
5,2,14,6,Player_20,Player_94,0,0,0
5,2,15,1,Player_19,Player_87,0,0,0
5,2,15,2,Player_13,Player_71,0,0,0
5,2,15,3,Player_45,Player_71,0,0,0
5,2,15,4,Player_8,Player_91,1,0,1
5,2,15,5,Player_23,Player_92,0,0,0
5,2,15,6,Player_19,Player_97,0,0,0
5,2,16,1,Player_31,Player_63,0,0,0
5,2,16,2,Player_11,Player_87,1,0,1
5,2,16,3,Player_6,Player_95,1,0,1
5,2,16,4,Player_28,Player_50,6,0,6
5,2,16,5,Player_47,Player_56,1,0,1
5,2,16,6,Player_25,Player_61,2,0,2
5,2,17,1,Player_43,Player_86,0,0,0
5,2,17,2,Player_13,Player_74,3,0,3
5,2,17,3,Player_4,Player_60,4,0,4
5,2,17,4,Player_11,Player_77,4,0,4
5,2,17,5,Player_23,Player_99,1,1,2
5,2,17,6,Player_26,Player_74,0,0,0
5,2,18,1,Player_36,Player_63,0,0,0
5,2,18,2,Player_17,Player_52,1,0,1
5,2,18,3,Player_29,Player_94,0,0,0
5,2,18,4,Player_38,Player_91,1,0,1
5,2,18,5,Player_38,Player_72,1,0,1
5,2,18,6,Player_17,Player_67,0,0,0
5,2,19,1,Player_7,Player_97,1,0,1
5,2,19,2,Player_33,Player_50,0,0,0
5,2,19,3,Player_4,Player_66,1,0,1
5,2,19,4,Player_4,Player_50,0,0,0
5,2,19,5,Player_35,Player_57,0,0,0
5,2,19,6,Player_43,Player_76,1,0,1
5,2,20,1,Player_28,Player_78,0,0,0
5,2,20,2,Player_31,Player_53,1,0,1
5,2,20,3,Player_46,Player_75,1,0,1
5,2,20,4,Player_30,Player_79,0,0,0
5,2,20,5,Player_12,Player_79,0,0,0
5,2,20,6,Player_7,Player_50,0,1,1
6,1,1,1,Player_26,Player_94,0,0,0
6,1,1,2,Player_24,Player_71,1,0,1
6,1,1,3,Player_37,Player_79,1,0,1
6,1,1,4,Player_37,Player_61,6,0,6
6,1,1,5,Player_9,Player_70,0,0,0
6,1,1,6,Player_43,Player_64,1,0,1
6,1,2,1,Player_44,Player_67,1,0,1
6,1,2,2,Player_44,Player_87,0,0,0
6,1,2,3,Player_31,Player_60,3,0,3
6,1,2,4,Player_49,Player_83,2,0,2
6,1,2,5,Player_44,Player_55,1,0,1
6,1,2,6,Player_21,Player_65,4,0,4
6,1,3,1,Player_32,Player_77,0,0,0
6,1,3,2,Player_45,Player_71,0,0,0
6,1,3,3,Player_42,Player_81,3,0,3
6,1,3,4,Player_15,Player_56,1,0,1
6,1,3,5,Player_19,Player_59,0,0,0
6,1,3,6,Player_6,Player_61,0,0,0
6,1,4,1,Player_19,Player_52,0,0,0
6,1,4,2,Player_20,Player_96,1,0,1
6,1,4,3,Player_45,Player_57,1,0,1
6,1,4,4,Player_48,Player_58,1,1,2
6,1,4,5,Player_7,Player_64,2,0,2
6,1,4,6,Player_22,Player_73,1,0,1
6,1,5,1,Player_10,Player_92,1,0,1
6,1,5,2,Player_49,Player_74,4,1,5
6,1,5,3,Player_26,Player_95,1,0,1
6,1,5,4,Player_23,Player_92,1,0,1
6,1,5,5,Player_25,Player_67,4,0,4
6,1,5,6,Player_28,Player_67,1,0,1
6,1,6,1,Player_28,Player_76,2,0,2
6,1,6,2,Player_32,Player_69,1,0,1
6,1,6,3,Player_34,Player_97,6,0,6
6,1,6,4,Player_16,Player_73,0,0,0
6,1,6,5,Player_13,Player_54,0,0,0
6,1,6,6,Player_47,Player_67,1,0,1
6,1,7,1,Player_47,Player_61,0,0,0
6,1,7,2,Player_11,Player_68,6,0,6
6,1,7,3,Player_46,Player_63,3,0,3
6,1,7,4,Player_41,Player_50,1,1,2
6,1,7,5,Player_23,Player_68,0,0,0
6,1,7,6,Player_28,Player_82,3,0,3
6,1,8,1,Player_49,Player_86,1,0,1
6,1,8,2,Player_35,Player_89,1,0,1
6,1,8,3,Player_23,Player_71,0,0,0
6,1,8,4,Player_45,Player_95,0,0,0
6,1,8,5,Player_22,Player_70,1,0,1
6,1,8,6,Player_41,Player_50,0,0,0
6,1,9,1,Player_23,Player_92,2,0,2
6,1,9,2,Player_13,Player_92,0,0,0
6,1,9,3,Player_21,Player_88,1,0,1
6,1,9,4,Player_18,Player_73,2,0,2
6,1,9,5,Player_42,Player_56,2,0,2
6,1,9,6,Player_6,Player_76,1,0,1
6,1,10,1,Player_31,Player_70,2,0,2
6,1,10,2,Player_13,Player_98,0,0,0
6,1,10,3,Player_28,Player_66,1,0,1
6,1,10,4,Player_41,Player_55,4,0,4
6,1,10,5,Player_6,Player_94,0,0,0
6,1,10,6,Player_3,Player_84,0,0,0
6,1,11,1,Player_49,Player_73,1,0,1
6,1,11,2,Player_36,Player_74,0,0,0
6,1,11,3,Player_43,Player_83,4,0,4
6,1,11,4,Player_19,Player_72,1,0,1
6,1,11,5,Player_9,Player_50,0,0,0
6,1,11,6,Player_16,Player_93,2,0,2
6,1,12,1,Player_25,Player_94,1,0,1
6,1,12,2,Player_32,Player_90,0,0,0
6,1,12,3,Player_42,Player_59,1,0,1
6,1,12,4,Player_24,Player_58,1,0,1
6,1,12,5,Player_40,Player_58,0,0,0
6,1,12,6,Player_17,Player_65,0,0,0
6,1,13,1,Player_5,Player_54,1,0,1
6,1,13,2,Player_2,Player_78,4,1,5
6,1,13,3,Player_10,Player_80,0,0,0
6,1,13,4,Player_46,Player_58,0,0,0
6,1,13,5,Player_37,Player_91,4,0,4
6,1,13,6,Player_12,Player_86,0,0,0
6,1,14,1,Player_7,Player_51,1,0,1
6,1,14,2,Player_39,Player_89,3,0,3
6,1,14,3,Player_29,Player_63,0,0,0
6,1,14,4,Player_31,Player_74,0,0,0
6,1,14,5,Player_17,Player_94,1,0,1
6,1,14,6,Player_39,Player_77,0,0,0
6,1,15,1,Player_35,Player_67,0,0,0
6,1,15,2,Player_5,Player_68,0,0,0
6,1,15,3,Player_47,Player_65,3,0,3
6,1,15,4,Player_15,Player_74,0,0,0
6,1,15,5,Player_14,Player_98,1,0,1
6,1,15,6,Player_30,Player_68,2,0,2
6,1,16,1,Player_40,Player_57,0,0,0
6,1,16,2,Player_19,Player_91,1,0,1
6,1,16,3,Player_7,Player_76,2,0,2
6,1,16,4,Player_6,Player_73,0,0,0
6,1,16,5,Player_25,Player_66,1,0,1
6,1,16,6,Player_34,Player_77,3,0,3
6,1,17,1,Player_14,Player_75,0,0,0
6,1,17,2,Player_39,Player_79,4,0,4
6,1,17,3,Player_48,Player_81,2,0,2
6,1,17,4,Player_45,Player_50,1,0,1
6,1,17,5,Player_4,Player_84,4,0,4
6,1,17,6,Player_40,Player_56,2,0,2
6,1,18,1,Player_38,Player_56,0,0,0
6,1,18,2,Player_11,Player_91,1,0,1
6,1,18,3,Player_36,Player_86,1,0,1
6,1,18,4,Player_35,Player_97,3,0,3
6,1,18,5,Player_47,Player_84,3,0,3
6,1,18,6,Player_31,Player_80,4,0,4
6,1,19,1,Player_23,Player_67,1,0,1
6,1,19,2,Player_15,Player_64,6,0,6
6,1,19,3,Player_36,Player_57,1,0,1
6,1,19,4,Player_13,Player_90,0,1,1
6,1,19,5,Player_32,Player_79,4,0,4
6,1,19,6,Player_34,Player_64,0,0,0
6,1,20,1,Player_34,Player_67,1,0,1
6,1,20,2,Player_31,Player_74,0,1,1
6,1,20,3,Player_2,Player_66,1,0,1
6,1,20,4,Player_30,Player_78,1,0,1
6,1,20,5,Player_22,Player_84,4,0,4
6,1,20,6,Player_49,Player_92,1,0,1
6,2,1,1,Player_2,Player_53,1,0,1
6,2,1,2,Player_6,Player_66,6,0,6
6,2,1,3,Player_20,Player_65,0,0,0
6,2,1,4,Player_9,Player_54,4,0,4
6,2,1,5,Player_43,Player_85,1,0,1
6,2,1,6,Player_34,Player_78,0,0,0
6,2,2,1,Player_18,Player_56,4,0,4
6,2,2,2,Player_24,Player_53,1,0,1
6,2,2,3,Player_43,Player_81,2,0,2
6,2,2,4,Player_36,Player_55,0,0,0
6,2,2,5,Player_42,Player_73,0,0,0
6,2,2,6,Player_18,Player_62,2,0,2
6,2,3,1,Player_42,Player_66,4,0,4
6,2,3,2,Player_30,Player_83,1,1,2
6,2,3,3,Player_18,Player_91,1,0,1
6,2,3,4,Player_1,Player_53,6,0,6
6,2,3,5,Player_43,Player_78,2,0,2
6,2,3,6,Player_47,Player_61,6,0,6
6,2,4,1,Player_6,Player_69,3,0,3
6,2,4,2,Player_1,Player_98,0,0,0
6,2,4,3,Player_7,Player_68,1,0,1
6,2,4,4,Player_35,Player_79,1,1,2
6,2,4,5,Player_29,Player_90,1,0,1
6,2,4,6,Player_30,Player_97,2,1,3
6,2,5,1,Player_38,Player_63,1,0,1
6,2,5,2,Player_22,Player_52,1,0,1
6,2,5,3,Player_44,Player_83,4,0,4
6,2,5,4,Player_21,Player_78,0,0,0
6,2,5,5,Player_1,Player_76,2,0,2
6,2,5,6,Player_40,Player_75,1,0,1
6,2,6,1,Player_10,Player_92,0,0,0
6,2,6,2,Player_7,Player_93,1,0,1
6,2,6,3,Player_34,Player_95,6,0,6
6,2,6,4,Player_16,Player_56,1,0,1
6,2,6,5,Player_17,Player_86,3,0,3
6,2,6,6,Player_41,Player_69,1,0,1
6,2,7,1,Player_6,Player_68,0,0,0
6,2,7,2,Player_23,Player_72,0,1,1
6,2,7,3,Player_44,Player_76,0,0,0
6,2,7,4,Player_45,Player_76,4,0,4
6,2,7,5,Player_33,Player_65,6,0,6
6,2,7,6,Player_14,Player_78,0,0,0
6,2,8,1,Player_23,Player_78,0,0,0
6,2,8,2,Player_23,Player_56,4,0,4
6,2,8,3,Player_18,Player_92,0,0,0
6,2,8,4,Player_14,Player_81,4,0,4
6,2,8,5,Player_26,Player_83,1,0,1
6,2,8,6,Player_17,Player_82,0,0,0
6,2,9,1,Player_42,Player_61,1,0,1
6,2,9,2,Player_15,Player_76,2,0,2
6,2,9,3,Player_2,Player_85,1,0,1
6,2,9,4,Player_25,Player_72,1,0,1
6,2,9,5,Player_26,Player_82,4,0,4
6,2,9,6,Player_48,Player_92,0,0,0
6,2,10,1,Player_24,Player_89,0,0,0
6,2,10,2,Player_24,Player_86,3,0,3
6,2,10,3,Player_24,Player_58,0,0,0
6,2,10,4,Player_48,Player_79,0,0,0
6,2,10,5,Player_21,Player_67,4,0,4
6,2,10,6,Player_45,Player_66,0,0,0
6,2,11,1,Player_37,Player_94,0,0,0
6,2,11,2,Player_49,Player_78,0,1,1
6,2,11,3,Player_20,Player_96,4,0,4
6,2,11,4,Player_15,Player_76,1,0,1
6,2,11,5,Player_19,Player_75,4,0,4
6,2,11,6,Player_26,Player_95,6,0,6
6,2,12,1,Player_3,Player_51,4,0,4
6,2,12,2,Player_44,Player_82,1,0,1
6,2,12,3,Player_3,Player_92,2,0,2
6,2,12,4,Player_8,Player_85,4,0,4
6,2,12,5,Player_46,Player_85,3,0,3
6,2,12,6,Player_1,Player_98,0,0,0
6,2,13,1,Player_16,Player_57,2,0,2
6,2,13,2,Player_16,Player_69,0,0,0
6,2,13,3,Player_43,Player_75,0,0,0
6,2,13,4,Player_26,Player_94,0,0,0
6,2,13,5,Player_4,Player_75,6,0,6
6,2,13,6,Player_30,Player_98,4,0,4
6,2,14,1,Player_13,Player_63,0,0,0
6,2,14,2,Player_26,Player_70,0,0,0
6,2,14,3,Player_2,Player_91,6,0,6
6,2,14,4,Player_23,Player_66,3,0,3
6,2,14,5,Player_20,Player_69,2,0,2
6,2,14,6,Player_12,Player_89,2,1,3
6,2,15,1,Player_16,Player_68,0,0,0
6,2,15,2,Player_6,Player_62,4,0,4
6,2,15,3,Player_12,Player_79,0,0,0
6,2,15,4,Player_32,Player_97,1,0,1
6,2,15,5,Player_43,Player_86,2,0,2
6,2,15,6,Player_11,Player_64,1,0,1
6,2,16,1,Player_23,Player_86,0,0,0
6,2,16,2,Player_6,Player_66,1,0,1
6,2,16,3,Player_11,Player_87,4,0,4
6,2,16,4,Player_35,Player_63,0,0,0
6,2,16,5,Player_38,Player_93,0,0,0
6,2,16,6,Player_10,Player_66,0,0,0
6,2,17,1,Player_1,Player_61,0,0,0
6,2,17,2,Player_34,Player_91,2,0,2
6,2,17,3,Player_18,Player_54,0,0,0
6,2,17,4,Player_10,Player_83,0,0,0
6,2,17,5,Player_11,Player_61,1,0,1
6,2,17,6,Player_11,Player_85,0,0,0
6,2,18,1,Player_8,Player_85,0,0,0
6,2,18,2,Player_14,Player_97,1,0,1
6,2,18,3,Player_21,Player_93,0,0,0
6,2,18,4,Player_24,Player_72,1,0,1
6,2,18,5,Player_38,Player_87,0,0,0
6,2,18,6,Player_44,Player_59,4,0,4
6,2,19,1,Player_17,Player_99,0,0,0
6,2,19,2,Player_8,Player_70,1,0,1
6,2,19,3,Player_39,Player_73,1,0,1
6,2,19,4,Player_28,Player_81,3,0,3
6,2,19,5,Player_10,Player_95,3,0,3
6,2,19,6,Player_42,Player_75,1,0,1
6,2,20,1,Player_40,Player_72,0,0,0
6,2,20,2,Player_40,Player_82,3,0,3
6,2,20,3,Player_33,Player_86,0,0,0
6,2,20,4,Player_18,Player_95,0,0,0
6,2,20,5,Player_30,Player_93,0,0,0
6,2,20,6,Player_49,Player_60,4,0,4
7,1,1,1,Player_33,Player_96,0,0,0
7,1,1,2,Player_42,Player_68,1,0,1
7,1,1,3,Player_23,Player_65,0,0,0
7,1,1,4,Player_8,Player_67,4,0,4
7,1,1,5,Player_30,Player_62,0,0,0
7,1,1,6,Player_40,Player_61,4,0,4
7,1,2,1,Player_18,Player_62,4,0,4
7,1,2,2,Player_37,Player_56,4,0,4
7,1,2,3,Player_16,Player_72,1,0,1
7,1,2,4,Player_32,Player_64,4,0,4
7,1,2,5,Player_10,Player_62,0,0,0
7,1,2,6,Player_15,Player_91,1,0,1
7,1,3,1,Player_28,Player_81,0,0,0
7,1,3,2,Player_36,Player_70,0,0,0
7,1,3,3,Player_44,Player_75,4,1,5
7,1,3,4,Player_21,Player_97,0,0,0
7,1,3,5,Player_39,Player_89,0,1,1
7,1,3,6,Player_30,Player_53,3,0,3
7,1,4,1,Player_42,Player_74,0,0,0
7,1,4,2,Player_48,Player_82,0,0,0
7,1,4,3,Player_28,Player_84,0,0,0
7,1,4,4,Player_13,Player_88,4,0,4
7,1,4,5,Player_14,Player_60,4,0,4
7,1,4,6,Player_33,Player_56,2,0,2
7,1,5,1,Player_10,Player_92,2,0,2
7,1,5,2,Player_5,Player_78,0,0,0
7,1,5,3,Player_12,Player_53,4,0,4
7,1,5,4,Player_36,Player_74,1,0,1
7,1,5,5,Player_37,Player_52,1,0,1
7,1,5,6,Player_43,Player_84,1,0,1
7,1,6,1,Player_34,Player_90,1,0,1
7,1,6,2,Player_45,Player_99,2,0,2
7,1,6,3,Player_12,Player_54,0,0,0
7,1,6,4,Player_32,Player_75,0,1,1
7,1,6,5,Player_24,Player_84,1,0,1
7,1,6,6,Player_26,Player_98,0,0,0
7,1,7,1,Player_4,Player_98,0,0,0
7,1,7,2,Player_23,Player_51,4,0,4
7,1,7,3,Player_31,Player_96,0,1,1
7,1,7,4,Player_43,Player_83,4,0,4
7,1,7,5,Player_26,Player_65,1,0,1
7,1,7,6,Player_27,Player_53,4,0,4
7,1,8,1,Player_30,Player_85,2,0,2
7,1,8,2,Player_49,Player_61,1,0,1
7,1,8,3,Player_31,Player_93,0,0,0
7,1,8,4,Player_20,Player_64,3,0,3
7,1,8,5,Player_21,Player_64,1,0,1
7,1,8,6,Player_19,Player_79,1,0,1
7,1,9,1,Player_36,Player_85,2,1,3
7,1,9,2,Player_44,Player_56,0,0,0
7,1,9,3,Player_34,Player_51,0,1,1
7,1,9,4,Player_42,Player_90,0,0,0
7,1,9,5,Player_10,Player_59,2,1,3
7,1,9,6,Player_21,Player_57,0,1,1
7,1,10,1,Player_14,Player_70,2,0,2
7,1,10,2,Player_17,Player_54,0,0,0
7,1,10,3,Player_40,Player_87,1,0,1
7,1,10,4,Player_33,Player_62,2,0,2
7,1,10,5,Player_29,Player_92,1,0,1
7,1,10,6,Player_10,Player_80,4,0,4
7,1,11,1,Player_27,Player_70,4,0,4
7,1,11,2,Player_46,Player_72,0,0,0
7,1,11,3,Player_25,Player_77,0,0,0
7,1,11,4,Player_47,Player_55,6,0,6
7,1,11,5,Player_33,Player_50,1,0,1
7,1,11,6,Player_35,Player_90,1,0,1
7,1,12,1,Player_45,Player_87,0,0,0
7,1,12,2,Player_44,Player_94,4,0,4
7,1,12,3,Player_48,Player_72,0,0,0
7,1,12,4,Player_49,Player_72,2,0,2
7,1,12,5,Player_19,Player_68,1,0,1
7,1,12,6,Player_42,Player_91,4,0,4
7,1,13,1,Player_27,Player_96,1,0,1
7,1,13,2,Player_19,Player_66,0,0,0
7,1,13,3,Player_7,Player_66,4,0,4
7,1,13,4,Player_4,Player_87,0,0,0
7,1,13,5,Player_4,Player_73,0,0,0
7,1,13,6,Player_24,Player_63,0,0,0
7,1,14,1,Player_19,Player_61,0,0,0
7,1,14,2,Player_11,Player_84,0,0,0
7,1,14,3,Player_32,Player_58,2,0,2
7,1,14,4,Player_35,Player_71,2,0,2
7,1,14,5,Player_20,Player_50,0,0,0
7,1,14,6,Player_10,Player_96,0,0,0
7,1,15,1,Player_39,Player_71,1,1,2
7,1,15,2,Player_27,Player_77,4,0,4
7,1,15,3,Player_29,Player_67,4,0,4
7,1,15,4,Player_34,Player_56,0,0,0
7,1,15,5,Player_9,Player_58,0,1,1
7,1,15,6,Player_35,Player_67,0,0,0
7,1,16,1,Player_4,Player_88,6,0,6
7,1,16,2,Player_12,Player_51,1,0,1
7,1,16,3,Player_23,Player_97,2,0,2
7,1,16,4,Player_4,Player_64,0,0,0
7,1,16,5,Player_31,Player_61,4,0,4
7,1,16,6,Player_42,Player_87,2,0,2
7,1,17,1,Player_2,Player_59,1,0,1
7,1,17,2,Player_17,Player_53,1,0,1
7,1,17,3,Player_39,Player_83,0,0,0
7,1,17,4,Player_34,Player_93,1,0,1
7,1,17,5,Player_37,Player_99,0,0,0
7,1,17,6,Player_22,Player_59,0,0,0
7,1,18,1,Player_29,Player_97,0,0,0
7,1,18,2,Player_2,Player_53,0,0,0
7,1,18,3,Player_6,Player_68,1,0,1
7,1,18,4,Player_27,Player_62,0,0,0
7,1,18,5,Player_4,Player_73,6,0,6
7,1,18,6,Player_37,Player_89,2,0,2
7,1,19,1,Player_44,Player_74,2,0,2
7,1,19,2,Player_14,Player_62,0,0,0
7,1,19,3,Player_40,Player_98,0,0,0
7,1,19,4,Player_13,Player_51,0,0,0
7,1,19,5,Player_26,Player_71,0,0,0
7,1,19,6,Player_35,Player_61,2,0,2
7,1,20,1,Player_39,Player_62,0,0,0
7,1,20,2,Player_12,Player_62,4,0,4
7,1,20,3,Player_40,Player_65,1,0,1
7,1,20,4,Player_5,Player_75,1,0,1
7,1,20,5,Player_10,Player_91,2,0,2
7,1,20,6,Player_31,Player_60,1,0,1
7,2,1,1,Player_6,Player_90,0,0,0
7,2,1,2,Player_34,Player_99,1,0,1
7,2,1,3,Player_39,Player_66,1,0,1
7,2,1,4,Player_23,Player_76,1,0,1
7,2,1,5,Player_22,Player_69,0,0,0
7,2,1,6,Player_29,Player_57,1,0,1
7,2,2,1,Player_22,Player_99,1,0,1
7,2,2,2,Player_38,Player_86,1,0,1
7,2,2,3,Player_10,Player_64,0,0,0
7,2,2,4,Player_18,Player_72,0,0,0
7,2,2,5,Player_35,Player_83,4,0,4
7,2,2,6,Player_41,Player_65,0,0,0
7,2,3,1,Player_39,Player_94,2,0,2
7,2,3,2,Player_30,Player_94,0,0,0
7,2,3,3,Player_42,Player_96,0,0,0
7,2,3,4,Player_23,Player_77,1,0,1
7,2,3,5,Player_26,Player_97,0,0,0
7,2,3,6,Player_29,Player_88,6,0,6
7,2,4,1,Player_29,Player_60,0,0,0
7,2,4,2,Player_27,Player_82,3,1,4
7,2,4,3,Player_46,Player_51,0,0,0
7,2,4,4,Player_18,Player_50,1,0,1
7,2,4,5,Player_28,Player_88,2,0,2
7,2,4,6,Player_20,Player_52,0,0,0
7,2,5,1,Player_44,Player_59,0,0,0
7,2,5,2,Player_38,Player_80,1,0,1
7,2,5,3,Player_21,Player_98,0,0,0
7,2,5,4,Player_3,Player_59,1,0,1
7,2,5,5,Player_21,Player_94,1,0,1
7,2,5,6,Player_26,Player_57,0,0,0
7,2,6,1,Player_16,Player_50,0,0,0
7,2,6,2,Player_47,Player_80,6,1,7
7,2,6,3,Player_43,Player_70,4,0,4
7,2,6,4,Player_26,Player_87,3,0,3
7,2,6,5,Player_8,Player_82,1,0,1
7,2,6,6,Player_21,Player_57,4,0,4
7,2,7,1,Player_20,Player_57,3,0,3
7,2,7,2,Player_29,Player_97,1,0,1
7,2,7,3,Player_10,Player_78,2,0,2
7,2,7,4,Player_45,Player_86,0,0,0
7,2,7,5,Player_40,Player_78,0,0,0
7,2,7,6,Player_38,Player_80,3,0,3
7,2,8,1,Player_9,Player_76,0,0,0
7,2,8,2,Player_49,Player_92,3,0,3
7,2,8,3,Player_29,Player_54,4,0,4
7,2,8,4,Player_41,Player_76,1,0,1
7,2,8,5,Player_9,Player_76,6,0,6
7,2,8,6,Player_25,Player_52,1,0,1
7,2,9,1,Player_2,Player_67,3,0,3
7,2,9,2,Player_37,Player_69,4,0,4
7,2,9,3,Player_1,Player_50,0,1,1
7,2,9,4,Player_45,Player_79,0,0,0
7,2,9,5,Player_11,Player_73,0,0,0
7,2,9,6,Player_26,Player_62,0,0,0
7,2,10,1,Player_35,Player_73,1,0,1
7,2,10,2,Player_16,Player_66,0,0,0
7,2,10,3,Player_15,Player_83,1,0,1
7,2,10,4,Player_4,Player_92,4,0,4
7,2,10,5,Player_11,Player_67,6,0,6
7,2,10,6,Player_23,Player_56,0,0,0
7,2,11,1,Player_7,Player_98,4,0,4
7,2,11,2,Player_15,Player_51,4,0,4
7,2,11,3,Player_4,Player_69,1,0,1
7,2,11,4,Player_28,Player_62,0,0,0
7,2,11,5,Player_48,Player_79,0,0,0
7,2,11,6,Player_25,Player_65,1,0,1
7,2,12,1,Player_22,Player_73,1,0,1
7,2,12,2,Player_36,Player_85,0,0,0
7,2,12,3,Player_18,Player_99,0,0,0
7,2,12,4,Player_2,Player_70,0,0,0
7,2,12,5,Player_47,Player_88,0,0,0
7,2,12,6,Player_17,Player_65,1,0,1
7,2,13,1,Player_31,Player_63,0,0,0
7,2,13,2,Player_48,Player_95,1,0,1
7,2,13,3,Player_39,Player_96,4,0,4
7,2,13,4,Player_41,Player_68,4,0,4
7,2,13,5,Player_4,Player_61,1,0,1
7,2,13,6,Player_12,Player_84,1,0,1
7,2,14,1,Player_32,Player_59,4,1,5
7,2,14,2,Player_42,Player_58,1,0,1
7,2,14,3,Player_18,Player_58,0,0,0
7,2,14,4,Player_14,Player_74,0,0,0
7,2,14,5,Player_29,Player_64,0,0,0
7,2,14,6,Player_49,Player_93,4,0,4
7,2,15,1,Player_3,Player_99,1,0,1
7,2,15,2,Player_45,Player_91,4,0,4
7,2,15,3,Player_48,Player_74,3,0,3
7,2,15,4,Player_14,Player_82,6,0,6
7,2,15,5,Player_44,Player_83,2,0,2
7,2,15,6,Player_31,Player_94,6,0,6
7,2,16,1,Player_3,Player_79,0,0,0
7,2,16,2,Player_26,Player_79,0,0,0
7,2,16,3,Player_3,Player_95,1,0,1
7,2,16,4,Player_39,Player_93,0,0,0
7,2,16,5,Player_2,Player_90,1,0,1
7,2,16,6,Player_47,Player_51,0,0,0
7,2,17,1,Player_5,Player_91,2,0,2
7,2,17,2,Player_43,Player_74,2,0,2
7,2,17,3,Player_6,Player_52,6,0,6
7,2,17,4,Player_24,Player_55,2,0,2
7,2,17,5,Player_42,Player_61,1,0,1
7,2,17,6,Player_39,Player_83,1,0,1
7,2,18,1,Player_40,Player_95,1,0,1
7,2,18,2,Player_30,Player_99,0,0,0
7,2,18,3,Player_30,Player_57,4,1,5
7,2,18,4,Player_20,Player_89,4,0,4
7,2,18,5,Player_15,Player_57,1,0,1
7,2,18,6,Player_32,Player_75,1,0,1
7,2,19,1,Player_42,Player_78,1,0,1
7,2,19,2,Player_19,Player_86,2,0,2
7,2,19,3,Player_23,Player_56,1,0,1
7,2,19,4,Player_5,Player_91,1,0,1
7,2,19,5,Player_26,Player_54,0,0,0
7,2,19,6,Player_33,Player_92,1,0,1
7,2,20,1,Player_30,Player_75,0,1,1
7,2,20,2,Player_26,Player_97,1,0,1
7,2,20,3,Player_49,Player_55,3,0,3
7,2,20,4,Player_24,Player_67,1,0,1
7,2,20,5,Player_10,Player_66,1,0,1
7,2,20,6,Player_6,Player_63,0,1,1
8,1,1,1,Player_39,Player_61,1,0,1
8,1,1,2,Player_23,Player_97,0,0,0
8,1,1,3,Player_13,Player_70,1,0,1
8,1,1,4,Player_9,Player_64,1,0,1
8,1,1,5,Player_34,Player_83,0,0,0
8,1,1,6,Player_42,Player_55,0,0,0
8,1,2,1,Player_19,Player_52,1,0,1
8,1,2,2,Player_12,Player_54,6,0,6
8,1,2,3,Player_4,Player_54,6,0,6
8,1,2,4,Player_29,Player_67,0,0,0
8,1,2,5,Player_37,Player_94,1,0,1
8,1,2,6,Player_22,Player_85,6,0,6
8,1,3,1,Player_29,Player_84,1,0,1
8,1,3,2,Player_31,Player_91,4,0,4
8,1,3,3,Player_49,Player_81,0,0,0
8,1,3,4,Player_23,Player_51,1,0,1
8,1,3,5,Player_26,Player_78,0,0,0
8,1,3,6,Player_25,Player_97,0,0,0
8,1,4,1,Player_26,Player_67,0,0,0
8,1,4,2,Player_1,Player_70,3,0,3
8,1,4,3,Player_44,Player_85,0,0,0
8,1,4,4,Player_40,Player_52,3,0,3
8,1,4,5,Player_46,Player_71,6,0,6
8,1,4,6,Player_21,Player_60,0,0,0
8,1,5,1,Player_2,Player_73,6,0,6
8,1,5,2,Player_46,Player_86,6,0,6
8,1,5,3,Player_11,Player_72,0,0,0
8,1,5,4,Player_27,Player_84,0,0,0
8,1,5,5,Player_5,Player_94,4,0,4
8,1,5,6,Player_38,Player_69,1,0,1
8,1,6,1,Player_32,Player_75,1,0,1
8,1,6,2,Player_33,Player_50,0,0,0
8,1,6,3,Player_12,Player_97,0,1,1
8,1,6,4,Player_12,Player_79,0,0,0
8,1,6,5,Player_13,Player_96,0,0,0
8,1,6,6,Player_20,Player_80,0,0,0
8,1,7,1,Player_33,Player_57,1,0,1
8,1,7,2,Player_16,Player_99,0,0,0
8,1,7,3,Player_42,Player_88,6,0,6
8,1,7,4,Player_24,Player_97,4,0,4
8,1,7,5,Player_23,Player_99,1,0,1
8,1,7,6,Player_15,Player_85,0,0,0
8,1,8,1,Player_16,Player_90,2,0,2
8,1,8,2,Player_18,Player_56,1,0,1
8,1,8,3,Player_16,Player_84,0,0,0
8,1,8,4,Player_23,Player_63,1,0,1
8,1,8,5,Player_21,Player_66,1,0,1
8,1,8,6,Player_14,Player_78,0,0,0
8,1,9,1,Player_39,Player_62,3,0,3
8,1,9,2,Player_33,Player_88,1,0,1
8,1,9,3,Player_32,Player_66,4,0,4
8,1,9,4,Player_37,Player_83,0,0,0
8,1,9,5,Player_10,Player_73,4,0,4
8,1,9,6,Player_26,Player_79,0,0,0
8,1,10,1,Player_16,Player_84,1,0,1
8,1,10,2,Player_12,Player_84,1,1,2
8,1,10,3,Player_36,Player_97,0,0,0
8,1,10,4,Player_24,Player_76,2,0,2
8,1,10,5,Player_28,Player_87,1,0,1
8,1,10,6,Player_33,Player_50,4,0,4
8,1,11,1,Player_47,Player_64,1,0,1
8,1,11,2,Player_7,Player_95,3,0,3
8,1,11,3,Player_31,Player_78,0,0,0
8,1,11,4,Player_40,Player_85,0,0,0
8,1,11,5,Player_45,Player_76,0,0,0
8,1,11,6,Player_18,Player_95,0,0,0
8,1,12,1,Player_35,Player_57,0,0,0
8,1,12,2,Player_19,Player_79,0,0,0
8,1,12,3,Player_11,Player_80,4,0,4
8,1,12,4,Player_30,Player_72,0,0,0
8,1,12,5,Player_43,Player_86,0,0,0
8,1,12,6,Player_43,Player_75,0,0,0
8,1,13,1,Player_4,Player_71,4,0,4
8,1,13,2,Player_26,Player_60,1,1,2
8,1,13,3,Player_8,Player_78,0,0,0
8,1,13,4,Player_14,Player_59,1,0,1
8,1,13,5,Player_44,Player_61,0,0,0
8,1,13,6,Player_28,Player_60,0,0,0
8,1,14,1,Player_43,Player_64,0,0,0
8,1,14,2,Player_44,Player_81,0,0,0
8,1,14,3,Player_4,Player_77,1,0,1
8,1,14,4,Player_35,Player_86,1,0,1
8,1,14,5,Player_8,Player_98,0,0,0
8,1,14,6,Player_34,Player_55,1,0,1
8,1,15,1,Player_36,Player_61,0,0,0
8,1,15,2,Player_23,Player_78,0,0,0
8,1,15,3,Player_28,Player_63,0,0,0
8,1,15,4,Player_46,Player_55,0,0,0
8,1,15,5,Player_18,Player_73,1,0,1
8,1,15,6,Player_34,Player_89,4,0,4
8,1,16,1,Player_24,Player_50,4,0,4
8,1,16,2,Player_43,Player_77,1,0,1
8,1,16,3,Player_21,Player_83,1,0,1
8,1,16,4,Player_29,Player_91,0,0,0
8,1,16,5,Player_18,Player_77,0,0,0
8,1,16,6,Player_45,Player_57,0,0,0
8,1,17,1,Player_33,Player_98,0,0,0
8,1,17,2,Player_47,Player_75,0,0,0
8,1,17,3,Player_40,Player_77,3,0,3
8,1,17,4,Player_14,Player_99,6,0,6
8,1,17,5,Player_44,Player_97,1,0,1
8,1,17,6,Player_5,Player_52,1,0,1
8,1,18,1,Player_20,Player_68,1,0,1
8,1,18,2,Player_3,Player_72,4,0,4
8,1,18,3,Player_46,Player_83,1,0,1
8,1,18,4,Player_48,Player_67,0,0,0
8,1,18,5,Player_25,Player_63,0,0,0
8,1,18,6,Player_15,Player_65,0,0,0
8,1,19,1,Player_4,Player_68,1,0,1
8,1,19,2,Player_47,Player_63,0,0,0
8,1,19,3,Player_30,Player_71,0,1,1
8,1,19,4,Player_11,Player_97,1,1,2
8,1,19,5,Player_43,Player_89,4,0,4
8,1,19,6,Player_2,Player_58,1,0,1
8,1,20,1,Player_10,Player_83,6,0,6
8,1,20,2,Player_33,Player_96,3,0,3
8,1,20,3,Player_45,Player_68,1,0,1
8,1,20,4,Player_33,Player_89,0,0,0
8,1,20,5,Player_8,Player_91,1,0,1
8,1,20,6,Player_35,Player_99,6,0,6
8,2,1,1,Player_20,Player_99,4,0,4
8,2,1,2,Player_46,Player_73,0,0,0
8,2,1,3,Player_48,Player_57,0,0,0
8,2,1,4,Player_46,Player_87,1,0,1
8,2,1,5,Player_28,Player_89,0,0,0
8,2,1,6,Player_17,Player_82,1,0,1
8,2,2,1,Player_16,Player_78,0,0,0
8,2,2,2,Player_29,Player_62,1,0,1
8,2,2,3,Player_10,Player_55,1,0,1
8,2,2,4,Player_1,Player_69,0,0,0
8,2,2,5,Player_10,Player_58,6,0,6
8,2,2,6,Player_12,Player_59,0,0,0
8,2,3,1,Player_11,Player_85,1,0,1
8,2,3,2,Player_39,Player_89,1,0,1
8,2,3,3,Player_30,Player_61,0,0,0
8,2,3,4,Player_31,Player_87,3,0,3
8,2,3,5,Player_16,Player_56,0,1,1
8,2,3,6,Player_33,Player_78,6,0,6
8,2,4,1,Player_7,Player_88,4,1,5
8,2,4,2,Player_40,Player_58,1,0,1
8,2,4,3,Player_36,Player_74,1,0,1
8,2,4,4,Player_13,Player_80,1,0,1
8,2,4,5,Player_27,Player_64,0,0,0
8,2,4,6,Player_20,Player_91,1,0,1
8,2,5,1,Player_8,Player_81,4,0,4
8,2,5,2,Player_13,Player_70,1,0,1
8,2,5,3,Player_43,Player_54,0,0,0
8,2,5,4,Player_35,Player_96,1,0,1
8,2,5,5,Player_3,Player_94,0,0,0
8,2,5,6,Player_22,Player_57,1,0,1
8,2,6,1,Player_46,Player_66,6,0,6
8,2,6,2,Player_27,Player_97,1,0,1
8,2,6,3,Player_49,Player_78,1,1,2
8,2,6,4,Player_16,Player_68,1,0,1
8,2,6,5,Player_38,Player_78,4,0,4
8,2,6,6,Player_44,Player_61,0,0,0
8,2,7,1,Player_39,Player_91,4,0,4
8,2,7,2,Player_39,Player_67,2,0,2
8,2,7,3,Player_44,Player_92,0,0,0
8,2,7,4,Player_5,Player_67,0,0,0
8,2,7,5,Player_26,Player_71,2,0,2
8,2,7,6,Player_12,Player_77,1,0,1
8,2,8,1,Player_23,Player_58,6,0,6
8,2,8,2,Player_46,Player_71,0,0,0
8,2,8,3,Player_14,Player_88,0,1,1
8,2,8,4,Player_40,Player_82,0,0,0
8,2,8,5,Player_34,Player_99,6,0,6
8,2,8,6,Player_23,Player_95,1,0,1
8,2,9,1,Player_3,Player_87,1,1,2
8,2,9,2,Player_44,Player_79,4,0,4
8,2,9,3,Player_20,Player_67,4,0,4
8,2,9,4,Player_49,Player_85,2,0,2
8,2,9,5,Player_11,Player_87,2,0,2
8,2,9,6,Player_47,Player_83,2,0,2
8,2,10,1,Player_40,Player_61,0,0,0
8,2,10,2,Player_18,Player_68,6,0,6
8,2,10,3,Player_48,Player_67,1,0,1
8,2,10,4,Player_49,Player_98,1,0,1
8,2,10,5,Player_46,Player_50,0,0,0
8,2,10,6,Player_24,Player_74,0,0,0
8,2,11,1,Player_29,Player_79,1,1,2
8,2,11,2,Player_24,Player_60,0,0,0
8,2,11,3,Player_4,Player_85,1,0,1
8,2,11,4,Player_19,Player_91,4,0,4
8,2,11,5,Player_33,Player_61,0,0,0
8,2,11,6,Player_29,Player_62,2,0,2
8,2,12,1,Player_11,Player_83,0,0,0
8,2,12,2,Player_2,Player_65,1,0,1
8,2,12,3,Player_21,Player_93,2,0,2
8,2,12,4,Player_8,Player_62,4,0,4
8,2,12,5,Player_11,Player_73,0,0,0
8,2,12,6,Player_39,Player_68,1,0,1
8,2,13,1,Player_39,Player_51,1,0,1
8,2,13,2,Player_49,Player_86,0,0,0
8,2,13,3,Player_9,Player_74,1,0,1
8,2,13,4,Player_6,Player_67,2,0,2
8,2,13,5,Player_1,Player_62,1,0,1
8,2,13,6,Player_3,Player_67,0,0,0
8,2,14,1,Player_17,Player_95,2,1,3
8,2,14,2,Player_17,Player_71,1,0,1
8,2,14,3,Player_22,Player_54,0,0,0
8,2,14,4,Player_21,Player_62,1,0,1
8,2,14,5,Player_26,Player_88,0,0,0
8,2,14,6,Player_36,Player_66,0,0,0
8,2,15,1,Player_16,Player_69,0,0,0
8,2,15,2,Player_3,Player_74,1,0,1
8,2,15,3,Player_22,Player_59,1,0,1
8,2,15,4,Player_27,Player_62,0,0,0
8,2,15,5,Player_27,Player_63,0,0,0
8,2,15,6,Player_49,Player_79,0,0,0
8,2,16,1,Player_12,Player_77,2,0,2
8,2,16,2,Player_40,Player_98,1,0,1
8,2,16,3,Player_11,Player_83,0,0,0
8,2,16,4,Player_6,Player_85,4,0,4
8,2,16,5,Player_23,Player_76,2,0,2
8,2,16,6,Player_6,Player_50,0,0,0
8,2,17,1,Player_24,Player_74,0,0,0
8,2,17,2,Player_24,Player_97,1,0,1
8,2,17,3,Player_35,Player_91,2,1,3
8,2,17,4,Player_12,Player_87,1,0,1
8,2,17,5,Player_39,Player_56,1,0,1
8,2,17,6,Player_33,Player_62,1,0,1
8,2,18,1,Player_24,Player_58,4,0,4
8,2,18,2,Player_41,Player_59,1,0,1
8,2,18,3,Player_3,Player_92,1,0,1
8,2,18,4,Player_11,Player_64,0,0,0
8,2,18,5,Player_38,Player_96,4,0,4
8,2,18,6,Player_15,Player_67,1,0,1
8,2,19,1,Player_2,Player_89,1,0,1
8,2,19,2,Player_7,Player_87,0,0,0
8,2,19,3,Player_1,Player_83,0,0,0
8,2,19,4,Player_21,Player_69,2,0,2
8,2,19,5,Player_4,Player_61,2,0,2
8,2,19,6,Player_30,Player_82,1,0,1
8,2,20,1,Player_11,Player_73,3,0,3
8,2,20,2,Player_16,Player_73,1,0,1
8,2,20,3,Player_2,Player_65,0,0,0
8,2,20,4,Player_11,Player_84,0,0,0
8,2,20,5,Player_39,Player_91,0,0,0
8,2,20,6,Player_10,Player_91,0,0,0
9,1,1,1,Player_30,Player_81,1,0,1
9,1,1,2,Player_1,Player_91,0,0,0
9,1,1,3,Player_39,Player_56,0,0,0
9,1,1,4,Player_34,Player_95,3,0,3
9,1,1,5,Player_19,Player_85,0,0,0
9,1,1,6,Player_9,Player_90,1,0,1
9,1,2,1,Player_42,Player_92,0,0,0
9,1,2,2,Player_48,Player_96,0,0,0
9,1,2,3,Player_1,Player_86,4,0,4
9,1,2,4,Player_17,Player_75,2,0,2
9,1,2,5,Player_33,Player_51,3,0,3
9,1,2,6,Player_18,Player_92,4,0,4
9,1,3,1,Player_4,Player_86,1,0,1
9,1,3,2,Player_18,Player_73,4,0,4
9,1,3,3,Player_19,Player_58,1,0,1
9,1,3,4,Player_10,Player_50,4,0,4
9,1,3,5,Player_47,Player_64,6,0,6
9,1,3,6,Player_22,Player_90,1,0,1
9,1,4,1,Player_44,Player_74,0,0,0
9,1,4,2,Player_34,Player_58,0,0,0
9,1,4,3,Player_6,Player_86,0,0,0
9,1,4,4,Player_29,Player_63,1,0,1
9,1,4,5,Player_8,Player_75,0,0,0
9,1,4,6,Player_4,Player_65,0,0,0
9,1,5,1,Player_40,Player_87,2,0,2
9,1,5,2,Player_18,Player_59,0,0,0
9,1,5,3,Player_39,Player_70,1,0,1
9,1,5,4,Player_20,Player_59,2,0,2
9,1,5,5,Player_46,Player_97,1,0,1
9,1,5,6,Player_10,Player_69,0,0,0
9,1,6,1,Player_16,Player_64,0,1,1
9,1,6,2,Player_48,Player_94,0,0,0
9,1,6,3,Player_13,Player_63,0,0,0
9,1,6,4,Player_35,Player_80,3,1,4
9,1,6,5,Player_8,Player_70,1,0,1
9,1,6,6,Player_6,Player_79,0,0,0
9,1,7,1,Player_48,Player_58,1,0,1
9,1,7,2,Player_36,Player_74,1,0,1
9,1,7,3,Player_12,Player_59,4,0,4
9,1,7,4,Player_22,Player_55,0,0,0
9,1,7,5,Player_32,Player_91,0,1,1
9,1,7,6,Player_8,Player_97,4,0,4
9,1,8,1,Player_44,Player_57,4,0,4
9,1,8,2,Player_19,Player_96,0,0,0
9,1,8,3,Player_43,Player_69,1,0,1
9,1,8,4,Player_10,Player_83,0,0,0
9,1,8,5,Player_31,Player_91,0,0,0
9,1,8,6,Player_6,Player_63,4,0,4
9,1,9,1,Player_39,Player_66,1,0,1
9,1,9,2,Player_6,Player_78,1,0,1
9,1,9,3,Player_40,Player_60,1,0,1
9,1,9,4,Player_22,Player_74,6,0,6
9,1,9,5,Player_41,Player_85,0,0,0
9,1,9,6,Player_2,Player_51,1,1,2
9,1,10,1,Player_35,Player_90,0,0,0
9,1,10,2,Player_34,Player_57,0,0,0
9,1,10,3,Player_38,Player_81,1,0,1
9,1,10,4,Player_37,Player_90,0,0,0
9,1,10,5,Player_4,Player_84,4,0,4
9,1,10,6,Player_14,Player_87,0,0,0
9,1,11,1,Player_35,Player_51,1,0,1
9,1,11,2,Player_29,Player_67,3,0,3
9,1,11,3,Player_49,Player_80,3,0,3
9,1,11,4,Player_18,Player_79,1,0,1
9,1,11,5,Player_8,Player_77,1,0,1
9,1,11,6,Player_44,Player_71,0,0,0
9,1,12,1,Player_9,Player_79,1,1,2
9,1,12,2,Player_11,Player_69,0,0,0
9,1,12,3,Player_11,Player_57,1,0,1
9,1,12,4,Player_38,Player_96,3,0,3
9,1,12,5,Player_27,Player_70,4,0,4
9,1,12,6,Player_11,Player_62,1,0,1
9,1,13,1,Player_9,Player_62,2,0,2
9,1,13,2,Player_42,Player_62,1,0,1
9,1,13,3,Player_24,Player_68,1,0,1
9,1,13,4,Player_28,Player_51,1,0,1
9,1,13,5,Player_9,Player_82,1,0,1
9,1,13,6,Player_15,Player_81,0,0,0
9,1,14,1,Player_13,Player_96,0,0,0
9,1,14,2,Player_32,Player_92,1,0,1
9,1,14,3,Player_12,Player_69,0,0,0
9,1,14,4,Player_49,Player_92,1,0,1
9,1,14,5,Player_30,Player_61,1,0,1
9,1,14,6,Player_23,Player_63,4,0,4
9,1,15,1,Player_15,Player_56,0,0,0
9,1,15,2,Player_38,Player_95,1,0,1
9,1,15,3,Player_11,Player_78,2,0,2
9,1,15,4,Player_24,Player_68,0,0,0
9,1,15,5,Player_8,Player_74,3,0,3
9,1,15,6,Player_23,Player_54,1,0,1
9,1,16,1,Player_16,Player_97,4,0,4
9,1,16,2,Player_1,Player_71,1,0,1
9,1,16,3,Player_36,Player_67,1,0,1
9,1,16,4,Player_10,Player_98,3,0,3
9,1,16,5,Player_27,Player_60,3,0,3
9,1,16,6,Player_29,Player_64,1,0,1
9,1,17,1,Player_12,Player_79,0,0,0
9,1,17,2,Player_41,Player_88,1,0,1
9,1,17,3,Player_21,Player_65,0,0,0
9,1,17,4,Player_17,Player_87,2,0,2
9,1,17,5,Player_9,Player_62,1,0,1
9,1,17,6,Player_43,Player_93,6,0,6
9,1,18,1,Player_36,Player_90,0,0,0
9,1,18,2,Player_41,Player_94,1,0,1
9,1,18,3,Player_18,Player_79,1,0,1
9,1,18,4,Player_20,Player_74,2,0,2
9,1,18,5,Player_9,Player_99,4,0,4
9,1,18,6,Player_32,Player_98,2,0,2
9,1,19,1,Player_8,Player_54,1,0,1
9,1,19,2,Player_23,Player_58,1,0,1
9,1,19,3,Player_33,Player_51,0,0,0
9,1,19,4,Player_25,Player_65,0,0,0
9,1,19,5,Player_16,Player_63,1,0,1
9,1,19,6,Player_15,Player_68,0,0,0
9,1,20,1,Player_10,Player_84,1,0,1
9,1,20,2,Player_23,Player_53,6,0,6
9,1,20,3,Player_29,Player_50,0,0,0
9,1,20,4,Player_33,Player_98,1,0,1
9,1,20,5,Player_32,Player_64,1,0,1
9,1,20,6,Player_19,Player_73,1,0,1
9,2,1,1,Player_22,Player_64,0,1,1
9,2,1,2,Player_9,Player_77,1,0,1
9,2,1,3,Player_10,Player_86,3,0,3
9,2,1,4,Player_38,Player_88,4,0,4
9,2,1,5,Player_14,Player_93,6,0,6
9,2,1,6,Player_15,Player_80,1,0,1
9,2,2,1,Player_10,Player_97,6,0,6
9,2,2,2,Player_37,Player_52,1,0,1
9,2,2,3,Player_37,Player_61,3,0,3
9,2,2,4,Player_42,Player_77,0,0,0
9,2,2,5,Player_40,Player_93,2,0,2
9,2,2,6,Player_26,Player_79,2,0,2
9,2,3,1,Player_43,Player_67,0,0,0
9,2,3,2,Player_6,Player_79,0,0,0
9,2,3,3,Player_42,Player_92,4,0,4
9,2,3,4,Player_7,Player_58,0,0,0
9,2,3,5,Player_33,Player_70,2,0,2
9,2,3,6,Player_32,Player_84,1,0,1
9,2,4,1,Player_45,Player_70,1,0,1
9,2,4,2,Player_33,Player_77,6,0,6
9,2,4,3,Player_15,Player_63,1,0,1
9,2,4,4,Player_6,Player_58,1,0,1
9,2,4,5,Player_26,Player_67,1,0,1
9,2,4,6,Player_9,Player_81,0,0,0
9,2,5,1,Player_6,Player_63,0,0,0
9,2,5,2,Player_13,Player_92,4,0,4
9,2,5,3,Player_27,Player_68,0,1,1
9,2,5,4,Player_46,Player_67,0,0,0
9,2,5,5,Player_17,Player_53,1,0,1
9,2,5,6,Player_29,Player_53,0,0,0
9,2,6,1,Player_47,Player_51,0,0,0
9,2,6,2,Player_26,Player_57,1,0,1
9,2,6,3,Player_1,Player_97,3,0,3
9,2,6,4,Player_41,Player_86,2,0,2
9,2,6,5,Player_19,Player_96,0,0,0
9,2,6,6,Player_14,Player_98,4,0,4
9,2,7,1,Player_31,Player_56,2,0,2
9,2,7,2,Player_39,Player_73,4,0,4
9,2,7,3,Player_45,Player_89,4,0,4
9,2,7,4,Player_27,Player_60,0,0,0
9,2,7,5,Player_7,Player_76,1,1,2
9,2,7,6,Player_13,Player_60,1,1,2
9,2,8,1,Player_28,Player_73,4,0,4
9,2,8,2,Player_49,Player_95,0,0,0
9,2,8,3,Player_33,Player_78,2,0,2
9,2,8,4,Player_31,Player_77,1,0,1
9,2,8,5,Player_14,Player_74,1,0,1
9,2,8,6,Player_48,Player_56,1,0,1
9,2,9,1,Player_37,Player_87,0,0,0
9,2,9,2,Player_15,Player_75,0,0,0
9,2,9,3,Player_1,Player_92,0,0,0
9,2,9,4,Player_10,Player_66,0,0,0
9,2,9,5,Player_48,Player_70,1,0,1
9,2,9,6,Player_6,Player_50,1,0,1
9,2,10,1,Player_31,Player_71,0,0,0
9,2,10,2,Player_14,Player_96,4,0,4
9,2,10,3,Player_32,Player_83,0,0,0
9,2,10,4,Player_10,Player_99,1,0,1
9,2,10,5,Player_13,Player_50,6,0,6
9,2,10,6,Player_25,Player_75,0,0,0
9,2,11,1,Player_37,Player_90,1,0,1
9,2,11,2,Player_8,Player_98,4,0,4
9,2,11,3,Player_5,Player_73,0,0,0
9,2,11,4,Player_25,Player_50,0,1,1
9,2,11,5,Player_49,Player_68,1,0,1
9,2,11,6,Player_2,Player_58,0,0,0
9,2,12,1,Player_36,Player_66,1,0,1
9,2,12,2,Player_3,Player_92,0,0,0
9,2,12,3,Player_37,Player_95,1,0,1
9,2,12,4,Player_11,Player_69,0,1,1
9,2,12,5,Player_16,Player_79,0,0,0
9,2,12,6,Player_9,Player_71,0,0,0
9,2,13,1,Player_28,Player_64,0,0,0
9,2,13,2,Player_10,Player_80,0,0,0
9,2,13,3,Player_32,Player_81,4,0,4
9,2,13,4,Player_46,Player_70,0,0,0
9,2,13,5,Player_27,Player_74,1,0,1
9,2,13,6,Player_36,Player_66,1,0,1
9,2,14,1,Player_41,Player_87,1,0,1
9,2,14,2,Player_27,Player_86,1,0,1
9,2,14,3,Player_16,Player_65,6,0,6
9,2,14,4,Player_19,Player_66,4,0,4
9,2,14,5,Player_28,Player_50,1,0,1
9,2,14,6,Player_2,Player_66,2,0,2
9,2,15,1,Player_9,Player_62,1,0,1
9,2,15,2,Player_2,Player_91,1,0,1
9,2,15,3,Player_42,Player_62,0,0,0
9,2,15,4,Player_3,Player_79,1,0,1
9,2,15,5,Player_9,Player_68,1,0,1
9,2,15,6,Player_18,Player_72,1,0,1
9,2,16,1,Player_31,Player_82,4,0,4
9,2,16,2,Player_7,Player_80,0,0,0
9,2,16,3,Player_47,Player_63,0,0,0
9,2,16,4,Player_19,Player_66,4,0,4
9,2,16,5,Player_49,Player_58,0,0,0
9,2,16,6,Player_23,Player_54,1,0,1
9,2,17,1,Player_3,Player_73,0,0,0
9,2,17,2,Player_26,Player_53,1,0,1
9,2,17,3,Player_21,Player_68,1,0,1
9,2,17,4,Player_3,Player_98,0,0,0
9,2,17,5,Player_40,Player_64,1,0,1
9,2,17,6,Player_4,Player_64,0,0,0
9,2,18,1,Player_47,Player_91,1,0,1
9,2,18,2,Player_35,Player_80,3,0,3
9,2,18,3,Player_3,Player_86,4,0,4
9,2,18,4,Player_36,Player_78,1,0,1
9,2,18,5,Player_14,Player_99,1,0,1
9,2,18,6,Player_3,Player_72,1,0,1
9,2,19,1,Player_21,Player_86,0,0,0
9,2,19,2,Player_41,Player_84,1,0,1
9,2,19,3,Player_29,Player_96,0,1,1
9,2,19,4,Player_19,Player_95,1,0,1
9,2,19,5,Player_14,Player_93,0,0,0
9,2,19,6,Player_49,Player_61,1,0,1
9,2,20,1,Player_33,Player_82,3,0,3
9,2,20,2,Player_16,Player_80,1,0,1
9,2,20,3,Player_13,Player_59,0,0,0
9,2,20,4,Player_13,Player_52,0,0,0
9,2,20,5,Player_49,Player_77,0,0,0
9,2,20,6,Player_13,Player_82,4,0,4
10,1,1,1,Player_3,Player_56,0,0,0
10,1,1,2,Player_23,Player_79,0,0,0
10,1,1,3,Player_7,Player_82,4,0,4
10,1,1,4,Player_8,Player_64,1,0,1
10,1,1,5,Player_33,Player_54,2,0,2
10,1,1,6,Player_1,Player_53,0,0,0
10,1,2,1,Player_33,Player_82,0,0,0
10,1,2,2,Player_45,Player_75,1,0,1
10,1,2,3,Player_42,Player_61,2,0,2
10,1,2,4,Player_26,Player_58,1,1,2
10,1,2,5,Player_14,Player_52,2,0,2
10,1,2,6,Player_9,Player_62,1,0,1
10,1,3,1,Player_21,Player_68,3,0,3
10,1,3,2,Player_33,Player_81,1,0,1
10,1,3,3,Player_20,Player_57,1,0,1
10,1,3,4,Player_25,Player_82,0,0,0
10,1,3,5,Player_42,Player_90,0,0,0
10,1,3,6,Player_25,Player_87,4,0,4
10,1,4,1,Player_23,Player_67,1,0,1
10,1,4,2,Player_8,Player_66,1,0,1
10,1,4,3,Player_33,Player_76,1,0,1
10,1,4,4,Player_26,Player_81,2,0,2
10,1,4,5,Player_32,Player_56,2,0,2
10,1,4,6,Player_12,Player_60,4,0,4
10,1,5,1,Player_38,Player_71,0,1,1
10,1,5,2,Player_14,Player_82,2,0,2
10,1,5,3,Player_4,Player_76,4,0,4
10,1,5,4,Player_33,Player_97,0,0,0
10,1,5,5,Player_9,Player_58,2,0,2
10,1,5,6,Player_45,Player_57,0,0,0
10,1,6,1,Player_33,Player_50,1,0,1
10,1,6,2,Player_5,Player_65,4,0,4
10,1,6,3,Player_19,Player_57,0,1,1
10,1,6,4,Player_5,Player_89,0,0,0
10,1,6,5,Player_31,Player_82,4,0,4
10,1,6,6,Player_39,Player_65,2,0,2
10,1,7,1,Player_41,Player_56,1,0,1
10,1,7,2,Player_48,Player_74,3,0,3
10,1,7,3,Player_16,Player_78,0,0,0
10,1,7,4,Player_27,Player_74,0,0,0
10,1,7,5,Player_12,Player_90,2,0,2
10,1,7,6,Player_22,Player_99,0,0,0
10,1,8,1,Player_18,Player_99,0,0,0
10,1,8,2,Player_45,Player_66,1,0,1
10,1,8,3,Player_5,Player_63,4,0,4
10,1,8,4,Player_45,Player_72,1,0,1
10,1,8,5,Player_13,Player_65,0,0,0
10,1,8,6,Player_37,Player_71,1,0,1
10,1,9,1,Player_36,Player_98,0,0,0
10,1,9,2,Player_22,Player_92,3,0,3
10,1,9,3,Player_17,Player_61,2,0,2
10,1,9,4,Player_41,Player_56,2,0,2
10,1,9,5,Player_5,Player_66,0,0,0
10,1,9,6,Player_19,Player_65,2,0,2
10,1,10,1,Player_37,Player_64,2,0,2
10,1,10,2,Player_47,Player_95,6,1,7
10,1,10,3,Player_36,Player_75,4,0,4
10,1,10,4,Player_5,Player_62,0,0,0
10,1,10,5,Player_3,Player_56,1,0,1
10,1,10,6,Player_3,Player_78,1,0,1
10,1,11,1,Player_43,Player_98,1,0,1
10,1,11,2,Player_29,Player_59,2,0,2
10,1,11,3,Player_3,Player_85,1,0,1
10,1,11,4,Player_43,Player_94,1,0,1
10,1,11,5,Player_20,Player_62,6,0,6
10,1,11,6,Player_27,Player_72,0,0,0
10,1,12,1,Player_19,Player_96,0,0,0
10,1,12,2,Player_31,Player_80,0,0,0
10,1,12,3,Player_46,Player_59,0,1,1
10,1,12,4,Player_27,Player_55,4,0,4
10,1,12,5,Player_13,Player_99,1,0,1
10,1,12,6,Player_32,Player_71,1,0,1
10,1,13,1,Player_38,Player_97,1,0,1
10,1,13,2,Player_43,Player_57,0,1,1
10,1,13,3,Player_9,Player_75,0,0,0
10,1,13,4,Player_21,Player_75,0,0,0
10,1,13,5,Player_14,Player_73,1,0,1
10,1,13,6,Player_26,Player_80,0,0,0
10,1,14,1,Player_41,Player_51,0,0,0
10,1,14,2,Player_2,Player_91,1,0,1
10,1,14,3,Player_9,Player_85,0,0,0
10,1,14,4,Player_33,Player_91,2,0,2
10,1,14,5,Player_18,Player_55,1,0,1
10,1,14,6,Player_48,Player_57,1,0,1
10,1,15,1,Player_7,Player_66,1,0,1
10,1,15,2,Player_13,Player_96,0,0,0
10,1,15,3,Player_22,Player_50,0,0,0
10,1,15,4,Player_35,Player_59,0,0,0
10,1,15,5,Player_35,Player_94,1,0,1
10,1,15,6,Player_8,Player_85,4,0,4
10,1,16,1,Player_40,Player_56,1,0,1
10,1,16,2,Player_22,Player_62,0,0,0
10,1,16,3,Player_19,Player_82,1,0,1
10,1,16,4,Player_41,Player_84,0,0,0
10,1,16,5,Player_44,Player_72,0,0,0
10,1,16,6,Player_24,Player_54,6,0,6
10,1,17,1,Player_12,Player_54,0,0,0
10,1,17,2,Player_30,Player_67,0,0,0
10,1,17,3,Player_39,Player_98,1,0,1
10,1,17,4,Player_25,Player_80,1,0,1
10,1,17,5,Player_33,Player_88,4,0,4
10,1,17,6,Player_32,Player_67,0,0,0
10,1,18,1,Player_42,Player_84,4,0,4
10,1,18,2,Player_44,Player_53,0,0,0
10,1,18,3,Player_31,Player_53,0,0,0
10,1,18,4,Player_47,Player_50,0,0,0
10,1,18,5,Player_17,Player_63,1,0,1
10,1,18,6,Player_13,Player_84,0,0,0
10,1,19,1,Player_13,Player_65,0,0,0
10,1,19,2,Player_41,Player_79,1,0,1
10,1,19,3,Player_40,Player_68,1,0,1
10,1,19,4,Player_48,Player_62,1,0,1
10,1,19,5,Player_31,Player_65,0,0,0
10,1,19,6,Player_6,Player_77,6,0,6
10,1,20,1,Player_18,Player_53,0,0,0
10,1,20,2,Player_8,Player_92,2,0,2
10,1,20,3,Player_17,Player_51,4,0,4
10,1,20,4,Player_48,Player_71,1,0,1
10,1,20,5,Player_38,Player_75,1,0,1
10,1,20,6,Player_28,Player_84,0,0,0
10,2,1,1,Player_16,Player_64,0,0,0
10,2,1,2,Player_48,Player_97,3,0,3
10,2,1,3,Player_35,Player_94,1,0,1
10,2,1,4,Player_38,Player_58,0,0,0
10,2,1,5,Player_35,Player_91,0,0,0
10,2,1,6,Player_23,Player_62,1,0,1
10,2,2,1,Player_29,Player_73,0,0,0
10,2,2,2,Player_28,Player_96,3,0,3
10,2,2,3,Player_11,Player_52,1,0,1
10,2,2,4,Player_49,Player_81,2,0,2
10,2,2,5,Player_45,Player_92,1,0,1
10,2,2,6,Player_7,Player_61,6,0,6
10,2,3,1,Player_17,Player_85,1,0,1
10,2,3,2,Player_47,Player_89,0,0,0
10,2,3,3,Player_5,Player_72,1,0,1
10,2,3,4,Player_6,Player_82,0,0,0
10,2,3,5,Player_29,Player_55,4,0,4
10,2,3,6,Player_48,Player_59,1,0,1
10,2,4,1,Player_17,Player_98,4,1,5
10,2,4,2,Player_44,Player_95,2,0,2
10,2,4,3,Player_2,Player_85,0,0,0
10,2,4,4,Player_47,Player_87,4,0,4
10,2,4,5,Player_2,Player_80,3,0,3
10,2,4,6,Player_7,Player_85,0,0,0
10,2,5,1,Player_4,Player_78,0,0,0
10,2,5,2,Player_30,Player_78,1,0,1
10,2,5,3,Player_27,Player_79,1,0,1
10,2,5,4,Player_43,Player_56,0,0,0
10,2,5,5,Player_41,Player_91,0,0,0
10,2,5,6,Player_5,Player_78,2,0,2
10,2,6,1,Player_32,Player_69,1,0,1
10,2,6,2,Player_29,Player_84,0,0,0
10,2,6,3,Player_31,Player_90,1,0,1
10,2,6,4,Player_11,Player_51,1,1,2
10,2,6,5,Player_3,Player_65,0,0,0
10,2,6,6,Player_20,Player_74,2,0,2
10,2,7,1,Player_29,Player_66,4,0,4
10,2,7,2,Player_48,Player_69,0,0,0
10,2,7,3,Player_27,Player_51,3,0,3
10,2,7,4,Player_13,Player_85,0,0,0
10,2,7,5,Player_8,Player_51,3,0,3
10,2,7,6,Player_44,Player_70,0,0,0
10,2,8,1,Player_32,Player_69,1,0,1
10,2,8,2,Player_46,Player_83,3,0,3
10,2,8,3,Player_8,Player_56,3,0,3
10,2,8,4,Player_18,Player_91,2,0,2
10,2,8,5,Player_21,Player_95,2,0,2
10,2,8,6,Player_38,Player_59,1,0,1
10,2,9,1,Player_1,Player_99,4,0,4
10,2,9,2,Player_33,Player_86,2,0,2
10,2,9,3,Player_8,Player_61,0,0,0
10,2,9,4,Player_25,Player_81,4,0,4
10,2,9,5,Player_28,Player_50,0,0,0
10,2,9,6,Player_5,Player_74,0,0,0
10,2,10,1,Player_4,Player_53,4,0,4
10,2,10,2,Player_37,Player_90,0,0,0
10,2,10,3,Player_16,Player_66,0,0,0
10,2,10,4,Player_11,Player_83,2,0,2
10,2,10,5,Player_23,Player_90,0,0,0
10,2,10,6,Player_15,Player_59,0,0,0
10,2,11,1,Player_23,Player_66,2,0,2
10,2,11,2,Player_9,Player_65,1,0,1
10,2,11,3,Player_31,Player_55,0,0,0
10,2,11,4,Player_22,Player_62,1,0,1
10,2,11,5,Player_6,Player_75,1,0,1
10,2,11,6,Player_10,Player_50,0,0,0
10,2,12,1,Player_12,Player_63,0,1,1
10,2,12,2,Player_28,Player_56,6,0,6
10,2,12,3,Player_36,Player_51,1,0,1
10,2,12,4,Player_16,Player_92,0,0,0
10,2,12,5,Player_4,Player_68,2,0,2
10,2,12,6,Player_19,Player_65,1,0,1
10,2,13,1,Player_23,Player_70,0,0,0
10,2,13,2,Player_25,Player_81,0,0,0
10,2,13,3,Player_36,Player_83,2,0,2
10,2,13,4,Player_5,Player_54,2,0,2
10,2,13,5,Player_4,Player_58,1,0,1
10,2,13,6,Player_16,Player_91,1,0,1
10,2,14,1,Player_10,Player_55,1,0,1
10,2,14,2,Player_6,Player_96,0,0,0
10,2,14,3,Player_4,Player_89,4,0,4
10,2,14,4,Player_35,Player_59,4,0,4
10,2,14,5,Player_46,Player_65,1,0,1
10,2,14,6,Player_25,Player_80,2,0,2
10,2,15,1,Player_30,Player_88,0,0,0
10,2,15,2,Player_35,Player_78,0,0,0
10,2,15,3,Player_18,Player_75,1,0,1
10,2,15,4,Player_6,Player_50,0,0,0
10,2,15,5,Player_21,Player_73,0,0,0
10,2,15,6,Player_43,Player_68,0,0,0
10,2,16,1,Player_12,Player_82,1,0,1
10,2,16,2,Player_10,Player_80,4,0,4
10,2,16,3,Player_37,Player_67,0,0,0
10,2,16,4,Player_16,Player_57,1,0,1
10,2,16,5,Player_24,Player_65,0,0,0
10,2,16,6,Player_35,Player_82,4,0,4
10,2,17,1,Player_37,Player_75,0,0,0
10,2,17,2,Player_25,Player_83,4,0,4
10,2,17,3,Player_7,Player_65,0,0,0
10,2,17,4,Player_17,Player_97,1,0,1
10,2,17,5,Player_47,Player_61,2,0,2
10,2,17,6,Player_34,Player_56,0,0,0
10,2,18,1,Player_26,Player_84,1,1,2
10,2,18,2,Player_15,Player_71,1,0,1
10,2,18,3,Player_24,Player_70,1,0,1
10,2,18,4,Player_32,Player_81,0,0,0
10,2,18,5,Player_4,Player_71,0,0,0
10,2,18,6,Player_24,Player_51,1,0,1
10,2,19,1,Player_5,Player_52,0,0,0
10,2,19,2,Player_35,Player_72,4,1,5
10,2,19,3,Player_18,Player_85,1,0,1
10,2,19,4,Player_40,Player_66,6,0,6
10,2,19,5,Player_31,Player_61,0,0,0
10,2,19,6,Player_10,Player_88,1,0,1
10,2,20,1,Player_41,Player_56,0,0,0
10,2,20,2,Player_11,Player_56,0,0,0
10,2,20,3,Player_36,Player_97,0,0,0
10,2,20,4,Player_17,Player_58,1,0,1
10,2,20,5,Player_24,Player_58,0,0,0
10,2,20,6,Player_6,Player_99,2,0,2
11,1,1,1,Player_42,Player_62,4,0,4
11,1,1,2,Player_20,Player_99,2,0,2
11,1,1,3,Player_37,Player_61,3,1,4
11,1,1,4,Player_2,Player_99,3,0,3
11,1,1,5,Player_9,Player_71,0,0,0
11,1,1,6,Player_44,Player_71,0,0,0
11,1,2,1,Player_31,Player_52,1,1,2
11,1,2,2,Player_26,Player_62,4,0,4
11,1,2,3,Player_23,Player_52,4,0,4
11,1,2,4,Player_44,Player_76,0,0,0
11,1,2,5,Player_24,Player_57,1,0,1
11,1,2,6,Player_19,Player_65,2,0,2
11,1,3,1,Player_40,Player_88,0,0,0
11,1,3,2,Player_5,Player_63,0,0,0
11,1,3,3,Player_4,Player_57,0,0,0
11,1,3,4,Player_21,Player_75,3,0,3
11,1,3,5,Player_27,Player_65,1,1,2
11,1,3,6,Player_31,Player_97,3,0,3
11,1,4,1,Player_7,Player_83,1,0,1
11,1,4,2,Player_43,Player_58,1,0,1
11,1,4,3,Player_6,Player_68,0,0,0
11,1,4,4,Player_6,Player_74,6,0,6
11,1,4,5,Player_16,Player_65,1,0,1
11,1,4,6,Player_34,Player_77,1,0,1
11,1,5,1,Player_14,Player_56,0,0,0
11,1,5,2,Player_31,Player_79,1,0,1
11,1,5,3,Player_30,Player_83,0,0,0
11,1,5,4,Player_35,Player_88,1,0,1
11,1,5,5,Player_45,Player_73,1,0,1
11,1,5,6,Player_30,Player_80,1,1,2
11,1,6,1,Player_13,Player_74,1,1,2
11,1,6,2,Player_45,Player_55,6,0,6
11,1,6,3,Player_9,Player_97,2,0,2
11,1,6,4,Player_29,Player_73,3,0,3
11,1,6,5,Player_42,Player_94,3,0,3
11,1,6,6,Player_29,Player_55,0,0,0
11,1,7,1,Player_23,Player_93,0,0,0
11,1,7,2,Player_44,Player_96,2,0,2
11,1,7,3,Player_26,Player_57,1,0,1
11,1,7,4,Player_3,Player_81,1,0,1
11,1,7,5,Player_32,Player_75,0,0,0
11,1,7,6,Player_36,Player_89,0,1,1
11,1,8,1,Player_32,Player_65,0,0,0
11,1,8,2,Player_11,Player_57,0,0,0
11,1,8,3,Player_28,Player_63,0,0,0
11,1,8,4,Player_27,Player_69,1,0,1
11,1,8,5,Player_45,Player_90,1,0,1
11,1,8,6,Player_44,Player_95,0,1,1
11,1,9,1,Player_48,Player_63,0,0,0
11,1,9,2,Player_15,Player_73,1,0,1
11,1,9,3,Player_13,Player_58,4,0,4
11,1,9,4,Player_35,Player_73,6,0,6
11,1,9,5,Player_23,Player_94,4,0,4
11,1,9,6,Player_14,Player_79,0,0,0
11,1,10,1,Player_47,Player_65,6,0,6
11,1,10,2,Player_44,Player_67,0,0,0
11,1,10,3,Player_40,Player_78,1,0,1
11,1,10,4,Player_39,Player_96,0,0,0
11,1,10,5,Player_9,Player_73,4,0,4
11,1,10,6,Player_44,Player_86,0,0,0
11,1,11,1,Player_14,Player_61,0,0,0
11,1,11,2,Player_17,Player_89,4,0,4
11,1,11,3,Player_1,Player_83,6,0,6
11,1,11,4,Player_7,Player_50,0,0,0
11,1,11,5,Player_15,Player_80,0,1,1
11,1,11,6,Player_29,Player_55,0,0,0
11,1,12,1,Player_22,Player_73,0,0,0
11,1,12,2,Player_11,Player_56,1,0,1
11,1,12,3,Player_48,Player_70,4,0,4
11,1,12,4,Player_5,Player_62,1,0,1
11,1,12,5,Player_21,Player_86,1,0,1
11,1,12,6,Player_48,Player_57,1,0,1
11,1,13,1,Player_31,Player_70,1,0,1
11,1,13,2,Player_35,Player_98,1,0,1
11,1,13,3,Player_42,Player_96,0,0,0
11,1,13,4,Player_20,Player_83,4,0,4
11,1,13,5,Player_5,Player_87,3,0,3
11,1,13,6,Player_7,Player_85,1,0,1
11,1,14,1,Player_46,Player_72,0,0,0
11,1,14,2,Player_15,Player_78,0,0,0
11,1,14,3,Player_21,Player_64,1,0,1
11,1,14,4,Player_15,Player_91,1,0,1
11,1,14,5,Player_29,Player_90,0,0,0
11,1,14,6,Player_43,Player_92,1,0,1
11,1,15,1,Player_5,Player_54,1,0,1
11,1,15,2,Player_16,Player_90,0,0,0
11,1,15,3,Player_2,Player_95,4,0,4
11,1,15,4,Player_43,Player_67,1,0,1
11,1,15,5,Player_28,Player_75,0,0,0
11,1,15,6,Player_36,Player_80,1,0,1
11,1,16,1,Player_23,Player_83,2,0,2
11,1,16,2,Player_47,Player_52,3,0,3
11,1,16,3,Player_4,Player_73,4,0,4
11,1,16,4,Player_11,Player_86,0,0,0
11,1,16,5,Player_1,Player_52,0,0,0
11,1,16,6,Player_26,Player_72,3,0,3
11,1,17,1,Player_25,Player_71,1,0,1
11,1,17,2,Player_10,Player_69,0,0,0
11,1,17,3,Player_1,Player_51,0,0,0
11,1,17,4,Player_8,Player_87,6,0,6
11,1,17,5,Player_15,Player_95,0,1,1
11,1,17,6,Player_43,Player_77,1,0,1
11,1,18,1,Player_34,Player_81,0,0,0
11,1,18,2,Player_39,Player_57,1,0,1
11,1,18,3,Player_22,Player_78,0,0,0
11,1,18,4,Player_46,Player_84,3,0,3
11,1,18,5,Player_10,Player_76,1,0,1
11,1,18,6,Player_24,Player_62,1,0,1
11,1,19,1,Player_9,Player_98,1,0,1
11,1,19,2,Player_7,Player_50,2,0,2
11,1,19,3,Player_11,Player_93,1,0,1
11,1,19,4,Player_14,Player_83,0,0,0
11,1,19,5,Player_26,Player_65,6,0,6
11,1,19,6,Player_19,Player_55,0,0,0
11,1,20,1,Player_8,Player_63,1,0,1
11,1,20,2,Player_15,Player_72,0,0,0
11,1,20,3,Player_28,Player_75,0,0,0
11,1,20,4,Player_2,Player_52,0,0,0
11,1,20,5,Player_10,Player_68,2,0,2
11,1,20,6,Player_37,Player_72,0,0,0
11,2,1,1,Player_11,Player_97,1,0,1
11,2,1,2,Player_28,Player_68,0,0,0
11,2,1,3,Player_37,Player_88,0,0,0
11,2,1,4,Player_40,Player_82,0,0,0
11,2,1,5,Player_10,Player_71,1,1,2
11,2,1,6,Player_44,Player_57,1,0,1
11,2,2,1,Player_28,Player_90,3,0,3
11,2,2,2,Player_33,Player_71,2,0,2
11,2,2,3,Player_15,Player_71,0,0,0
11,2,2,4,Player_34,Player_93,0,0,0
11,2,2,5,Player_35,Player_91,3,0,3
11,2,2,6,Player_44,Player_77,4,0,4
11,2,3,1,Player_17,Player_73,2,0,2
11,2,3,2,Player_33,Player_79,4,0,4
11,2,3,3,Player_49,Player_73,0,0,0
11,2,3,4,Player_13,Player_76,2,0,2
11,2,3,5,Player_20,Player_57,0,0,0
11,2,3,6,Player_2,Player_92,0,0,0
11,2,4,1,Player_28,Player_84,1,0,1
11,2,4,2,Player_2,Player_61,1,0,1
11,2,4,3,Player_3,Player_54,0,0,0
11,2,4,4,Player_2,Player_93,0,0,0
11,2,4,5,Player_14,Player_77,6,0,6
11,2,4,6,Player_36,Player_87,0,0,0
11,2,5,1,Player_48,Player_88,0,0,0
11,2,5,2,Player_28,Player_80,4,0,4
11,2,5,3,Player_22,Player_70,2,0,2
11,2,5,4,Player_46,Player_58,0,0,0
11,2,5,5,Player_39,Player_71,1,0,1
11,2,5,6,Player_16,Player_75,0,0,0
11,2,6,1,Player_14,Player_93,0,0,0
11,2,6,2,Player_26,Player_94,1,0,1
11,2,6,3,Player_23,Player_91,2,0,2
11,2,6,4,Player_32,Player_54,6,0,6
11,2,6,5,Player_32,Player_69,1,0,1
11,2,6,6,Player_47,Player_67,0,0,0
11,2,7,1,Player_19,Player_93,0,0,0
11,2,7,2,Player_46,Player_57,3,0,3
11,2,7,3,Player_5,Player_90,0,0,0
11,2,7,4,Player_45,Player_56,1,0,1
11,2,7,5,Player_14,Player_93,1,0,1
11,2,7,6,Player_47,Player_85,0,0,0
11,2,8,1,Player_39,Player_78,1,0,1
11,2,8,2,Player_24,Player_89,2,0,2
11,2,8,3,Player_16,Player_60,0,0,0
11,2,8,4,Player_24,Player_82,1,0,1
11,2,8,5,Player_27,Player_87,1,0,1
11,2,8,6,Player_39,Player_62,1,0,1
11,2,9,1,Player_49,Player_90,1,0,1
11,2,9,2,Player_30,Player_74,0,0,0
11,2,9,3,Player_5,Player_68,1,1,2
11,2,9,4,Player_32,Player_70,0,0,0
11,2,9,5,Player_13,Player_66,1,0,1
11,2,9,6,Player_46,Player_57,0,0,0
11,2,10,1,Player_28,Player_95,1,0,1
11,2,10,2,Player_26,Player_89,2,0,2
11,2,10,3,Player_11,Player_63,3,0,3
11,2,10,4,Player_28,Player_78,0,0,0
11,2,10,5,Player_13,Player_61,1,0,1
11,2,10,6,Player_11,Player_60,0,0,0
11,2,11,1,Player_31,Player_80,0,0,0
11,2,11,2,Player_42,Player_74,0,0,0
11,2,11,3,Player_16,Player_93,1,0,1
11,2,11,4,Player_44,Player_74,0,0,0
11,2,11,5,Player_4,Player_79,3,1,4
11,2,11,6,Player_32,Player_93,0,0,0
11,2,12,1,Player_41,Player_57,1,0,1
11,2,12,2,Player_12,Player_51,4,0,4
11,2,12,3,Player_20,Player_99,1,0,1
11,2,12,4,Player_30,Player_78,1,0,1
11,2,12,5,Player_26,Player_99,2,0,2
11,2,12,6,Player_14,Player_55,0,0,0
11,2,13,1,Player_31,Player_66,1,0,1
11,2,13,2,Player_49,Player_62,1,0,1
11,2,13,3,Player_31,Player_86,1,0,1
11,2,13,4,Player_43,Player_98,0,0,0
11,2,13,5,Player_25,Player_72,0,0,0
11,2,13,6,Player_13,Player_85,2,0,2
11,2,14,1,Player_38,Player_99,1,0,1
11,2,14,2,Player_8,Player_89,0,0,0
11,2,14,3,Player_36,Player_84,0,0,0
11,2,14,4,Player_45,Player_71,3,1,4
11,2,14,5,Player_20,Player_82,0,0,0
11,2,14,6,Player_24,Player_83,1,0,1
11,2,15,1,Player_4,Player_83,1,0,1
11,2,15,2,Player_42,Player_72,2,0,2
11,2,15,3,Player_9,Player_92,0,0,0
11,2,15,4,Player_49,Player_70,1,0,1
11,2,15,5,Player_22,Player_92,1,0,1
11,2,15,6,Player_15,Player_50,0,0,0
11,2,16,1,Player_33,Player_90,1,0,1
11,2,16,2,Player_13,Player_56,0,0,0
11,2,16,3,Player_9,Player_74,2,0,2
11,2,16,4,Player_31,Player_61,1,0,1
11,2,16,5,Player_44,Player_81,3,0,3
11,2,16,6,Player_1,Player_78,0,0,0
11,2,17,1,Player_23,Player_77,0,0,0
11,2,17,2,Player_21,Player_94,6,0,6
11,2,17,3,Player_32,Player_86,0,0,0
11,2,17,4,Player_49,Player_64,1,0,1
11,2,17,5,Player_49,Player_69,0,0,0
11,2,17,6,Player_33,Player_87,4,0,4
11,2,18,1,Player_19,Player_82,4,0,4
11,2,18,2,Player_6,Player_55,3,0,3
11,2,18,3,Player_23,Player_59,0,0,0
11,2,18,4,Player_23,Player_53,0,0,0
11,2,18,5,Player_34,Player_53,3,0,3
11,2,18,6,Player_48,Player_56,0,0,0
11,2,19,1,Player_19,Player_58,0,0,0
11,2,19,2,Player_16,Player_66,2,0,2
11,2,19,3,Player_1,Player_81,0,0,0
11,2,19,4,Player_18,Player_51,1,0,1
11,2,19,5,Player_26,Player_70,1,1,2
11,2,19,6,Player_34,Player_57,3,0,3
11,2,20,1,Player_14,Player_89,1,1,2
11,2,20,2,Player_18,Player_81,0,0,0
11,2,20,3,Player_23,Player_84,4,0,4
11,2,20,4,Player_28,Player_65,1,0,1
11,2,20,5,Player_2,Player_62,4,0,4
11,2,20,6,Player_34,Player_66,2,0,2
12,1,1,1,Player_22,Player_73,2,0,2
12,1,1,2,Player_23,Player_64,2,0,2
12,1,1,3,Player_23,Player_87,1,0,1
12,1,1,4,Player_1,Player_96,0,0,0
12,1,1,5,Player_13,Player_54,3,0,3
12,1,1,6,Player_24,Player_67,0,0,0
12,1,2,1,Player_40,Player_96,0,0,0
12,1,2,2,Player_23,Player_71,0,0,0
12,1,2,3,Player_28,Player_80,0,0,0
12,1,2,4,Player_6,Player_65,0,0,0
12,1,2,5,Player_1,Player_55,0,0,0
12,1,2,6,Player_29,Player_61,1,0,1
12,1,3,1,Player_1,Player_76,1,0,1
12,1,3,2,Player_19,Player_57,1,0,1
12,1,3,3,Player_30,Player_79,1,0,1
12,1,3,4,Player_1,Player_87,6,0,6
12,1,3,5,Player_26,Player_69,0,0,0
12,1,3,6,Player_23,Player_95,0,0,0
12,1,4,1,Player_33,Player_92,1,0,1
12,1,4,2,Player_29,Player_76,1,0,1
12,1,4,3,Player_42,Player_54,0,0,0
12,1,4,4,Player_38,Player_52,1,0,1
12,1,4,5,Player_37,Player_51,1,0,1
12,1,4,6,Player_44,Player_83,0,0,0
12,1,5,1,Player_45,Player_93,0,0,0
12,1,5,2,Player_5,Player_74,1,0,1
12,1,5,3,Player_9,Player_55,1,0,1
12,1,5,4,Player_40,Player_66,6,0,6
12,1,5,5,Player_17,Player_92,0,0,0
12,1,5,6,Player_36,Player_56,1,0,1
12,1,6,1,Player_43,Player_66,0,0,0
12,1,6,2,Player_26,Player_64,2,0,2
12,1,6,3,Player_48,Player_52,1,0,1
12,1,6,4,Player_26,Player_66,1,0,1
12,1,6,5,Player_13,Player_54,0,1,1
12,1,6,6,Player_47,Player_53,0,0,0
12,1,7,1,Player_28,Player_55,0,0,0
12,1,7,2,Player_48,Player_52,1,0,1
12,1,7,3,Player_15,Player_56,0,0,0
12,1,7,4,Player_14,Player_52,1,0,1
12,1,7,5,Player_3,Player_71,2,0,2
12,1,7,6,Player_5,Player_59,4,0,4
12,1,8,1,Player_35,Player_81,1,0,1
12,1,8,2,Player_35,Player_68,0,0,0
12,1,8,3,Player_44,Player_91,1,0,1
12,1,8,4,Player_36,Player_92,4,0,4
12,1,8,5,Player_6,Player_61,0,0,0
12,1,8,6,Player_3,Player_52,2,0,2
12,1,9,1,Player_3,Player_91,2,0,2
12,1,9,2,Player_20,Player_60,0,0,0
12,1,9,3,Player_44,Player_97,0,0,0
12,1,9,4,Player_47,Player_71,0,0,0
12,1,9,5,Player_31,Player_95,0,0,0
12,1,9,6,Player_27,Player_89,1,0,1
12,1,10,1,Player_47,Player_78,2,0,2
12,1,10,2,Player_20,Player_87,0,0,0
12,1,10,3,Player_38,Player_72,2,0,2
12,1,10,4,Player_10,Player_64,0,0,0
12,1,10,5,Player_19,Player_60,1,1,2
12,1,10,6,Player_14,Player_99,0,0,0
12,1,11,1,Player_16,Player_63,2,0,2
12,1,11,2,Player_36,Player_97,1,0,1
12,1,11,3,Player_6,Player_65,1,0,1
12,1,11,4,Player_48,Player_97,3,0,3
12,1,11,5,Player_14,Player_53,3,0,3
12,1,11,6,Player_36,Player_99,1,0,1
12,1,12,1,Player_18,Player_82,1,0,1
12,1,12,2,Player_5,Player_55,3,0,3
12,1,12,3,Player_36,Player_82,0,0,0
12,1,12,4,Player_27,Player_76,1,0,1
12,1,12,5,Player_32,Player_75,1,0,1
12,1,12,6,Player_7,Player_92,0,0,0
12,1,13,1,Player_32,Player_60,1,0,1
12,1,13,2,Player_24,Player_92,3,0,3
12,1,13,3,Player_45,Player_76,0,0,0
12,1,13,4,Player_16,Player_51,6,0,6
12,1,13,5,Player_17,Player_65,2,0,2
12,1,13,6,Player_14,Player_87,3,0,3
12,1,14,1,Player_48,Player_82,1,0,1
12,1,14,2,Player_37,Player_54,2,0,2
12,1,14,3,Player_6,Player_51,1,0,1
12,1,14,4,Player_29,Player_74,1,0,1
12,1,14,5,Player_48,Player_92,1,0,1
12,1,14,6,Player_16,Player_97,1,0,1
12,1,15,1,Player_1,Player_75,0,0,0
12,1,15,2,Player_44,Player_71,4,0,4
12,1,15,3,Player_27,Player_88,3,0,3
12,1,15,4,Player_24,Player_73,0,0,0
12,1,15,5,Player_47,Player_51,3,0,3
12,1,15,6,Player_32,Player_77,2,0,2
12,1,16,1,Player_47,Player_89,4,0,4
12,1,16,2,Player_26,Player_61,1,0,1
12,1,16,3,Player_18,Player_94,0,0,0
12,1,16,4,Player_27,Player_58,1,0,1
12,1,16,5,Player_26,Player_56,4,0,4
12,1,16,6,Player_3,Player_94,1,0,1
12,1,17,1,Player_37,Player_80,0,0,0
12,1,17,2,Player_22,Player_88,0,0,0
12,1,17,3,Player_49,Player_53,1,0,1
12,1,17,4,Player_42,Player_52,0,0,0
12,1,17,5,Player_17,Player_80,0,0,0
12,1,17,6,Player_49,Player_70,0,0,0
12,1,18,1,Player_12,Player_74,2,0,2
12,1,18,2,Player_49,Player_91,0,0,0
12,1,18,3,Player_13,Player_52,2,0,2
12,1,18,4,Player_6,Player_94,0,0,0
12,1,18,5,Player_34,Player_81,1,0,1
12,1,18,6,Player_21,Player_70,3,0,3
12,1,19,1,Player_34,Player_54,3,0,3
12,1,19,2,Player_11,Player_66,0,0,0
12,1,19,3,Player_20,Player_97,0,0,0
12,1,19,4,Player_48,Player_95,0,0,0
12,1,19,5,Player_48,Player_72,6,0,6
12,1,19,6,Player_44,Player_90,1,0,1
12,1,20,1,Player_14,Player_85,4,0,4
12,1,20,2,Player_16,Player_76,0,0,0
12,1,20,3,Player_10,Player_74,3,0,3
12,1,20,4,Player_33,Player_80,0,0,0
12,1,20,5,Player_36,Player_50,1,0,1
12,1,20,6,Player_49,Player_58,2,0,2
12,2,1,1,Player_5,Player_94,0,0,0
12,2,1,2,Player_8,Player_97,4,0,4
12,2,1,3,Player_38,Player_92,3,1,4
12,2,1,4,Player_1,Player_58,0,0,0
12,2,1,5,Player_3,Player_73,0,0,0
12,2,1,6,Player_48,Player_84,0,0,0
12,2,2,1,Player_46,Player_56,1,0,1
12,2,2,2,Player_36,Player_69,0,0,0
12,2,2,3,Player_6,Player_77,1,0,1
12,2,2,4,Player_39,Player_87,1,1,2
12,2,2,5,Player_21,Player_89,1,0,1
12,2,2,6,Player_48,Player_95,4,0,4
12,2,3,1,Player_38,Player_64,0,0,0
12,2,3,2,Player_38,Player_52,0,0,0
12,2,3,3,Player_13,Player_97,0,0,0
12,2,3,4,Player_17,Player_60,0,0,0
12,2,3,5,Player_34,Player_66,0,0,0
12,2,3,6,Player_13,Player_93,6,0,6
12,2,4,1,Player_26,Player_77,1,1,2
12,2,4,2,Player_2,Player_86,0,0,0
12,2,4,3,Player_45,Player_78,3,0,3
12,2,4,4,Player_11,Player_58,1,0,1
12,2,4,5,Player_48,Player_52,0,0,0
12,2,4,6,Player_7,Player_77,1,0,1
12,2,5,1,Player_5,Player_72,1,0,1
12,2,5,2,Player_12,Player_89,0,0,0
12,2,5,3,Player_27,Player_67,0,0,0
12,2,5,4,Player_5,Player_78,1,0,1
12,2,5,5,Player_42,Player_54,2,0,2
12,2,5,6,Player_20,Player_57,1,0,1
12,2,6,1,Player_30,Player_76,0,0,0
12,2,6,2,Player_26,Player_85,1,0,1
12,2,6,3,Player_1,Player_60,0,0,0
12,2,6,4,Player_44,Player_65,0,0,0
12,2,6,5,Player_47,Player_66,0,0,0
12,2,6,6,Player_21,Player_65,1,0,1
12,2,7,1,Player_21,Player_62,4,0,4
12,2,7,2,Player_24,Player_76,1,0,1
12,2,7,3,Player_40,Player_94,1,0,1
12,2,7,4,Player_48,Player_67,0,0,0
12,2,7,5,Player_46,Player_79,1,0,1
12,2,7,6,Player_43,Player_62,4,0,4
12,2,8,1,Player_24,Player_83,1,0,1
12,2,8,2,Player_15,Player_99,0,0,0
12,2,8,3,Player_39,Player_57,1,0,1
12,2,8,4,Player_28,Player_92,6,0,6
12,2,8,5,Player_37,Player_87,0,0,0
12,2,8,6,Player_21,Player_79,0,0,0
12,2,9,1,Player_13,Player_86,0,0,0
12,2,9,2,Player_14,Player_97,4,0,4
12,2,9,3,Player_45,Player_89,0,0,0
12,2,9,4,Player_15,Player_51,1,0,1
12,2,9,5,Player_3,Player_54,4,0,4
12,2,9,6,Player_19,Player_89,0,0,0
12,2,10,1,Player_17,Player_89,0,0,0
12,2,10,2,Player_6,Player_51,1,0,1
12,2,10,3,Player_49,Player_78,1,0,1
12,2,10,4,Player_23,Player_82,0,0,0
12,2,10,5,Player_10,Player_64,1,0,1
12,2,10,6,Player_42,Player_88,1,0,1
12,2,11,1,Player_21,Player_58,0,0,0
12,2,11,2,Player_41,Player_73,0,0,0
12,2,11,3,Player_45,Player_93,0,0,0
12,2,11,4,Player_29,Player_68,1,0,1
12,2,11,5,Player_13,Player_75,1,0,1
12,2,11,6,Player_2,Player_96,1,0,1
12,2,12,1,Player_20,Player_99,0,0,0
12,2,12,2,Player_4,Player_63,3,0,3
12,2,12,3,Player_26,Player_75,0,0,0
12,2,12,4,Player_3,Player_50,3,1,4
12,2,12,5,Player_14,Player_52,0,0,0
12,2,12,6,Player_21,Player_75,1,0,1
12,2,13,1,Player_36,Player_92,1,0,1
12,2,13,2,Player_7,Player_60,4,0,4
12,2,13,3,Player_16,Player_95,4,0,4
12,2,13,4,Player_24,Player_95,0,0,0
12,2,13,5,Player_38,Player_89,0,0,0
12,2,13,6,Player_6,Player_70,2,0,2
12,2,14,1,Player_25,Player_60,2,0,2
12,2,14,2,Player_10,Player_99,2,0,2
12,2,14,3,Player_5,Player_73,1,0,1
12,2,14,4,Player_16,Player_85,0,0,0
12,2,14,5,Player_44,Player_86,2,0,2
12,2,14,6,Player_23,Player_92,0,0,0
12,2,15,1,Player_8,Player_87,0,0,0
12,2,15,2,Player_25,Player_65,1,0,1
12,2,15,3,Player_14,Player_62,4,0,4
12,2,15,4,Player_4,Player_51,1,0,1
12,2,15,5,Player_4,Player_87,0,0,0
12,2,15,6,Player_1,Player_66,0,0,0
12,2,16,1,Player_9,Player_58,6,0,6
12,2,16,2,Player_2,Player_60,0,0,0
12,2,16,3,Player_6,Player_69,0,0,0
12,2,16,4,Player_49,Player_92,0,0,0
12,2,16,5,Player_19,Player_56,1,0,1
12,2,16,6,Player_39,Player_85,0,0,0
12,2,17,1,Player_20,Player_94,0,0,0
12,2,17,2,Player_41,Player_85,1,0,1
12,2,17,3,Player_1,Player_66,0,0,0
12,2,17,4,Player_32,Player_51,0,0,0
12,2,17,5,Player_20,Player_87,4,0,4
12,2,17,6,Player_5,Player_84,4,0,4
12,2,18,1,Player_30,Player_73,0,0,0
12,2,18,2,Player_4,Player_74,2,0,2
12,2,18,3,Player_42,Player_62,6,0,6
12,2,18,4,Player_36,Player_63,0,0,0
12,2,18,5,Player_42,Player_86,1,0,1
12,2,18,6,Player_3,Player_75,0,0,0
12,2,19,1,Player_32,Player_78,2,0,2
12,2,19,2,Player_16,Player_96,1,0,1
12,2,19,3,Player_18,Player_93,0,0,0
12,2,19,4,Player_2,Player_64,4,0,4
12,2,19,5,Player_42,Player_71,0,0,0
12,2,19,6,Player_1,Player_65,0,0,0
12,2,20,1,Player_32,Player_65,4,1,5
12,2,20,2,Player_42,Player_61,2,0,2
12,2,20,3,Player_41,Player_99,0,0,0
12,2,20,4,Player_26,Player_61,1,0,1
12,2,20,5,Player_38,Player_70,0,0,0
12,2,20,6,Player_45,Player_55,1,0,1
13,1,1,1,Player_41,Player_55,3,0,3
13,1,1,2,Player_41,Player_86,1,0,1
13,1,1,3,Player_13,Player_62,0,0,0
13,1,1,4,Player_18,Player_68,1,0,1
13,1,1,5,Player_13,Player_72,0,0,0
13,1,1,6,Player_33,Player_73,1,0,1
13,1,2,1,Player_34,Player_87,0,0,0
13,1,2,2,Player_40,Player_65,0,0,0
13,1,2,3,Player_39,Player_97,0,0,0
13,1,2,4,Player_14,Player_67,3,0,3
13,1,2,5,Player_16,Player_62,2,0,2
13,1,2,6,Player_28,Player_90,0,0,0
13,1,3,1,Player_47,Player_63,0,0,0
13,1,3,2,Player_32,Player_87,6,0,6
13,1,3,3,Player_16,Player_69,0,0,0
13,1,3,4,Player_16,Player_87,2,0,2
13,1,3,5,Player_34,Player_63,0,0,0
13,1,3,6,Player_15,Player_99,0,0,0
13,1,4,1,Player_49,Player_89,1,0,1
13,1,4,2,Player_27,Player_84,1,0,1
13,1,4,3,Player_1,Player_90,2,0,2
13,1,4,4,Player_33,Player_82,6,0,6
13,1,4,5,Player_23,Player_64,2,0,2
13,1,4,6,Player_16,Player_88,3,0,3
13,1,5,1,Player_12,Player_78,0,0,0
13,1,5,2,Player_13,Player_69,0,0,0
13,1,5,3,Player_34,Player_77,1,0,1
13,1,5,4,Player_30,Player_75,1,0,1
13,1,5,5,Player_42,Player_77,1,0,1
13,1,5,6,Player_10,Player_72,1,0,1
13,1,6,1,Player_45,Player_67,1,0,1
13,1,6,2,Player_2,Player_73,1,0,1
13,1,6,3,Player_45,Player_99,0,0,0
13,1,6,4,Player_5,Player_99,0,1,1
13,1,6,5,Player_2,Player_64,0,0,0
13,1,6,6,Player_20,Player_83,1,0,1
13,1,7,1,Player_31,Player_72,0,0,0
13,1,7,2,Player_39,Player_77,1,1,2
13,1,7,3,Player_48,Player_84,0,0,0
13,1,7,4,Player_46,Player_88,1,0,1
13,1,7,5,Player_42,Player_96,3,0,3
13,1,7,6,Player_17,Player_63,4,0,4
13,1,8,1,Player_37,Player_89,1,0,1
13,1,8,2,Player_37,Player_97,1,0,1
13,1,8,3,Player_31,Player_95,0,0,0
13,1,8,4,Player_44,Player_53,2,0,2
13,1,8,5,Player_4,Player_66,4,0,4
13,1,8,6,Player_11,Player_80,0,0,0
13,1,9,1,Player_38,Player_70,6,0,6
13,1,9,2,Player_27,Player_57,4,0,4
13,1,9,3,Player_34,Player_65,4,0,4
13,1,9,4,Player_27,Player_71,0,0,0
13,1,9,5,Player_27,Player_51,4,0,4
13,1,9,6,Player_28,Player_68,4,0,4
13,1,10,1,Player_30,Player_94,0,0,0
13,1,10,2,Player_44,Player_50,0,0,0
13,1,10,3,Player_8,Player_92,1,0,1
13,1,10,4,Player_35,Player_88,2,1,3
13,1,10,5,Player_16,Player_62,1,0,1
13,1,10,6,Player_37,Player_69,1,0,1
13,1,11,1,Player_45,Player_97,3,0,3
13,1,11,2,Player_5,Player_74,2,0,2
13,1,11,3,Player_8,Player_76,0,0,0
13,1,11,4,Player_22,Player_69,2,0,2
13,1,11,5,Player_47,Player_68,6,0,6
13,1,11,6,Player_6,Player_63,0,0,0
13,1,12,1,Player_39,Player_85,1,0,1
13,1,12,2,Player_47,Player_82,4,0,4
13,1,12,3,Player_15,Player_73,1,0,1
13,1,12,4,Player_14,Player_55,2,0,2
13,1,12,5,Player_17,Player_65,0,0,0
13,1,12,6,Player_44,Player_58,6,1,7
13,1,13,1,Player_10,Player_66,0,0,0
13,1,13,2,Player_18,Player_72,1,1,2
13,1,13,3,Player_20,Player_71,0,0,0
13,1,13,4,Player_35,Player_52,1,0,1
13,1,13,5,Player_45,Player_68,0,0,0
13,1,13,6,Player_14,Player_51,0,0,0
13,1,14,1,Player_6,Player_81,6,0,6
13,1,14,2,Player_2,Player_82,1,0,1
13,1,14,3,Player_43,Player_96,3,0,3
13,1,14,4,Player_14,Player_87,1,0,1
13,1,14,5,Player_18,Player_90,1,0,1
13,1,14,6,Player_44,Player_53,1,0,1
13,1,15,1,Player_46,Player_80,1,0,1
13,1,15,2,Player_8,Player_54,0,0,0
13,1,15,3,Player_14,Player_81,2,0,2
13,1,15,4,Player_25,Player_53,1,0,1
13,1,15,5,Player_38,Player_97,0,0,0
13,1,15,6,Player_21,Player_65,0,0,0
13,1,16,1,Player_17,Player_58,3,0,3
13,1,16,2,Player_39,Player_67,1,0,1
13,1,16,3,Player_49,Player_64,0,0,0
13,1,16,4,Player_22,Player_74,1,0,1
13,1,16,5,Player_9,Player_62,0,0,0
13,1,16,6,Player_15,Player_99,1,0,1
13,1,17,1,Player_38,Player_89,1,0,1
13,1,17,2,Player_10,Player_93,0,0,0
13,1,17,3,Player_39,Player_53,0,0,0
13,1,17,4,Player_31,Player_74,0,0,0
13,1,17,5,Player_48,Player_50,0,0,0
13,1,17,6,Player_48,Player_70,4,0,4
13,1,18,1,Player_21,Player_76,0,0,0
13,1,18,2,Player_43,Player_84,0,0,0
13,1,18,3,Player_48,Player_54,6,0,6
13,1,18,4,Player_16,Player_88,2,0,2
13,1,18,5,Player_23,Player_98,0,0,0
13,1,18,6,Player_2,Player_79,4,0,4
13,1,19,1,Player_38,Player_86,0,0,0
13,1,19,2,Player_15,Player_72,0,0,0
13,1,19,3,Player_29,Player_94,4,0,4
13,1,19,4,Player_2,Player_90,1,0,1
13,1,19,5,Player_1,Player_93,0,0,0
13,1,19,6,Player_8,Player_76,1,0,1
13,1,20,1,Player_45,Player_93,2,0,2
13,1,20,2,Player_1,Player_74,0,0,0
13,1,20,3,Player_29,Player_80,1,0,1
13,1,20,4,Player_6,Player_74,6,0,6
13,1,20,5,Player_37,Player_76,6,0,6
13,1,20,6,Player_21,Player_82,4,0,4
13,2,1,1,Player_34,Player_58,0,0,0
13,2,1,2,Player_22,Player_95,4,0,4
13,2,1,3,Player_36,Player_62,1,0,1
13,2,1,4,Player_1,Player_60,3,0,3
13,2,1,5,Player_37,Player_90,0,0,0
13,2,1,6,Player_30,Player_77,1,0,1
13,2,2,1,Player_5,Player_90,4,0,4
13,2,2,2,Player_49,Player_91,1,0,1
13,2,2,3,Player_48,Player_64,1,0,1
13,2,2,4,Player_25,Player_62,6,0,6
13,2,2,5,Player_6,Player_72,6,0,6
13,2,2,6,Player_23,Player_60,1,0,1
13,2,3,1,Player_12,Player_51,3,0,3
13,2,3,2,Player_17,Player_77,0,0,0
13,2,3,3,Player_15,Player_81,3,0,3
13,2,3,4,Player_30,Player_55,0,0,0
13,2,3,5,Player_41,Player_67,0,0,0
13,2,3,6,Player_13,Player_75,1,0,1
13,2,4,1,Player_49,Player_70,0,0,0
13,2,4,2,Player_40,Player_92,1,0,1
13,2,4,3,Player_33,Player_72,1,0,1
13,2,4,4,Player_14,Player_63,1,0,1
13,2,4,5,Player_39,Player_75,1,0,1
13,2,4,6,Player_15,Player_70,0,0,0
13,2,5,1,Player_13,Player_73,0,0,0
13,2,5,2,Player_44,Player_96,4,1,5
13,2,5,3,Player_12,Player_69,0,0,0
13,2,5,4,Player_30,Player_90,0,0,0
13,2,5,5,Player_49,Player_83,4,0,4
13,2,5,6,Player_8,Player_63,1,0,1
13,2,6,1,Player_1,Player_69,0,0,0
13,2,6,2,Player_25,Player_52,1,0,1
13,2,6,3,Player_40,Player_87,0,0,0
13,2,6,4,Player_30,Player_68,6,0,6
13,2,6,5,Player_33,Player_63,0,0,0
13,2,6,6,Player_14,Player_85,1,0,1
13,2,7,1,Player_28,Player_82,1,0,1
13,2,7,2,Player_44,Player_52,1,0,1
13,2,7,3,Player_2,Player_78,0,0,0
13,2,7,4,Player_2,Player_66,4,0,4
13,2,7,5,Player_22,Player_90,0,0,0
13,2,7,6,Player_48,Player_70,6,0,6
13,2,8,1,Player_32,Player_54,1,0,1
13,2,8,2,Player_21,Player_57,4,0,4
13,2,8,3,Player_41,Player_73,1,0,1
13,2,8,4,Player_33,Player_87,0,0,0
13,2,8,5,Player_49,Player_83,0,0,0
13,2,8,6,Player_22,Player_92,1,0,1
13,2,9,1,Player_47,Player_88,2,0,2
13,2,9,2,Player_4,Player_73,0,0,0
13,2,9,3,Player_28,Player_75,0,0,0
13,2,9,4,Player_6,Player_84,0,0,0
13,2,9,5,Player_10,Player_79,0,0,0
13,2,9,6,Player_29,Player_92,3,0,3
13,2,10,1,Player_4,Player_85,4,1,5
13,2,10,2,Player_14,Player_60,6,0,6
13,2,10,3,Player_24,Player_88,1,0,1
13,2,10,4,Player_16,Player_87,1,0,1
13,2,10,5,Player_8,Player_79,2,0,2
13,2,10,6,Player_46,Player_90,0,0,0
13,2,11,1,Player_12,Player_72,0,0,0
13,2,11,2,Player_10,Player_79,0,0,0
13,2,11,3,Player_29,Player_87,0,0,0
13,2,11,4,Player_13,Player_86,1,1,2
13,2,11,5,Player_39,Player_89,0,0,0
13,2,11,6,Player_47,Player_89,0,0,0
13,2,12,1,Player_34,Player_63,1,0,1
13,2,12,2,Player_19,Player_75,0,0,0
13,2,12,3,Player_27,Player_97,0,0,0
13,2,12,4,Player_7,Player_78,1,0,1
13,2,12,5,Player_49,Player_92,0,0,0
13,2,12,6,Player_12,Player_91,1,0,1
13,2,13,1,Player_49,Player_69,1,0,1
13,2,13,2,Player_27,Player_64,1,0,1
13,2,13,3,Player_22,Player_89,1,0,1
13,2,13,4,Player_4,Player_90,0,0,0
13,2,13,5,Player_24,Player_70,1,0,1
13,2,13,6,Player_16,Player_74,1,0,1
13,2,14,1,Player_9,Player_64,1,0,1
13,2,14,2,Player_9,Player_93,4,0,4
13,2,14,3,Player_28,Player_89,1,1,2
13,2,14,4,Player_4,Player_60,0,0,0
13,2,14,5,Player_35,Player_52,1,0,1
13,2,14,6,Player_30,Player_70,0,0,0
13,2,15,1,Player_40,Player_64,0,0,0
13,2,15,2,Player_38,Player_70,0,0,0
13,2,15,3,Player_37,Player_87,3,0,3
13,2,15,4,Player_49,Player_69,0,0,0
13,2,15,5,Player_21,Player_72,1,0,1
13,2,15,6,Player_46,Player_68,1,0,1
13,2,16,1,Player_39,Player_85,1,0,1
13,2,16,2,Player_34,Player_82,0,1,1
13,2,16,3,Player_20,Player_89,6,0,6
13,2,16,4,Player_38,Player_71,0,0,0
13,2,16,5,Player_9,Player_64,0,0,0
13,2,16,6,Player_32,Player_51,0,0,0
13,2,17,1,Player_34,Player_57,0,0,0
13,2,17,2,Player_43,Player_77,4,0,4
13,2,17,3,Player_20,Player_80,1,1,2
13,2,17,4,Player_9,Player_51,1,0,1
13,2,17,5,Player_42,Player_93,0,0,0
13,2,17,6,Player_47,Player_88,1,0,1
13,2,18,1,Player_37,Player_84,1,0,1
13,2,18,2,Player_13,Player_71,1,0,1
13,2,18,3,Player_2,Player_85,1,0,1
13,2,18,4,Player_9,Player_50,4,0,4
13,2,18,5,Player_34,Player_92,1,0,1
13,2,18,6,Player_47,Player_63,4,0,4
13,2,19,1,Player_19,Player_76,4,0,4
13,2,19,2,Player_28,Player_73,0,0,0
13,2,19,3,Player_18,Player_74,1,0,1
13,2,19,4,Player_26,Player_57,1,0,1
13,2,19,5,Player_7,Player_66,3,0,3
13,2,19,6,Player_12,Player_67,1,0,1
13,2,20,1,Player_15,Player_86,0,0,0
13,2,20,2,Player_28,Player_90,4,0,4
13,2,20,3,Player_36,Player_96,0,0,0
13,2,20,4,Player_1,Player_57,0,0,0
13,2,20,5,Player_22,Player_67,1,0,1
13,2,20,6,Player_25,Player_99,6,0,6
14,1,1,1,Player_39,Player_59,3,0,3
14,1,1,2,Player_37,Player_96,4,0,4
14,1,1,3,Player_42,Player_73,1,0,1
14,1,1,4,Player_26,Player_59,2,0,2
14,1,1,5,Player_48,Player_62,1,0,1
14,1,1,6,Player_10,Player_58,1,0,1
14,1,2,1,Player_9,Player_76,2,0,2
14,1,2,2,Player_7,Player_92,2,0,2
14,1,2,3,Player_20,Player_93,0,0,0
14,1,2,4,Player_25,Player_90,6,0,6
14,1,2,5,Player_22,Player_98,1,0,1
14,1,2,6,Player_8,Player_98,3,0,3
14,1,3,1,Player_42,Player_51,6,0,6
14,1,3,2,Player_39,Player_61,0,0,0
14,1,3,3,Player_46,Player_74,0,0,0
14,1,3,4,Player_3,Player_50,0,0,0
14,1,3,5,Player_5,Player_68,1,0,1
14,1,3,6,Player_49,Player_65,0,0,0
14,1,4,1,Player_27,Player_90,4,0,4
14,1,4,2,Player_26,Player_63,0,1,1
14,1,4,3,Player_4,Player_96,0,0,0
14,1,4,4,Player_1,Player_91,1,0,1
14,1,4,5,Player_24,Player_83,0,0,0
14,1,4,6,Player_1,Player_82,1,0,1
14,1,5,1,Player_5,Player_83,2,0,2
14,1,5,2,Player_25,Player_62,2,0,2
14,1,5,3,Player_17,Player_86,0,0,0
14,1,5,4,Player_33,Player_91,2,0,2
14,1,5,5,Player_40,Player_68,0,0,0
14,1,5,6,Player_48,Player_90,1,0,1
14,1,6,1,Player_42,Player_59,1,0,1
14,1,6,2,Player_1,Player_66,1,0,1
14,1,6,3,Player_46,Player_68,0,0,0
14,1,6,4,Player_40,Player_70,1,0,1
14,1,6,5,Player_45,Player_98,2,0,2
14,1,6,6,Player_1,Player_86,0,0,0
14,1,7,1,Player_32,Player_97,1,0,1
14,1,7,2,Player_12,Player_84,0,0,0
14,1,7,3,Player_15,Player_65,0,0,0
14,1,7,4,Player_46,Player_80,0,0,0
14,1,7,5,Player_9,Player_60,0,0,0
14,1,7,6,Player_46,Player_58,0,0,0
14,1,8,1,Player_22,Player_78,2,0,2
14,1,8,2,Player_5,Player_89,0,0,0
14,1,8,3,Player_1,Player_88,0,0,0
14,1,8,4,Player_22,Player_75,1,0,1
14,1,8,5,Player_11,Player_59,1,0,1
14,1,8,6,Player_31,Player_61,0,0,0
14,1,9,1,Player_3,Player_51,2,0,2
14,1,9,2,Player_25,Player_84,0,0,0
14,1,9,3,Player_11,Player_81,4,0,4
14,1,9,4,Player_8,Player_69,1,0,1
14,1,9,5,Player_4,Player_69,0,0,0
14,1,9,6,Player_38,Player_74,0,0,0
14,1,10,1,Player_41,Player_87,1,0,1
14,1,10,2,Player_21,Player_64,0,0,0
14,1,10,3,Player_46,Player_65,6,0,6
14,1,10,4,Player_14,Player_55,1,0,1
14,1,10,5,Player_34,Player_89,1,0,1
14,1,10,6,Player_5,Player_79,0,0,0
14,1,11,1,Player_7,Player_99,1,1,2
14,1,11,2,Player_31,Player_99,1,0,1
14,1,11,3,Player_11,Player_89,1,0,1
14,1,11,4,Player_5,Player_98,2,0,2
14,1,11,5,Player_19,Player_71,4,0,4
14,1,11,6,Player_25,Player_66,1,0,1
14,1,12,1,Player_18,Player_67,2,0,2
14,1,12,2,Player_16,Player_99,0,0,0
14,1,12,3,Player_17,Player_56,0,0,0
14,1,12,4,Player_21,Player_52,1,0,1
14,1,12,5,Player_6,Player_63,4,0,4
14,1,12,6,Player_29,Player_84,0,0,0
14,1,13,1,Player_24,Player_84,1,0,1
14,1,13,2,Player_4,Player_82,3,0,3
14,1,13,3,Player_45,Player_79,1,0,1
14,1,13,4,Player_24,Player_97,1,0,1
14,1,13,5,Player_10,Player_67,0,0,0
14,1,13,6,Player_24,Player_64,1,0,1
14,1,14,1,Player_4,Player_87,0,0,0
14,1,14,2,Player_23,Player_89,4,0,4
14,1,14,3,Player_11,Player_62,1,0,1
14,1,14,4,Player_18,Player_93,1,0,1
14,1,14,5,Player_44,Player_63,1,1,2
14,1,14,6,Player_30,Player_67,0,0,0
14,1,15,1,Player_20,Player_98,0,0,0
14,1,15,2,Player_33,Player_87,0,0,0
14,1,15,3,Player_20,Player_52,0,0,0
14,1,15,4,Player_32,Player_78,0,0,0
14,1,15,5,Player_28,Player_97,0,0,0
14,1,15,6,Player_42,Player_95,0,1,1
14,1,16,1,Player_11,Player_98,4,0,4
14,1,16,2,Player_35,Player_64,6,0,6
14,1,16,3,Player_28,Player_81,0,0,0
14,1,16,4,Player_11,Player_68,4,0,4
14,1,16,5,Player_10,Player_91,1,0,1
14,1,16,6,Player_18,Player_62,1,0,1
14,1,17,1,Player_11,Player_79,0,0,0
14,1,17,2,Player_38,Player_77,0,0,0
14,1,17,3,Player_22,Player_92,0,0,0
14,1,17,4,Player_32,Player_95,4,0,4
14,1,17,5,Player_14,Player_85,1,0,1
14,1,17,6,Player_12,Player_79,1,0,1
14,1,18,1,Player_31,Player_76,1,0,1
14,1,18,2,Player_6,Player_54,0,0,0
14,1,18,3,Player_15,Player_85,1,0,1
14,1,18,4,Player_8,Player_96,2,0,2
14,1,18,5,Player_39,Player_55,1,0,1
14,1,18,6,Player_17,Player_91,1,0,1
14,1,19,1,Player_11,Player_64,0,0,0
14,1,19,2,Player_3,Player_67,0,0,0
14,1,19,3,Player_29,Player_71,6,0,6
14,1,19,4,Player_10,Player_70,4,0,4
14,1,19,5,Player_32,Player_59,0,0,0
14,1,19,6,Player_23,Player_80,1,0,1
14,1,20,1,Player_3,Player_70,0,0,0
14,1,20,2,Player_15,Player_82,3,0,3
14,1,20,3,Player_1,Player_88,0,0,0
14,1,20,4,Player_12,Player_71,0,0,0
14,1,20,5,Player_30,Player_93,4,0,4
14,1,20,6,Player_42,Player_90,0,0,0
14,2,1,1,Player_44,Player_86,0,0,0
14,2,1,2,Player_8,Player_82,0,0,0
14,2,1,3,Player_33,Player_54,3,1,4
14,2,1,4,Player_10,Player_85,1,0,1
14,2,1,5,Player_34,Player_73,0,0,0
14,2,1,6,Player_28,Player_87,2,0,2
14,2,2,1,Player_15,Player_99,0,0,0
14,2,2,2,Player_38,Player_51,1,0,1
14,2,2,3,Player_4,Player_93,0,0,0
14,2,2,4,Player_14,Player_64,1,0,1
14,2,2,5,Player_9,Player_56,0,0,0
14,2,2,6,Player_44,Player_84,0,0,0
14,2,3,1,Player_9,Player_94,2,0,2
14,2,3,2,Player_40,Player_52,1,0,1
14,2,3,3,Player_40,Player_98,6,0,6
14,2,3,4,Player_14,Player_95,0,0,0
14,2,3,5,Player_24,Player_95,3,0,3
14,2,3,6,Player_4,Player_63,0,0,0
14,2,4,1,Player_31,Player_55,0,0,0
14,2,4,2,Player_11,Player_52,0,0,0
14,2,4,3,Player_48,Player_65,1,0,1
14,2,4,4,Player_3,Player_54,1,0,1
14,2,4,5,Player_24,Player_93,1,0,1
14,2,4,6,Player_45,Player_86,0,1,1
14,2,5,1,Player_12,Player_70,1,0,1
14,2,5,2,Player_6,Player_58,0,0,0
14,2,5,3,Player_6,Player_50,2,0,2
14,2,5,4,Player_3,Player_91,1,0,1
14,2,5,5,Player_20,Player_70,0,0,0
14,2,5,6,Player_32,Player_59,2,0,2
14,2,6,1,Player_28,Player_98,0,0,0
14,2,6,2,Player_32,Player_98,1,0,1
14,2,6,3,Player_22,Player_80,4,0,4
14,2,6,4,Player_20,Player_92,0,0,0
14,2,6,5,Player_48,Player_81,0,0,0
14,2,6,6,Player_29,Player_99,1,0,1
14,2,7,1,Player_48,Player_72,0,0,0
14,2,7,2,Player_32,Player_59,0,0,0
14,2,7,3,Player_17,Player_70,0,0,0
14,2,7,4,Player_15,Player_50,2,0,2
14,2,7,5,Player_10,Player_95,4,0,4
14,2,7,6,Player_31,Player_60,6,0,6
14,2,8,1,Player_47,Player_63,2,0,2
14,2,8,2,Player_39,Player_75,1,1,2
14,2,8,3,Player_47,Player_97,1,0,1
14,2,8,4,Player_9,Player_93,0,0,0
14,2,8,5,Player_8,Player_50,0,0,0
14,2,8,6,Player_11,Player_54,1,0,1
14,2,9,1,Player_20,Player_77,0,0,0
14,2,9,2,Player_22,Player_67,4,0,4
14,2,9,3,Player_27,Player_74,0,0,0
14,2,9,4,Player_12,Player_69,0,0,0
14,2,9,5,Player_23,Player_94,0,0,0
14,2,9,6,Player_21,Player_99,1,0,1
14,2,10,1,Player_17,Player_99,0,0,0
14,2,10,2,Player_28,Player_57,0,0,0
14,2,10,3,Player_8,Player_68,0,0,0
14,2,10,4,Player_32,Player_59,0,0,0
14,2,10,5,Player_29,Player_94,0,0,0
14,2,10,6,Player_31,Player_60,1,0,1
14,2,11,1,Player_6,Player_52,1,0,1
14,2,11,2,Player_19,Player_77,0,0,0
14,2,11,3,Player_43,Player_70,0,0,0
14,2,11,4,Player_38,Player_98,6,1,7
14,2,11,5,Player_17,Player_88,0,1,1
14,2,11,6,Player_1,Player_74,0,0,0
14,2,12,1,Player_5,Player_79,0,0,0
14,2,12,2,Player_44,Player_79,2,0,2
14,2,12,3,Player_27,Player_62,0,0,0
14,2,12,4,Player_30,Player_88,0,0,0
14,2,12,5,Player_44,Player_56,0,0,0
14,2,12,6,Player_45,Player_84,1,0,1
14,2,13,1,Player_46,Player_99,0,1,1
14,2,13,2,Player_38,Player_89,0,0,0
14,2,13,3,Player_20,Player_67,0,0,0
14,2,13,4,Player_22,Player_70,1,0,1
14,2,13,5,Player_18,Player_72,0,0,0
14,2,13,6,Player_9,Player_98,0,0,0
14,2,14,1,Player_2,Player_53,0,0,0
14,2,14,2,Player_40,Player_99,1,0,1
14,2,14,3,Player_25,Player_91,4,1,5
14,2,14,4,Player_46,Player_70,3,0,3
14,2,14,5,Player_37,Player_65,0,0,0
14,2,14,6,Player_41,Player_67,2,0,2
14,2,15,1,Player_27,Player_66,2,0,2
14,2,15,2,Player_31,Player_86,0,0,0
14,2,15,3,Player_3,Player_66,3,0,3
14,2,15,4,Player_35,Player_50,0,0,0
14,2,15,5,Player_33,Player_66,1,0,1
14,2,15,6,Player_34,Player_67,4,0,4
14,2,16,1,Player_10,Player_89,1,0,1
14,2,16,2,Player_11,Player_69,1,0,1
14,2,16,3,Player_12,Player_79,3,0,3
14,2,16,4,Player_37,Player_50,0,1,1
14,2,16,5,Player_15,Player_76,2,0,2
14,2,16,6,Player_15,Player_76,4,0,4
14,2,17,1,Player_30,Player_91,1,0,1
14,2,17,2,Player_22,Player_52,0,0,0
14,2,17,3,Player_33,Player_63,6,0,6
14,2,17,4,Player_26,Player_57,4,0,4
14,2,17,5,Player_42,Player_86,1,0,1
14,2,17,6,Player_49,Player_63,2,0,2
14,2,18,1,Player_18,Player_93,0,0,0
14,2,18,2,Player_10,Player_67,0,0,0
14,2,18,3,Player_1,Player_73,0,0,0
14,2,18,4,Player_31,Player_80,1,0,1
14,2,18,5,Player_12,Player_59,1,0,1
14,2,18,6,Player_22,Player_72,0,0,0
14,2,19,1,Player_3,Player_72,0,0,0
14,2,19,2,Player_39,Player_57,4,0,4
14,2,19,3,Player_36,Player_64,1,0,1
14,2,19,4,Player_9,Player_56,3,0,3
14,2,19,5,Player_26,Player_53,0,0,0
14,2,19,6,Player_1,Player_66,0,0,0
14,2,20,1,Player_9,Player_92,1,0,1
14,2,20,2,Player_3,Player_64,2,0,2
14,2,20,3,Player_6,Player_51,0,0,0
14,2,20,4,Player_4,Player_53,0,0,0
14,2,20,5,Player_20,Player_90,6,0,6
14,2,20,6,Player_25,Player_50,1,0,1
15,1,1,1,Player_34,Player_97,4,0,4
15,1,1,2,Player_27,Player_71,1,0,1
15,1,1,3,Player_3,Player_66,1,0,1
15,1,1,4,Player_45,Player_56,1,0,1
15,1,1,5,Player_29,Player_99,0,0,0
15,1,1,6,Player_39,Player_58,0,1,1
15,1,2,1,Player_4,Player_69,0,0,0
15,1,2,2,Player_13,Player_80,0,0,0
15,1,2,3,Player_25,Player_81,0,0,0
15,1,2,4,Player_17,Player_72,0,0,0
15,1,2,5,Player_6,Player_97,1,0,1
15,1,2,6,Player_28,Player_90,1,0,1
15,1,3,1,Player_45,Player_66,2,0,2
15,1,3,2,Player_17,Player_64,1,0,1
15,1,3,3,Player_11,Player_80,4,0,4
15,1,3,4,Player_27,Player_59,1,0,1
15,1,3,5,Player_29,Player_72,6,0,6
15,1,3,6,Player_43,Player_59,0,1,1
15,1,4,1,Player_33,Player_67,0,1,1
15,1,4,2,Player_1,Player_98,4,0,4
15,1,4,3,Player_36,Player_96,1,0,1
15,1,4,4,Player_46,Player_82,1,0,1
15,1,4,5,Player_23,Player_92,0,0,0
15,1,4,6,Player_29,Player_95,1,0,1
15,1,5,1,Player_36,Player_78,2,0,2
15,1,5,2,Player_36,Player_72,0,0,0
15,1,5,3,Player_34,Player_99,1,0,1
15,1,5,4,Player_40,Player_92,3,0,3
15,1,5,5,Player_49,Player_66,6,0,6
15,1,5,6,Player_8,Player_94,0,0,0
15,1,6,1,Player_42,Player_53,1,0,1
15,1,6,2,Player_24,Player_73,0,0,0
15,1,6,3,Player_7,Player_59,0,0,0
15,1,6,4,Player_25,Player_65,0,0,0
15,1,6,5,Player_26,Player_98,1,0,1
15,1,6,6,Player_9,Player_94,1,0,1
15,1,7,1,Player_9,Player_64,0,0,0
15,1,7,2,Player_20,Player_57,0,0,0
15,1,7,3,Player_41,Player_68,0,0,0
15,1,7,4,Player_6,Player_53,0,0,0
15,1,7,5,Player_1,Player_93,0,0,0
15,1,7,6,Player_46,Player_80,1,0,1
15,1,8,1,Player_39,Player_52,4,0,4
15,1,8,2,Player_29,Player_99,1,0,1
15,1,8,3,Player_35,Player_77,1,0,1
15,1,8,4,Player_39,Player_80,2,0,2
15,1,8,5,Player_14,Player_85,1,0,1
15,1,8,6,Player_45,Player_71,0,0,0
15,1,9,1,Player_4,Player_60,1,0,1
15,1,9,2,Player_15,Player_55,1,0,1
15,1,9,3,Player_40,Player_58,4,0,4
15,1,9,4,Player_13,Player_85,2,0,2
15,1,9,5,Player_22,Player_80,0,0,0
15,1,9,6,Player_6,Player_77,0,0,0
15,1,10,1,Player_25,Player_81,0,0,0
15,1,10,2,Player_30,Player_99,1,0,1
15,1,10,3,Player_33,Player_74,0,0,0
15,1,10,4,Player_39,Player_95,0,0,0
15,1,10,5,Player_32,Player_82,0,0,0
15,1,10,6,Player_18,Player_57,4,0,4
15,1,11,1,Player_11,Player_55,0,0,0
15,1,11,2,Player_12,Player_87,2,0,2
15,1,11,3,Player_1,Player_81,3,0,3
15,1,11,4,Player_43,Player_95,0,0,0
15,1,11,5,Player_39,Player_59,1,0,1
15,1,11,6,Player_10,Player_68,1,0,1
15,1,12,1,Player_2,Player_78,4,0,4
15,1,12,2,Player_31,Player_66,6,0,6
15,1,12,3,Player_15,Player_93,1,0,1
15,1,12,4,Player_41,Player_95,2,0,2
15,1,12,5,Player_36,Player_66,1,0,1
15,1,12,6,Player_49,Player_62,0,0,0
15,1,13,1,Player_17,Player_97,0,0,0
15,1,13,2,Player_17,Player_52,1,0,1
15,1,13,3,Player_2,Player_83,0,0,0
15,1,13,4,Player_20,Player_70,4,0,4
15,1,13,5,Player_44,Player_74,0,0,0
15,1,13,6,Player_26,Player_86,1,0,1
15,1,14,1,Player_26,Player_69,0,0,0
15,1,14,2,Player_31,Player_68,4,0,4
15,1,14,3,Player_30,Player_70,0,0,0
15,1,14,4,Player_22,Player_59,0,0,0
15,1,14,5,Player_34,Player_62,4,1,5
15,1,14,6,Player_23,Player_82,1,0,1
15,1,15,1,Player_17,Player_77,1,0,1
15,1,15,2,Player_13,Player_82,1,0,1
15,1,15,3,Player_29,Player_86,0,0,0
15,1,15,4,Player_28,Player_52,0,0,0
15,1,15,5,Player_27,Player_80,1,0,1
15,1,15,6,Player_11,Player_83,1,0,1
15,1,16,1,Player_21,Player_70,4,0,4
15,1,16,2,Player_13,Player_67,4,0,4
15,1,16,3,Player_13,Player_76,2,0,2
15,1,16,4,Player_38,Player_68,6,0,6
15,1,16,5,Player_21,Player_71,4,0,4
15,1,16,6,Player_39,Player_81,2,0,2
15,1,17,1,Player_32,Player_53,2,0,2
15,1,17,2,Player_9,Player_50,4,0,4
15,1,17,3,Player_47,Player_55,4,0,4
15,1,17,4,Player_23,Player_92,1,0,1
15,1,17,5,Player_39,Player_74,1,0,1
15,1,17,6,Player_27,Player_64,6,0,6
15,1,18,1,Player_16,Player_64,6,0,6
15,1,18,2,Player_19,Player_57,4,0,4
15,1,18,3,Player_48,Player_75,0,0,0
15,1,18,4,Player_13,Player_58,6,0,6
15,1,18,5,Player_44,Player_86,4,0,4
15,1,18,6,Player_48,Player_79,1,0,1
15,1,19,1,Player_17,Player_85,6,0,6
15,1,19,2,Player_3,Player_82,4,0,4
15,1,19,3,Player_42,Player_51,0,0,0
15,1,19,4,Player_17,Player_77,0,0,0
15,1,19,5,Player_24,Player_78,6,0,6
15,1,19,6,Player_19,Player_76,0,0,0
15,1,20,1,Player_6,Player_72,4,0,4
15,1,20,2,Player_48,Player_57,3,0,3
15,1,20,3,Player_21,Player_80,2,0,2
15,1,20,4,Player_48,Player_87,1,0,1
15,1,20,5,Player_21,Player_62,0,0,0
15,1,20,6,Player_7,Player_95,0,0,0
15,2,1,1,Player_30,Player_67,1,1,2
15,2,1,2,Player_10,Player_88,2,0,2
15,2,1,3,Player_5,Player_50,3,0,3
15,2,1,4,Player_40,Player_57,1,0,1
15,2,1,5,Player_15,Player_64,1,0,1
15,2,1,6,Player_20,Player_64,3,0,3
15,2,2,1,Player_8,Player_80,0,0,0
15,2,2,2,Player_45,Player_64,2,0,2
15,2,2,3,Player_14,Player_77,2,0,2
15,2,2,4,Player_25,Player_50,0,0,0
15,2,2,5,Player_13,Player_82,2,0,2
15,2,2,6,Player_4,Player_73,0,0,0
15,2,3,1,Player_30,Player_75,6,0,6
15,2,3,2,Player_37,Player_89,0,0,0
15,2,3,3,Player_1,Player_82,1,0,1
15,2,3,4,Player_17,Player_90,0,0,0
15,2,3,5,Player_7,Player_95,2,0,2
15,2,3,6,Player_33,Player_69,0,0,0
15,2,4,1,Player_34,Player_76,1,0,1
15,2,4,2,Player_25,Player_58,0,0,0
15,2,4,3,Player_3,Player_53,4,0,4
15,2,4,4,Player_26,Player_60,0,1,1
15,2,4,5,Player_13,Player_93,1,1,2
15,2,4,6,Player_19,Player_61,2,0,2
15,2,5,1,Player_30,Player_95,4,0,4
15,2,5,2,Player_37,Player_97,1,0,1
15,2,5,3,Player_27,Player_86,6,0,6
15,2,5,4,Player_34,Player_87,0,0,0
15,2,5,5,Player_4,Player_79,0,0,0
15,2,5,6,Player_49,Player_63,0,0,0
15,2,6,1,Player_24,Player_67,1,0,1
15,2,6,2,Player_24,Player_56,1,0,1
15,2,6,3,Player_5,Player_85,1,0,1
15,2,6,4,Player_10,Player_95,4,0,4
15,2,6,5,Player_27,Player_82,0,0,0
15,2,6,6,Player_20,Player_88,0,0,0
15,2,7,1,Player_14,Player_93,0,0,0
15,2,7,2,Player_48,Player_78,0,0,0
15,2,7,3,Player_34,Player_52,3,0,3
15,2,7,4,Player_29,Player_81,0,0,0
15,2,7,5,Player_5,Player_86,0,0,0
15,2,7,6,Player_21,Player_73,1,0,1
15,2,8,1,Player_24,Player_98,1,0,1
15,2,8,2,Player_2,Player_80,0,0,0
15,2,8,3,Player_11,Player_66,4,0,4
15,2,8,4,Player_5,Player_69,1,0,1
15,2,8,5,Player_8,Player_80,1,0,1
15,2,8,6,Player_21,Player_77,6,0,6
15,2,9,1,Player_9,Player_56,0,0,0
15,2,9,2,Player_11,Player_64,6,0,6
15,2,9,3,Player_48,Player_56,0,0,0
15,2,9,4,Player_39,Player_99,4,0,4
15,2,9,5,Player_20,Player_88,1,0,1
15,2,9,6,Player_26,Player_52,0,0,0
15,2,10,1,Player_42,Player_83,1,0,1
15,2,10,2,Player_13,Player_92,4,0,4
15,2,10,3,Player_26,Player_67,4,0,4
15,2,10,4,Player_9,Player_72,3,0,3
15,2,10,5,Player_14,Player_87,1,0,1
15,2,10,6,Player_29,Player_93,1,0,1
15,2,11,1,Player_2,Player_81,0,0,0
15,2,11,2,Player_31,Player_82,0,0,0
15,2,11,3,Player_15,Player_86,4,0,4
15,2,11,4,Player_44,Player_61,4,0,4
15,2,11,5,Player_2,Player_56,1,0,1
15,2,11,6,Player_32,Player_92,1,0,1
15,2,12,1,Player_32,Player_92,0,1,1
15,2,12,2,Player_10,Player_96,1,0,1
15,2,12,3,Player_10,Player_58,1,0,1
15,2,12,4,Player_33,Player_85,0,0,0
15,2,12,5,Player_26,Player_71,2,0,2
15,2,12,6,Player_9,Player_98,1,0,1
15,2,13,1,Player_18,Player_87,1,1,2
15,2,13,2,Player_45,Player_71,0,1,1
15,2,13,3,Player_35,Player_72,4,0,4
15,2,13,4,Player_40,Player_58,1,0,1
15,2,13,5,Player_17,Player_56,1,0,1
15,2,13,6,Player_24,Player_51,3,0,3
15,2,14,1,Player_33,Player_70,1,0,1
15,2,14,2,Player_45,Player_58,1,0,1
15,2,14,3,Player_42,Player_84,1,0,1
15,2,14,4,Player_25,Player_60,4,0,4
15,2,14,5,Player_31,Player_81,1,0,1
15,2,14,6,Player_1,Player_63,2,0,2
15,2,15,1,Player_34,Player_85,3,0,3
15,2,15,2,Player_42,Player_50,6,0,6
15,2,15,3,Player_36,Player_88,2,0,2
15,2,15,4,Player_45,Player_59,1,0,1
15,2,15,5,Player_14,Player_95,2,0,2
15,2,15,6,Player_6,Player_70,1,1,2
15,2,16,1,Player_24,Player_67,4,0,4
15,2,16,2,Player_37,Player_68,1,0,1
15,2,16,3,Player_34,Player_71,0,0,0
15,2,16,4,Player_8,Player_82,0,0,0
15,2,16,5,Player_28,Player_59,3,0,3
15,2,16,6,Player_9,Player_54,1,0,1
15,2,17,1,Player_21,Player_70,1,0,1
15,2,17,2,Player_49,Player_57,0,0,0
15,2,17,3,Player_49,Player_89,1,0,1
15,2,17,4,Player_39,Player_76,0,0,0
15,2,17,5,Player_2,Player_56,2,0,2
15,2,17,6,Player_10,Player_99,1,0,1
15,2,18,1,Player_44,Player_95,0,0,0
15,2,18,2,Player_16,Player_54,1,0,1
15,2,18,3,Player_38,Player_88,4,0,4
15,2,18,4,Player_48,Player_90,1,0,1
15,2,18,5,Player_26,Player_50,0,0,0
15,2,18,6,Player_22,Player_86,0,0,0
15,2,19,1,Player_29,Player_72,1,0,1
15,2,19,2,Player_23,Player_54,1,0,1
15,2,19,3,Player_49,Player_71,1,0,1
15,2,19,4,Player_8,Player_86,0,0,0
15,2,19,5,Player_26,Player_92,0,0,0
15,2,19,6,Player_29,Player_54,2,0,2
15,2,20,1,Player_23,Player_94,4,0,4
15,2,20,2,Player_49,Player_80,0,0,0
15,2,20,3,Player_9,Player_59,1,0,1
15,2,20,4,Player_47,Player_75,0,0,0
15,2,20,5,Player_15,Player_74,1,0,1
15,2,20,6,Player_3,Player_66,1,0,1
16,1,1,1,Player_49,Player_89,1,0,1
16,1,1,2,Player_12,Player_78,6,0,6
16,1,1,3,Player_25,Player_78,0,0,0
16,1,1,4,Player_46,Player_87,1,0,1
16,1,1,5,Player_36,Player_59,4,0,4
16,1,1,6,Player_16,Player_74,0,0,0
16,1,2,1,Player_6,Player_50,0,0,0
16,1,2,2,Player_40,Player_52,2,0,2
16,1,2,3,Player_45,Player_79,2,0,2
16,1,2,4,Player_30,Player_95,6,0,6
16,1,2,5,Player_25,Player_61,1,0,1
16,1,2,6,Player_35,Player_78,0,0,0
16,1,3,1,Player_18,Player_96,1,0,1
16,1,3,2,Player_22,Player_75,0,0,0
16,1,3,3,Player_43,Player_55,0,0,0
16,1,3,4,Player_24,Player_58,1,0,1
16,1,3,5,Player_2,Player_64,2,0,2
16,1,3,6,Player_28,Player_88,0,0,0
16,1,4,1,Player_6,Player_79,0,0,0
16,1,4,2,Player_43,Player_59,1,1,2
16,1,4,3,Player_42,Player_91,0,0,0
16,1,4,4,Player_17,Player_76,1,0,1
16,1,4,5,Player_24,Player_54,4,0,4
16,1,4,6,Player_15,Player_96,1,0,1
16,1,5,1,Player_34,Player_76,1,1,2
16,1,5,2,Player_4,Player_54,2,0,2
16,1,5,3,Player_42,Player_56,0,0,0
16,1,5,4,Player_37,Player_65,0,0,0
16,1,5,5,Player_10,Player_54,4,0,4
16,1,5,6,Player_8,Player_80,4,0,4
16,1,6,1,Player_23,Player_81,0,0,0
16,1,6,2,Player_19,Player_72,4,0,4
16,1,6,3,Player_23,Player_82,6,0,6
16,1,6,4,Player_44,Player_82,0,0,0
16,1,6,5,Player_39,Player_83,2,0,2
16,1,6,6,Player_24,Player_54,3,0,3
16,1,7,1,Player_33,Player_81,0,0,0
16,1,7,2,Player_12,Player_58,4,0,4
16,1,7,3,Player_19,Player_91,6,0,6
16,1,7,4,Player_2,Player_68,1,0,1
16,1,7,5,Player_8,Player_75,2,0,2
16,1,7,6,Player_20,Player_58,1,0,1
16,1,8,1,Player_24,Player_82,0,0,0
16,1,8,2,Player_40,Player_76,0,0,0
16,1,8,3,Player_21,Player_53,0,0,0
16,1,8,4,Player_31,Player_75,0,0,0
16,1,8,5,Player_33,Player_70,4,0,4
16,1,8,6,Player_42,Player_64,1,0,1
16,1,9,1,Player_49,Player_77,2,0,2
16,1,9,2,Player_20,Player_97,0,0,0
16,1,9,3,Player_43,Player_98,1,0,1
16,1,9,4,Player_7,Player_61,1,0,1
16,1,9,5,Player_14,Player_83,1,0,1
16,1,9,6,Player_1,Player_99,1,0,1
16,1,10,1,Player_19,Player_91,0,1,1
16,1,10,2,Player_5,Player_61,1,0,1
16,1,10,3,Player_12,Player_67,0,0,0
16,1,10,4,Player_34,Player_97,2,0,2
16,1,10,5,Player_29,Player_94,4,0,4
16,1,10,6,Player_38,Player_82,1,0,1
16,1,11,1,Player_23,Player_60,1,0,1
16,1,11,2,Player_21,Player_69,1,0,1
16,1,11,3,Player_36,Player_97,0,0,0
16,1,11,4,Player_40,Player_99,0,0,0
16,1,11,5,Player_12,Player_53,4,0,4
16,1,11,6,Player_16,Player_90,0,0,0
16,1,12,1,Player_12,Player_86,1,0,1
16,1,12,2,Player_2,Player_85,2,0,2
16,1,12,3,Player_32,Player_69,0,0,0
16,1,12,4,Player_46,Player_52,6,0,6
16,1,12,5,Player_31,Player_71,2,0,2
16,1,12,6,Player_26,Player_50,0,0,0
16,1,13,1,Player_20,Player_72,2,0,2
16,1,13,2,Player_29,Player_80,0,0,0
16,1,13,3,Player_4,Player_50,0,0,0
16,1,13,4,Player_8,Player_64,2,0,2
16,1,13,5,Player_18,Player_65,0,0,0
16,1,13,6,Player_3,Player_79,0,0,0
16,1,14,1,Player_5,Player_51,3,0,3
16,1,14,2,Player_34,Player_83,0,0,0
16,1,14,3,Player_25,Player_69,1,0,1
16,1,14,4,Player_47,Player_93,2,0,2
16,1,14,5,Player_12,Player_97,1,0,1
16,1,14,6,Player_16,Player_79,1,1,2
16,1,15,1,Player_45,Player_91,0,1,1
16,1,15,2,Player_39,Player_60,1,0,1
16,1,15,3,Player_21,Player_53,4,0,4
16,1,15,4,Player_14,Player_68,4,0,4
16,1,15,5,Player_45,Player_67,3,1,4
16,1,15,6,Player_21,Player_96,0,0,0
16,1,16,1,Player_5,Player_90,0,0,0
16,1,16,2,Player_30,Player_62,0,0,0
16,1,16,3,Player_40,Player_94,0,0,0
16,1,16,4,Player_5,Player_81,0,0,0
16,1,16,5,Player_13,Player_78,0,0,0
16,1,16,6,Player_31,Player_69,2,0,2
16,1,17,1,Player_21,Player_69,1,0,1
16,1,17,2,Player_11,Player_86,1,0,1
16,1,17,3,Player_30,Player_68,2,0,2
16,1,17,4,Player_1,Player_52,2,0,2
16,1,17,5,Player_30,Player_54,4,0,4
16,1,17,6,Player_14,Player_98,1,0,1
16,1,18,1,Player_32,Player_80,0,0,0
16,1,18,2,Player_13,Player_76,1,0,1
16,1,18,3,Player_37,Player_97,4,0,4
16,1,18,4,Player_3,Player_81,1,0,1
16,1,18,5,Player_3,Player_73,1,0,1
16,1,18,6,Player_42,Player_80,0,0,0
16,1,19,1,Player_18,Player_56,1,0,1
16,1,19,2,Player_33,Player_52,1,0,1
16,1,19,3,Player_42,Player_58,1,0,1
16,1,19,4,Player_33,Player_69,4,0,4
16,1,19,5,Player_43,Player_52,0,0,0
16,1,19,6,Player_25,Player_59,6,0,6
16,1,20,1,Player_1,Player_70,0,0,0
16,1,20,2,Player_44,Player_75,1,0,1
16,1,20,3,Player_36,Player_91,0,0,0
16,1,20,4,Player_22,Player_50,1,0,1
16,1,20,5,Player_19,Player_57,0,0,0
16,1,20,6,Player_20,Player_85,0,0,0
16,2,1,1,Player_10,Player_80,3,0,3
16,2,1,2,Player_21,Player_90,1,1,2
16,2,1,3,Player_4,Player_57,0,0,0
16,2,1,4,Player_13,Player_70,0,0,0
16,2,1,5,Player_40,Player_75,0,0,0
16,2,1,6,Player_33,Player_80,3,0,3
16,2,2,1,Player_25,Player_94,1,0,1
16,2,2,2,Player_34,Player_52,1,0,1
16,2,2,3,Player_32,Player_92,1,0,1
16,2,2,4,Player_43,Player_98,0,0,0
16,2,2,5,Player_31,Player_83,0,0,0
16,2,2,6,Player_37,Player_53,0,0,0
16,2,3,1,Player_6,Player_95,4,0,4
16,2,3,2,Player_46,Player_84,2,0,2
16,2,3,3,Player_45,Player_55,1,0,1
16,2,3,4,Player_32,Player_71,2,0,2
16,2,3,5,Player_44,Player_71,2,0,2
16,2,3,6,Player_9,Player_83,0,0,0
16,2,4,1,Player_45,Player_69,0,0,0
16,2,4,2,Player_19,Player_65,0,0,0
16,2,4,3,Player_10,Player_67,2,0,2
16,2,4,4,Player_3,Player_89,0,0,0
16,2,4,5,Player_6,Player_96,0,0,0
16,2,4,6,Player_31,Player_78,0,0,0
16,2,5,1,Player_29,Player_98,1,0,1
16,2,5,2,Player_12,Player_74,1,0,1
16,2,5,3,Player_44,Player_97,0,0,0
16,2,5,4,Player_3,Player_75,3,0,3
16,2,5,5,Player_2,Player_73,0,0,0
16,2,5,6,Player_32,Player_72,0,0,0
16,2,6,1,Player_2,Player_64,1,0,1
16,2,6,2,Player_43,Player_76,1,0,1
16,2,6,3,Player_33,Player_98,4,0,4
16,2,6,4,Player_8,Player_89,2,0,2
16,2,6,5,Player_1,Player_64,0,0,0
16,2,6,6,Player_35,Player_54,1,0,1
16,2,7,1,Player_14,Player_78,0,0,0
16,2,7,2,Player_29,Player_85,1,0,1
16,2,7,3,Player_32,Player_73,6,0,6
16,2,7,4,Player_7,Player_66,0,0,0
16,2,7,5,Player_17,Player_52,0,0,0
16,2,7,6,Player_43,Player_78,1,0,1
16,2,8,1,Player_5,Player_79,2,0,2
16,2,8,2,Player_26,Player_96,1,0,1
16,2,8,3,Player_21,Player_70,0,0,0
16,2,8,4,Player_14,Player_68,1,0,1
16,2,8,5,Player_45,Player_98,0,0,0
16,2,8,6,Player_7,Player_82,0,0,0
16,2,9,1,Player_13,Player_92,0,0,0
16,2,9,2,Player_25,Player_82,0,0,0
16,2,9,3,Player_37,Player_72,1,0,1
16,2,9,4,Player_27,Player_87,2,0,2
16,2,9,5,Player_23,Player_80,0,0,0
16,2,9,6,Player_3,Player_85,0,1,1
16,2,10,1,Player_49,Player_55,1,0,1
16,2,10,2,Player_23,Player_97,0,0,0
16,2,10,3,Player_41,Player_64,0,0,0
16,2,10,4,Player_6,Player_53,0,0,0
16,2,10,5,Player_45,Player_68,0,0,0
16,2,10,6,Player_44,Player_52,0,0,0
16,2,11,1,Player_27,Player_59,0,0,0
16,2,11,2,Player_4,Player_64,2,0,2
16,2,11,3,Player_1,Player_56,4,0,4
16,2,11,4,Player_48,Player_79,0,0,0
16,2,11,5,Player_28,Player_98,1,0,1
16,2,11,6,Player_31,Player_87,3,0,3
16,2,12,1,Player_27,Player_66,0,0,0
16,2,12,2,Player_26,Player_76,1,0,1
16,2,12,3,Player_21,Player_78,0,0,0
16,2,12,4,Player_27,Player_95,0,0,0
16,2,12,5,Player_33,Player_75,6,0,6
16,2,12,6,Player_1,Player_69,1,0,1
16,2,13,1,Player_16,Player_53,1,0,1
16,2,13,2,Player_15,Player_77,6,0,6
16,2,13,3,Player_10,Player_58,0,1,1
16,2,13,4,Player_19,Player_66,1,0,1
16,2,13,5,Player_28,Player_87,1,0,1
16,2,13,6,Player_1,Player_52,4,0,4
16,2,14,1,Player_37,Player_64,0,0,0
16,2,14,2,Player_9,Player_93,0,0,0
16,2,14,3,Player_42,Player_75,2,0,2
16,2,14,4,Player_25,Player_97,6,1,7
16,2,14,5,Player_10,Player_58,3,0,3
16,2,14,6,Player_31,Player_68,1,0,1
16,2,15,1,Player_29,Player_96,1,0,1
16,2,15,2,Player_2,Player_72,1,0,1
16,2,15,3,Player_24,Player_69,0,0,0
16,2,15,4,Player_17,Player_74,4,0,4
16,2,15,5,Player_28,Player_99,0,0,0
16,2,15,6,Player_5,Player_93,0,0,0
16,2,16,1,Player_28,Player_96,2,0,2
16,2,16,2,Player_44,Player_64,0,0,0
16,2,16,3,Player_34,Player_94,4,0,4
16,2,16,4,Player_36,Player_55,3,0,3
16,2,16,5,Player_44,Player_98,1,0,1
16,2,16,6,Player_49,Player_91,1,0,1
16,2,17,1,Player_15,Player_97,6,0,6
16,2,17,2,Player_37,Player_67,1,0,1
16,2,17,3,Player_23,Player_79,1,1,2
16,2,17,4,Player_39,Player_96,4,0,4
16,2,17,5,Player_29,Player_63,0,0,0
16,2,17,6,Player_32,Player_55,0,0,0
16,2,18,1,Player_4,Player_52,0,0,0
16,2,18,2,Player_19,Player_69,0,0,0
16,2,18,3,Player_25,Player_64,4,0,4
16,2,18,4,Player_15,Player_93,2,0,2
16,2,18,5,Player_14,Player_84,4,0,4
16,2,18,6,Player_19,Player_73,0,1,1
16,2,19,1,Player_32,Player_58,6,0,6
16,2,19,2,Player_20,Player_59,0,0,0
16,2,19,3,Player_22,Player_97,3,0,3
16,2,19,4,Player_48,Player_57,2,0,2
16,2,19,5,Player_3,Player_53,1,0,1
16,2,19,6,Player_41,Player_95,3,0,3
16,2,20,1,Player_20,Player_86,1,0,1
16,2,20,2,Player_43,Player_88,1,0,1
16,2,20,3,Player_22,Player_93,0,0,0
16,2,20,4,Player_23,Player_50,1,0,1
16,2,20,5,Player_38,Player_88,0,0,0
16,2,20,6,Player_17,Player_84,1,0,1
17,1,1,1,Player_33,Player_53,1,0,1
17,1,1,2,Player_30,Player_57,0,0,0
17,1,1,3,Player_1,Player_64,3,0,3
17,1,1,4,Player_46,Player_75,4,0,4
17,1,1,5,Player_3,Player_71,0,0,0
17,1,1,6,Player_47,Player_88,0,0,0
17,1,2,1,Player_48,Player_75,0,0,0
17,1,2,2,Player_41,Player_75,0,0,0
17,1,2,3,Player_6,Player_92,0,0,0
17,1,2,4,Player_21,Player_66,1,0,1
17,1,2,5,Player_36,Player_80,6,0,6
17,1,2,6,Player_3,Player_79,0,0,0
17,1,3,1,Player_19,Player_75,1,0,1
17,1,3,2,Player_48,Player_63,0,1,1
17,1,3,3,Player_6,Player_98,0,0,0
17,1,3,4,Player_20,Player_62,4,0,4
17,1,3,5,Player_2,Player_90,0,1,1
17,1,3,6,Player_29,Player_52,0,0,0
17,1,4,1,Player_20,Player_64,0,0,0
17,1,4,2,Player_1,Player_87,4,1,5
17,1,4,3,Player_13,Player_98,0,0,0
17,1,4,4,Player_3,Player_95,1,0,1
17,1,4,5,Player_13,Player_85,0,0,0
17,1,4,6,Player_40,Player_72,0,0,0
17,1,5,1,Player_42,Player_84,0,0,0
17,1,5,2,Player_17,Player_88,0,0,0
17,1,5,3,Player_24,Player_72,4,0,4
17,1,5,4,Player_26,Player_57,1,0,1
17,1,5,5,Player_31,Player_82,6,0,6
17,1,5,6,Player_45,Player_68,4,0,4
17,1,6,1,Player_39,Player_62,0,0,0
17,1,6,2,Player_27,Player_64,1,0,1
17,1,6,3,Player_23,Player_97,2,0,2
17,1,6,4,Player_4,Player_93,0,0,0
17,1,6,5,Player_10,Player_99,1,0,1
17,1,6,6,Player_6,Player_64,0,0,0
17,1,7,1,Player_40,Player_56,0,0,0
17,1,7,2,Player_45,Player_96,0,0,0
17,1,7,3,Player_28,Player_91,1,0,1
17,1,7,4,Player_11,Player_62,0,0,0
17,1,7,5,Player_29,Player_54,1,0,1
17,1,7,6,Player_5,Player_93,0,0,0
17,1,8,1,Player_9,Player_98,4,0,4
17,1,8,2,Player_5,Player_78,0,0,0
17,1,8,3,Player_28,Player_87,6,0,6
17,1,8,4,Player_11,Player_58,0,0,0
17,1,8,5,Player_6,Player_50,3,1,4
17,1,8,6,Player_34,Player_66,0,0,0
17,1,9,1,Player_49,Player_87,0,0,0
17,1,9,2,Player_47,Player_88,1,0,1
17,1,9,3,Player_43,Player_63,4,0,4
17,1,9,4,Player_25,Player_58,0,0,0
17,1,9,5,Player_6,Player_99,1,0,1
17,1,9,6,Player_19,Player_55,3,0,3
17,1,10,1,Player_28,Player_70,6,0,6
17,1,10,2,Player_10,Player_58,1,0,1
17,1,10,3,Player_4,Player_52,0,0,0
17,1,10,4,Player_20,Player_55,1,0,1
17,1,10,5,Player_30,Player_58,0,0,0
17,1,10,6,Player_24,Player_98,0,0,0
17,1,11,1,Player_12,Player_80,4,0,4
17,1,11,2,Player_46,Player_95,0,0,0
17,1,11,3,Player_5,Player_88,0,0,0
17,1,11,4,Player_17,Player_76,1,0,1
17,1,11,5,Player_23,Player_81,1,0,1
17,1,11,6,Player_12,Player_64,0,0,0
17,1,12,1,Player_31,Player_58,2,0,2
17,1,12,2,Player_8,Player_83,2,0,2
17,1,12,3,Player_3,Player_84,0,0,0
17,1,12,4,Player_12,Player_95,4,0,4
17,1,12,5,Player_24,Player_81,0,0,0
17,1,12,6,Player_26,Player_52,0,0,0
17,1,13,1,Player_36,Player_62,4,0,4
17,1,13,2,Player_13,Player_75,1,0,1
17,1,13,3,Player_45,Player_63,2,0,2
17,1,13,4,Player_15,Player_50,0,0,0
17,1,13,5,Player_40,Player_52,1,0,1
17,1,13,6,Player_41,Player_57,6,0,6
17,1,14,1,Player_16,Player_91,0,0,0
17,1,14,2,Player_38,Player_71,4,0,4
17,1,14,3,Player_46,Player_53,1,0,1
17,1,14,4,Player_43,Player_85,0,0,0
17,1,14,5,Player_21,Player_97,0,0,0
17,1,14,6,Player_26,Player_51,0,0,0
17,1,15,1,Player_18,Player_97,1,0,1
17,1,15,2,Player_11,Player_74,4,0,4
17,1,15,3,Player_42,Player_84,1,0,1
17,1,15,4,Player_35,Player_99,3,0,3
17,1,15,5,Player_45,Player_56,1,0,1
17,1,15,6,Player_1,Player_94,4,0,4
17,1,16,1,Player_48,Player_78,4,0,4
17,1,16,2,Player_34,Player_60,0,0,0
17,1,16,3,Player_9,Player_57,6,0,6
17,1,16,4,Player_13,Player_68,0,0,0
17,1,16,5,Player_36,Player_67,1,0,1
17,1,16,6,Player_27,Player_66,0,0,0
17,1,17,1,Player_20,Player_54,6,0,6
17,1,17,2,Player_32,Player_99,0,0,0
17,1,17,3,Player_28,Player_99,0,0,0
17,1,17,4,Player_13,Player_73,0,0,0
17,1,17,5,Player_40,Player_97,1,0,1
17,1,17,6,Player_36,Player_51,0,0,0
17,1,18,1,Player_8,Player_64,3,0,3
17,1,18,2,Player_6,Player_78,4,0,4
17,1,18,3,Player_34,Player_67,1,0,1
17,1,18,4,Player_44,Player_66,0,0,0
17,1,18,5,Player_48,Player_91,1,0,1
17,1,18,6,Player_34,Player_80,0,0,0
17,1,19,1,Player_33,Player_61,0,0,0
17,1,19,2,Player_10,Player_66,1,0,1
17,1,19,3,Player_10,Player_61,6,0,6
17,1,19,4,Player_4,Player_85,1,0,1
17,1,19,5,Player_34,Player_96,2,0,2
17,1,19,6,Player_33,Player_70,1,0,1
17,1,20,1,Player_33,Player_50,0,0,0
17,1,20,2,Player_5,Player_75,1,0,1
17,1,20,3,Player_13,Player_61,2,0,2
17,1,20,4,Player_27,Player_99,2,0,2
17,1,20,5,Player_2,Player_75,0,0,0
17,1,20,6,Player_22,Player_89,4,0,4
17,2,1,1,Player_21,Player_70,0,1,1
17,2,1,2,Player_27,Player_89,2,0,2
17,2,1,3,Player_9,Player_94,0,0,0
17,2,1,4,Player_27,Player_55,0,0,0
17,2,1,5,Player_39,Player_70,3,0,3
17,2,1,6,Player_26,Player_93,2,0,2
17,2,2,1,Player_39,Player_92,0,0,0
17,2,2,2,Player_39,Player_55,0,0,0
17,2,2,3,Player_20,Player_82,0,1,1
17,2,2,4,Player_5,Player_84,2,0,2
17,2,2,5,Player_24,Player_66,0,0,0
17,2,2,6,Player_4,Player_74,0,0,0
17,2,3,1,Player_11,Player_62,6,0,6
17,2,3,2,Player_10,Player_73,1,0,1
17,2,3,3,Player_28,Player_85,1,0,1
17,2,3,4,Player_46,Player_57,0,1,1
17,2,3,5,Player_6,Player_63,1,0,1
17,2,3,6,Player_30,Player_95,0,0,0
17,2,4,1,Player_9,Player_56,1,0,1
17,2,4,2,Player_41,Player_56,2,0,2
17,2,4,3,Player_12,Player_55,0,0,0
17,2,4,4,Player_3,Player_51,0,0,0
17,2,4,5,Player_4,Player_81,0,0,0
17,2,4,6,Player_34,Player_76,1,0,1
17,2,5,1,Player_38,Player_67,4,0,4
17,2,5,2,Player_20,Player_70,0,0,0
17,2,5,3,Player_27,Player_83,4,1,5
17,2,5,4,Player_28,Player_53,1,0,1
17,2,5,5,Player_38,Player_97,4,0,4
17,2,5,6,Player_36,Player_85,0,0,0
17,2,6,1,Player_12,Player_62,1,0,1
17,2,6,2,Player_42,Player_88,0,0,0
17,2,6,3,Player_43,Player_96,0,0,0
17,2,6,4,Player_6,Player_99,0,0,0
17,2,6,5,Player_30,Player_92,2,0,2
17,2,6,6,Player_1,Player_68,4,0,4
17,2,7,1,Player_37,Player_66,2,0,2
17,2,7,2,Player_22,Player_90,0,0,0
17,2,7,3,Player_45,Player_68,0,0,0
17,2,7,4,Player_20,Player_74,0,0,0
17,2,7,5,Player_26,Player_93,1,0,1
17,2,7,6,Player_18,Player_56,1,1,2
17,2,8,1,Player_11,Player_93,0,0,0
17,2,8,2,Player_27,Player_60,1,0,1
17,2,8,3,Player_12,Player_89,1,1,2
17,2,8,4,Player_48,Player_73,4,0,4
17,2,8,5,Player_20,Player_67,6,0,6
17,2,8,6,Player_20,Player_83,4,0,4
17,2,9,1,Player_27,Player_72,4,0,4
17,2,9,2,Player_12,Player_79,0,0,0
17,2,9,3,Player_20,Player_55,1,0,1
17,2,9,4,Player_10,Player_78,0,0,0
17,2,9,5,Player_38,Player_66,0,0,0
17,2,9,6,Player_45,Player_80,1,0,1
17,2,10,1,Player_35,Player_90,4,0,4
17,2,10,2,Player_21,Player_61,1,0,1
17,2,10,3,Player_20,Player_89,1,0,1
17,2,10,4,Player_39,Player_90,0,0,0
17,2,10,5,Player_36,Player_71,4,0,4
17,2,10,6,Player_26,Player_73,0,0,0
17,2,11,1,Player_47,Player_57,0,0,0
17,2,11,2,Player_21,Player_80,1,0,1
17,2,11,3,Player_20,Player_65,1,0,1
17,2,11,4,Player_5,Player_60,1,0,1
17,2,11,5,Player_48,Player_64,1,0,1
17,2,11,6,Player_2,Player_93,1,0,1
17,2,12,1,Player_14,Player_73,1,0,1
17,2,12,2,Player_10,Player_98,1,0,1
17,2,12,3,Player_36,Player_78,2,0,2
17,2,12,4,Player_23,Player_76,4,0,4
17,2,12,5,Player_45,Player_53,1,0,1
17,2,12,6,Player_44,Player_83,0,0,0
17,2,13,1,Player_37,Player_57,2,1,3
17,2,13,2,Player_9,Player_52,4,0,4
17,2,13,3,Player_22,Player_95,0,0,0
17,2,13,4,Player_14,Player_58,4,0,4
17,2,13,5,Player_17,Player_83,3,0,3
17,2,13,6,Player_5,Player_99,0,0,0
17,2,14,1,Player_29,Player_97,0,0,0
17,2,14,2,Player_1,Player_77,0,1,1
17,2,14,3,Player_14,Player_91,1,0,1
17,2,14,4,Player_49,Player_54,0,0,0
17,2,14,5,Player_43,Player_54,4,0,4
17,2,14,6,Player_6,Player_72,2,0,2
17,2,15,1,Player_15,Player_72,6,0,6
17,2,15,2,Player_30,Player_65,0,0,0
17,2,15,3,Player_30,Player_94,0,0,0
17,2,15,4,Player_8,Player_67,4,0,4
17,2,15,5,Player_49,Player_81,4,0,4
17,2,15,6,Player_36,Player_85,1,0,1
17,2,16,1,Player_37,Player_65,2,0,2
17,2,16,2,Player_24,Player_74,0,1,1
17,2,16,3,Player_35,Player_66,2,0,2
17,2,16,4,Player_4,Player_60,3,0,3
17,2,16,5,Player_2,Player_92,0,0,0
17,2,16,6,Player_37,Player_62,1,0,1
17,2,17,1,Player_42,Player_87,6,0,6
17,2,17,2,Player_24,Player_77,0,0,0
17,2,17,3,Player_48,Player_83,0,0,0
17,2,17,4,Player_42,Player_80,6,0,6
17,2,17,5,Player_16,Player_88,3,0,3
17,2,17,6,Player_41,Player_83,6,0,6
17,2,18,1,Player_6,Player_80,0,0,0
17,2,18,2,Player_5,Player_61,0,0,0
17,2,18,3,Player_4,Player_99,2,0,2
17,2,18,4,Player_27,Player_92,4,0,4
17,2,18,5,Player_32,Player_69,2,0,2
17,2,18,6,Player_35,Player_87,0,0,0
17,2,19,1,Player_46,Player_97,1,0,1
17,2,19,2,Player_25,Player_86,4,0,4
17,2,19,3,Player_49,Player_59,3,0,3
17,2,19,4,Player_2,Player_97,1,0,1
17,2,19,5,Player_14,Player_99,3,0,3
17,2,19,6,Player_25,Player_97,6,0,6
17,2,20,1,Player_9,Player_80,0,0,0
17,2,20,2,Player_43,Player_87,0,0,0
17,2,20,3,Player_3,Player_51,0,0,0
17,2,20,4,Player_16,Player_80,0,0,0
17,2,20,5,Player_10,Player_94,6,0,6
17,2,20,6,Player_36,Player_58,1,0,1
18,1,1,1,Player_21,Player_96,0,0,0
18,1,1,2,Player_46,Player_84,0,0,0
18,1,1,3,Player_31,Player_82,1,0,1
18,1,1,4,Player_46,Player_98,1,0,1
18,1,1,5,Player_27,Player_74,2,0,2
18,1,1,6,Player_3,Player_61,1,0,1
18,1,2,1,Player_32,Player_56,1,0,1
18,1,2,2,Player_40,Player_70,0,0,0
18,1,2,3,Player_47,Player_56,2,0,2
18,1,2,4,Player_21,Player_90,4,0,4
18,1,2,5,Player_35,Player_83,1,0,1
18,1,2,6,Player_43,Player_54,0,0,0
18,1,3,1,Player_40,Player_62,1,0,1
18,1,3,2,Player_12,Player_62,2,0,2
18,1,3,3,Player_1,Player_87,1,0,1
18,1,3,4,Player_1,Player_60,0,0,0
18,1,3,5,Player_22,Player_84,1,0,1
18,1,3,6,Player_28,Player_80,0,0,0
18,1,4,1,Player_48,Player_93,1,0,1
18,1,4,2,Player_20,Player_63,1,0,1
18,1,4,3,Player_27,Player_74,4,0,4
18,1,4,4,Player_33,Player_52,1,0,1
18,1,4,5,Player_18,Player_96,0,0,0
18,1,4,6,Player_5,Player_73,3,0,3
18,1,5,1,Player_40,Player_52,4,0,4
18,1,5,2,Player_40,Player_51,0,0,0
18,1,5,3,Player_45,Player_98,1,0,1
18,1,5,4,Player_4,Player_66,2,0,2
18,1,5,5,Player_48,Player_80,0,0,0
18,1,5,6,Player_49,Player_64,0,0,0
18,1,6,1,Player_32,Player_97,2,0,2
18,1,6,2,Player_31,Player_55,0,0,0
18,1,6,3,Player_25,Player_88,1,0,1
18,1,6,4,Player_34,Player_89,1,0,1
18,1,6,5,Player_16,Player_67,2,0,2
18,1,6,6,Player_34,Player_60,0,0,0
18,1,7,1,Player_18,Player_63,0,1,1
18,1,7,2,Player_7,Player_98,4,0,4
18,1,7,3,Player_27,Player_82,2,1,3
18,1,7,4,Player_33,Player_90,2,0,2
18,1,7,5,Player_25,Player_91,1,0,1
18,1,7,6,Player_20,Player_74,6,0,6
18,1,8,1,Player_32,Player_82,0,0,0
18,1,8,2,Player_6,Player_76,1,0,1
18,1,8,3,Player_35,Player_71,2,0,2
18,1,8,4,Player_41,Player_75,0,0,0
18,1,8,5,Player_43,Player_63,0,0,0
18,1,8,6,Player_24,Player_70,0,0,0
18,1,9,1,Player_34,Player_72,0,0,0
18,1,9,2,Player_47,Player_57,0,0,0
18,1,9,3,Player_3,Player_77,0,0,0
18,1,9,4,Player_3,Player_53,4,0,4
18,1,9,5,Player_10,Player_57,2,0,2
18,1,9,6,Player_3,Player_76,1,0,1
18,1,10,1,Player_33,Player_63,0,1,1
18,1,10,2,Player_13,Player_61,6,0,6
18,1,10,3,Player_47,Player_91,0,0,0
18,1,10,4,Player_42,Player_96,0,0,0
18,1,10,5,Player_7,Player_80,6,0,6
18,1,10,6,Player_46,Player_87,0,0,0
18,1,11,1,Player_38,Player_77,1,0,1
18,1,11,2,Player_46,Player_98,1,0,1
18,1,11,3,Player_42,Player_52,1,0,1
18,1,11,4,Player_48,Player_50,2,0,2
18,1,11,5,Player_46,Player_91,0,0,0
18,1,11,6,Player_42,Player_78,1,0,1
18,1,12,1,Player_9,Player_52,0,0,0
18,1,12,2,Player_20,Player_98,4,0,4
18,1,12,3,Player_8,Player_86,0,0,0
18,1,12,4,Player_7,Player_71,3,0,3
18,1,12,5,Player_25,Player_66,0,0,0
18,1,12,6,Player_19,Player_56,2,0,2
18,1,13,1,Player_24,Player_60,0,0,0
18,1,13,2,Player_32,Player_89,0,0,0
18,1,13,3,Player_15,Player_70,0,0,0
18,1,13,4,Player_9,Player_84,0,0,0
18,1,13,5,Player_30,Player_89,1,0,1
18,1,13,6,Player_19,Player_79,2,0,2
18,1,14,1,Player_38,Player_78,1,0,1
18,1,14,2,Player_33,Player_54,6,0,6
18,1,14,3,Player_39,Player_97,0,0,0
18,1,14,4,Player_11,Player_61,2,1,3
18,1,14,5,Player_9,Player_77,1,0,1
18,1,14,6,Player_2,Player_53,0,0,0
18,1,15,1,Player_4,Player_55,0,0,0
18,1,15,2,Player_10,Player_92,0,0,0
18,1,15,3,Player_43,Player_77,1,0,1
18,1,15,4,Player_38,Player_66,0,0,0
18,1,15,5,Player_10,Player_60,6,0,6
18,1,15,6,Player_43,Player_80,0,0,0
18,1,16,1,Player_47,Player_85,1,0,1
18,1,16,2,Player_26,Player_74,0,0,0
18,1,16,3,Player_4,Player_71,0,0,0
18,1,16,4,Player_14,Player_66,1,0,1
18,1,16,5,Player_30,Player_71,0,0,0
18,1,16,6,Player_24,Player_85,4,0,4
18,1,17,1,Player_6,Player_75,0,0,0
18,1,17,2,Player_38,Player_65,1,0,1
18,1,17,3,Player_26,Player_90,4,0,4
18,1,17,4,Player_24,Player_58,2,0,2
18,1,17,5,Player_9,Player_68,3,0,3
18,1,17,6,Player_19,Player_98,0,0,0
18,1,18,1,Player_34,Player_66,4,0,4
18,1,18,2,Player_1,Player_92,0,0,0
18,1,18,3,Player_5,Player_61,0,0,0
18,1,18,4,Player_9,Player_93,0,0,0
18,1,18,5,Player_25,Player_79,3,0,3
18,1,18,6,Player_4,Player_92,6,0,6
18,1,19,1,Player_10,Player_79,2,0,2
18,1,19,2,Player_24,Player_88,4,0,4
18,1,19,3,Player_32,Player_88,0,0,0
18,1,19,4,Player_43,Player_84,0,0,0
18,1,19,5,Player_36,Player_63,0,0,0
18,1,19,6,Player_24,Player_64,0,0,0
18,1,20,1,Player_22,Player_72,0,0,0
18,1,20,2,Player_4,Player_95,1,0,1
18,1,20,3,Player_18,Player_92,0,0,0
18,1,20,4,Player_19,Player_95,1,0,1
18,1,20,5,Player_3,Player_68,1,0,1
18,1,20,6,Player_17,Player_98,6,0,6
18,2,1,1,Player_39,Player_68,1,0,1
18,2,1,2,Player_41,Player_71,0,0,0
18,2,1,3,Player_41,Player_80,0,0,0
18,2,1,4,Player_47,Player_58,6,0,6
18,2,1,5,Player_10,Player_89,4,0,4
18,2,1,6,Player_4,Player_64,4,0,4
18,2,2,1,Player_9,Player_84,0,0,0
18,2,2,2,Player_13,Player_68,0,0,0
18,2,2,3,Player_44,Player_84,4,0,4
18,2,2,4,Player_12,Player_96,4,0,4
18,2,2,5,Player_10,Player_51,3,0,3
18,2,2,6,Player_40,Player_72,4,0,4
18,2,3,1,Player_49,Player_97,0,0,0
18,2,3,2,Player_7,Player_76,0,0,0
18,2,3,3,Player_26,Player_71,2,0,2
18,2,3,4,Player_1,Player_82,1,0,1
18,2,3,5,Player_47,Player_92,2,0,2
18,2,3,6,Player_4,Player_88,1,0,1
18,2,4,1,Player_34,Player_83,1,0,1
18,2,4,2,Player_17,Player_62,2,0,2
18,2,4,3,Player_35,Player_72,0,0,0
18,2,4,4,Player_26,Player_50,2,0,2
18,2,4,5,Player_10,Player_50,0,0,0
18,2,4,6,Player_27,Player_71,1,0,1
18,2,5,1,Player_13,Player_94,4,0,4
18,2,5,2,Player_10,Player_82,1,0,1
18,2,5,3,Player_9,Player_97,1,0,1
18,2,5,4,Player_23,Player_60,1,0,1
18,2,5,5,Player_26,Player_59,0,0,0
18,2,5,6,Player_46,Player_83,0,0,0
18,2,6,1,Player_30,Player_66,1,0,1
18,2,6,2,Player_31,Player_76,1,0,1
18,2,6,3,Player_1,Player_64,3,0,3
18,2,6,4,Player_38,Player_82,0,0,0
18,2,6,5,Player_15,Player_63,0,1,1
18,2,6,6,Player_19,Player_82,1,0,1
18,2,7,1,Player_34,Player_85,0,0,0
18,2,7,2,Player_15,Player_67,1,0,1
18,2,7,3,Player_43,Player_68,0,0,0
18,2,7,4,Player_5,Player_99,0,0,0
18,2,7,5,Player_19,Player_58,2,0,2
18,2,7,6,Player_36,Player_91,0,0,0
18,2,8,1,Player_32,Player_84,2,0,2
18,2,8,2,Player_32,Player_86,2,0,2
18,2,8,3,Player_39,Player_87,4,0,4
18,2,8,4,Player_2,Player_60,1,0,1
18,2,8,5,Player_38,Player_98,1,0,1
18,2,8,6,Player_5,Player_96,0,0,0
18,2,9,1,Player_7,Player_60,4,0,4
18,2,9,2,Player_3,Player_71,2,0,2
18,2,9,3,Player_48,Player_56,0,0,0
18,2,9,4,Player_45,Player_84,0,0,0
18,2,9,5,Player_48,Player_88,0,0,0
18,2,9,6,Player_1,Player_66,1,0,1
18,2,10,1,Player_11,Player_92,0,0,0
18,2,10,2,Player_28,Player_95,1,0,1
18,2,10,3,Player_12,Player_90,1,0,1
18,2,10,4,Player_16,Player_97,2,0,2
18,2,10,5,Player_22,Player_59,1,0,1
18,2,10,6,Player_15,Player_62,1,0,1
18,2,11,1,Player_23,Player_93,2,0,2
18,2,11,2,Player_12,Player_73,0,1,1
18,2,11,3,Player_39,Player_61,0,0,0
18,2,11,4,Player_41,Player_99,0,0,0
18,2,11,5,Player_43,Player_99,0,0,0
18,2,11,6,Player_13,Player_85,0,0,0
18,2,12,1,Player_37,Player_52,4,0,4
18,2,12,2,Player_39,Player_68,6,0,6
18,2,12,3,Player_21,Player_50,1,1,2
18,2,12,4,Player_31,Player_61,0,0,0
18,2,12,5,Player_9,Player_69,2,0,2
18,2,12,6,Player_22,Player_57,2,0,2
18,2,13,1,Player_18,Player_76,3,0,3
18,2,13,2,Player_29,Player_96,4,0,4
18,2,13,3,Player_14,Player_68,6,0,6
18,2,13,4,Player_6,Player_52,1,0,1
18,2,13,5,Player_15,Player_86,0,0,0
18,2,13,6,Player_17,Player_83,0,0,0
18,2,14,1,Player_23,Player_84,6,0,6
18,2,14,2,Player_33,Player_74,0,0,0
18,2,14,3,Player_46,Player_97,0,0,0
18,2,14,4,Player_27,Player_58,0,0,0
18,2,14,5,Player_19,Player_79,1,0,1
18,2,14,6,Player_7,Player_67,4,0,4
18,2,15,1,Player_3,Player_80,0,0,0
18,2,15,2,Player_7,Player_56,0,1,1
18,2,15,3,Player_47,Player_90,3,0,3
18,2,15,4,Player_2,Player_53,0,0,0
18,2,15,5,Player_3,Player_89,6,0,6
18,2,15,6,Player_22,Player_86,0,0,0
18,2,16,1,Player_41,Player_62,0,0,0
18,2,16,2,Player_13,Player_77,3,0,3
18,2,16,3,Player_21,Player_56,0,0,0
18,2,16,4,Player_33,Player_60,0,0,0
18,2,16,5,Player_13,Player_86,0,0,0
18,2,16,6,Player_47,Player_56,0,0,0
18,2,17,1,Player_6,Player_83,0,0,0
18,2,17,2,Player_46,Player_55,0,0,0
18,2,17,3,Player_32,Player_50,6,0,6
18,2,17,4,Player_12,Player_59,1,0,1
18,2,17,5,Player_48,Player_72,1,0,1
18,2,17,6,Player_21,Player_91,2,0,2
18,2,18,1,Player_30,Player_83,0,0,0
18,2,18,2,Player_41,Player_89,1,0,1
18,2,18,3,Player_16,Player_97,1,0,1
18,2,18,4,Player_28,Player_71,0,0,0
18,2,18,5,Player_33,Player_62,0,0,0
18,2,18,6,Player_22,Player_63,1,0,1
18,2,19,1,Player_22,Player_85,0,1,1
18,2,19,2,Player_42,Player_78,0,0,0
18,2,19,3,Player_11,Player_94,4,0,4
18,2,19,4,Player_11,Player_84,1,0,1
18,2,19,5,Player_21,Player_50,0,1,1
18,2,19,6,Player_35,Player_82,0,0,0
18,2,20,1,Player_31,Player_66,2,0,2
18,2,20,2,Player_48,Player_72,1,0,1
18,2,20,3,Player_48,Player_89,0,0,0
18,2,20,4,Player_12,Player_94,0,1,1
18,2,20,5,Player_13,Player_57,4,0,4
18,2,20,6,Player_35,Player_78,0,0,0
19,1,1,1,Player_2,Player_82,0,0,0
19,1,1,2,Player_40,Player_98,0,0,0
19,1,1,3,Player_15,Player_72,1,0,1
19,1,1,4,Player_12,Player_62,0,0,0
19,1,1,5,Player_43,Player_77,1,0,1
19,1,1,6,Player_34,Player_97,4,1,5
19,1,2,1,Player_21,Player_86,1,0,1
19,1,2,2,Player_30,Player_80,0,1,1
19,1,2,3,Player_9,Player_71,0,0,0
19,1,2,4,Player_45,Player_86,0,0,0
19,1,2,5,Player_44,Player_64,6,0,6
19,1,2,6,Player_1,Player_84,0,0,0
19,1,3,1,Player_6,Player_91,1,0,1
19,1,3,2,Player_16,Player_85,1,0,1
19,1,3,3,Player_18,Player_91,4,0,4
19,1,3,4,Player_1,Player_96,0,0,0
19,1,3,5,Player_47,Player_51,2,0,2
19,1,3,6,Player_23,Player_75,0,0,0
19,1,4,1,Player_11,Player_73,1,0,1
19,1,4,2,Player_23,Player_92,0,0,0
19,1,4,3,Player_2,Player_88,3,0,3
19,1,4,4,Player_7,Player_61,1,0,1
19,1,4,5,Player_8,Player_63,0,0,0
19,1,4,6,Player_46,Player_81,0,0,0
19,1,5,1,Player_14,Player_58,1,0,1
19,1,5,2,Player_1,Player_69,1,0,1
19,1,5,3,Player_3,Player_55,1,0,1
19,1,5,4,Player_11,Player_57,0,0,0
19,1,5,5,Player_46,Player_97,0,1,1
19,1,5,6,Player_24,Player_54,1,0,1
19,1,6,1,Player_34,Player_65,1,0,1
19,1,6,2,Player_46,Player_74,1,0,1
19,1,6,3,Player_30,Player_99,6,0,6
19,1,6,4,Player_29,Player_58,1,0,1
19,1,6,5,Player_46,Player_54,0,0,0
19,1,6,6,Player_18,Player_87,0,0,0
19,1,7,1,Player_45,Player_65,3,0,3
19,1,7,2,Player_44,Player_57,4,0,4
19,1,7,3,Player_19,Player_96,3,0,3
19,1,7,4,Player_9,Player_79,1,0,1
19,1,7,5,Player_15,Player_53,2,0,2
19,1,7,6,Player_16,Player_75,2,0,2
19,1,8,1,Player_47,Player_66,4,0,4
19,1,8,2,Player_22,Player_86,6,0,6
19,1,8,3,Player_14,Player_97,2,0,2
19,1,8,4,Player_39,Player_86,4,0,4
19,1,8,5,Player_7,Player_77,3,0,3
19,1,8,6,Player_28,Player_51,0,0,0
19,1,9,1,Player_4,Player_62,4,1,5
19,1,9,2,Player_33,Player_90,1,0,1
19,1,9,3,Player_33,Player_61,2,0,2
19,1,9,4,Player_43,Player_54,0,0,0
19,1,9,5,Player_23,Player_79,0,0,0
19,1,9,6,Player_43,Player_58,0,0,0
19,1,10,1,Player_23,Player_80,6,0,6
19,1,10,2,Player_1,Player_97,1,0,1
19,1,10,3,Player_33,Player_59,1,0,1
19,1,10,4,Player_22,Player_65,1,0,1
19,1,10,5,Player_11,Player_68,0,1,1
19,1,10,6,Player_13,Player_88,4,0,4
19,1,11,1,Player_28,Player_53,0,0,0
19,1,11,2,Player_16,Player_98,0,0,0
19,1,11,3,Player_26,Player_71,1,0,1
19,1,11,4,Player_49,Player_83,1,0,1
19,1,11,5,Player_36,Player_62,2,0,2
19,1,11,6,Player_31,Player_52,0,0,0
19,1,12,1,Player_15,Player_66,1,0,1
19,1,12,2,Player_5,Player_83,1,0,1
19,1,12,3,Player_16,Player_86,0,0,0
19,1,12,4,Player_48,Player_92,2,0,2
19,1,12,5,Player_21,Player_90,4,0,4
19,1,12,6,Player_5,Player_66,0,0,0
19,1,13,1,Player_28,Player_80,0,0,0
19,1,13,2,Player_45,Player_97,0,0,0
19,1,13,3,Player_35,Player_93,4,0,4
19,1,13,4,Player_30,Player_68,2,0,2
19,1,13,5,Player_17,Player_70,0,0,0
19,1,13,6,Player_39,Player_82,0,0,0
19,1,14,1,Player_20,Player_59,1,0,1
19,1,14,2,Player_25,Player_74,0,0,0
19,1,14,3,Player_15,Player_75,4,0,4
19,1,14,4,Player_32,Player_61,4,0,4
19,1,14,5,Player_9,Player_63,1,0,1
19,1,14,6,Player_33,Player_81,0,0,0
19,1,15,1,Player_10,Player_51,0,0,0
19,1,15,2,Player_38,Player_61,0,0,0
19,1,15,3,Player_36,Player_50,0,0,0
19,1,15,4,Player_34,Player_83,1,0,1
19,1,15,5,Player_30,Player_95,0,0,0
19,1,15,6,Player_7,Player_99,1,0,1
19,1,16,1,Player_15,Player_82,2,0,2
19,1,16,2,Player_13,Player_93,2,0,2
19,1,16,3,Player_37,Player_56,1,0,1
19,1,16,4,Player_21,Player_95,0,0,0
19,1,16,5,Player_16,Player_60,0,0,0
19,1,16,6,Player_14,Player_63,0,0,0
19,1,17,1,Player_30,Player_67,2,0,2
19,1,17,2,Player_19,Player_65,2,0,2
19,1,17,3,Player_15,Player_50,6,0,6
19,1,17,4,Player_20,Player_82,0,0,0
19,1,17,5,Player_39,Player_62,1,0,1
19,1,17,6,Player_4,Player_72,1,0,1
19,1,18,1,Player_6,Player_73,0,0,0
19,1,18,2,Player_38,Player_61,0,0,0
19,1,18,3,Player_15,Player_68,0,0,0
19,1,18,4,Player_5,Player_55,1,0,1
19,1,18,5,Player_43,Player_70,0,0,0
19,1,18,6,Player_17,Player_78,2,0,2
19,1,19,1,Player_28,Player_83,1,0,1
19,1,19,2,Player_13,Player_87,0,0,0
19,1,19,3,Player_22,Player_70,1,0,1
19,1,19,4,Player_4,Player_82,3,0,3
19,1,19,5,Player_11,Player_86,4,0,4
19,1,19,6,Player_25,Player_50,1,0,1
19,1,20,1,Player_33,Player_95,1,1,2
19,1,20,2,Player_38,Player_84,0,0,0
19,1,20,3,Player_34,Player_73,0,0,0
19,1,20,4,Player_16,Player_62,4,0,4
19,1,20,5,Player_23,Player_63,1,0,1
19,1,20,6,Player_22,Player_50,0,0,0
19,2,1,1,Player_19,Player_85,6,0,6
19,2,1,2,Player_36,Player_82,2,0,2
19,2,1,3,Player_49,Player_72,4,0,4
19,2,1,4,Player_29,Player_80,0,0,0
19,2,1,5,Player_6,Player_89,0,0,0
19,2,1,6,Player_4,Player_81,0,0,0
19,2,2,1,Player_5,Player_60,0,0,0
19,2,2,2,Player_39,Player_82,3,0,3
19,2,2,3,Player_24,Player_88,4,0,4
19,2,2,4,Player_2,Player_60,1,0,1
19,2,2,5,Player_3,Player_71,1,0,1
19,2,2,6,Player_2,Player_50,1,0,1
19,2,3,1,Player_6,Player_85,2,0,2
19,2,3,2,Player_46,Player_84,1,0,1
19,2,3,3,Player_43,Player_65,1,0,1
19,2,3,4,Player_1,Player_50,0,0,0
19,2,3,5,Player_5,Player_70,0,0,0
19,2,3,6,Player_32,Player_94,1,0,1
19,2,4,1,Player_33,Player_82,0,0,0
19,2,4,2,Player_32,Player_93,0,0,0
19,2,4,3,Player_14,Player_88,0,0,0
19,2,4,4,Player_16,Player_90,0,0,0
19,2,4,5,Player_8,Player_73,1,0,1
19,2,4,6,Player_18,Player_53,3,0,3
19,2,5,1,Player_18,Player_96,0,0,0
19,2,5,2,Player_35,Player_55,1,0,1
19,2,5,3,Player_24,Player_64,4,1,5
19,2,5,4,Player_5,Player_56,0,0,0
19,2,5,5,Player_39,Player_94,0,0,0
19,2,5,6,Player_13,Player_75,4,0,4
19,2,6,1,Player_28,Player_72,1,0,1
19,2,6,2,Player_38,Player_83,1,0,1
19,2,6,3,Player_34,Player_71,4,0,4
19,2,6,4,Player_5,Player_59,0,0,0
19,2,6,5,Player_21,Player_62,1,0,1
19,2,6,6,Player_46,Player_80,0,0,0
19,2,7,1,Player_35,Player_88,4,0,4
19,2,7,2,Player_33,Player_57,4,1,5
19,2,7,3,Player_42,Player_56,0,0,0
19,2,7,4,Player_32,Player_60,0,0,0
19,2,7,5,Player_34,Player_93,0,0,0
19,2,7,6,Player_48,Player_76,1,0,1
19,2,8,1,Player_12,Player_87,0,0,0
19,2,8,2,Player_37,Player_55,1,0,1
19,2,8,3,Player_26,Player_61,1,0,1
19,2,8,4,Player_17,Player_82,1,1,2
19,2,8,5,Player_45,Player_80,0,0,0
19,2,8,6,Player_16,Player_51,0,0,0
19,2,9,1,Player_19,Player_62,0,0,0
19,2,9,2,Player_25,Player_87,0,1,1
19,2,9,3,Player_4,Player_88,0,1,1
19,2,9,4,Player_16,Player_97,2,0,2
19,2,9,5,Player_32,Player_73,0,0,0
19,2,9,6,Player_7,Player_93,0,0,0
19,2,10,1,Player_16,Player_88,0,0,0
19,2,10,2,Player_1,Player_52,6,0,6
19,2,10,3,Player_30,Player_60,0,0,0
19,2,10,4,Player_25,Player_52,3,0,3
19,2,10,5,Player_36,Player_72,1,0,1
19,2,10,6,Player_4,Player_99,1,0,1
19,2,11,1,Player_36,Player_62,1,1,2
19,2,11,2,Player_3,Player_74,0,0,0
19,2,11,3,Player_11,Player_98,0,0,0
19,2,11,4,Player_16,Player_59,0,0,0
19,2,11,5,Player_26,Player_69,4,0,4
19,2,11,6,Player_15,Player_58,6,0,6
19,2,12,1,Player_20,Player_63,0,0,0
19,2,12,2,Player_19,Player_84,1,0,1
19,2,12,3,Player_20,Player_89,0,0,0
19,2,12,4,Player_42,Player_62,1,0,1
19,2,12,5,Player_5,Player_94,1,0,1
19,2,12,6,Player_33,Player_64,2,0,2
19,2,13,1,Player_5,Player_75,6,0,6
19,2,13,2,Player_16,Player_84,1,0,1
19,2,13,3,Player_33,Player_78,1,0,1
19,2,13,4,Player_27,Player_64,0,0,0
19,2,13,5,Player_3,Player_85,1,0,1
19,2,13,6,Player_20,Player_54,1,0,1
19,2,14,1,Player_44,Player_74,0,0,0
19,2,14,2,Player_28,Player_79,0,0,0
19,2,14,3,Player_35,Player_71,0,0,0
19,2,14,4,Player_24,Player_55,1,0,1
19,2,14,5,Player_36,Player_58,6,0,6
19,2,14,6,Player_31,Player_78,4,0,4
19,2,15,1,Player_46,Player_50,1,0,1
19,2,15,2,Player_9,Player_50,1,0,1
19,2,15,3,Player_1,Player_59,0,0,0
19,2,15,4,Player_29,Player_95,6,0,6
19,2,15,5,Player_27,Player_74,0,0,0
19,2,15,6,Player_41,Player_50,4,0,4
19,2,16,1,Player_36,Player_78,0,0,0
19,2,16,2,Player_18,Player_51,0,0,0
19,2,16,3,Player_35,Player_96,1,0,1
19,2,16,4,Player_4,Player_98,2,0,2
19,2,16,5,Player_14,Player_73,1,0,1
19,2,16,6,Player_49,Player_85,0,0,0
19,2,17,1,Player_19,Player_67,6,0,6
19,2,17,2,Player_38,Player_61,6,0,6
19,2,17,3,Player_34,Player_74,4,0,4
19,2,17,4,Player_9,Player_55,1,0,1
19,2,17,5,Player_3,Player_65,0,0,0
19,2,17,6,Player_44,Player_89,0,0,0
19,2,18,1,Player_4,Player_91,2,0,2
19,2,18,2,Player_39,Player_56,1,0,1
19,2,18,3,Player_2,Player_96,0,0,0
19,2,18,4,Player_13,Player_91,4,0,4
19,2,18,5,Player_6,Player_87,1,0,1
19,2,18,6,Player_10,Player_95,1,0,1
19,2,19,1,Player_36,Player_50,3,0,3
19,2,19,2,Player_34,Player_96,1,0,1
19,2,19,3,Player_41,Player_89,0,0,0
19,2,19,4,Player_48,Player_79,1,0,1
19,2,19,5,Player_33,Player_59,1,0,1
19,2,19,6,Player_36,Player_53,1,0,1
19,2,20,1,Player_32,Player_65,1,0,1
19,2,20,2,Player_49,Player_76,2,0,2
19,2,20,3,Player_48,Player_86,1,0,1
19,2,20,4,Player_29,Player_89,3,0,3
19,2,20,5,Player_13,Player_76,0,0,0
19,2,20,6,Player_45,Player_52,1,0,1
20,1,1,1,Player_33,Player_51,3,0,3
20,1,1,2,Player_33,Player_56,4,0,4
20,1,1,3,Player_38,Player_76,0,0,0
20,1,1,4,Player_10,Player_70,1,0,1
20,1,1,5,Player_24,Player_68,0,0,0
20,1,1,6,Player_6,Player_91,0,0,0
20,1,2,1,Player_19,Player_98,0,0,0
20,1,2,2,Player_12,Player_83,0,0,0
20,1,2,3,Player_4,Player_85,4,0,4
20,1,2,4,Player_49,Player_52,4,0,4
20,1,2,5,Player_21,Player_90,0,0,0
20,1,2,6,Player_28,Player_65,0,0,0
20,1,3,1,Player_14,Player_95,1,0,1
20,1,3,2,Player_48,Player_90,0,1,1
20,1,3,3,Player_3,Player_59,0,0,0
20,1,3,4,Player_10,Player_89,6,0,6
20,1,3,5,Player_6,Player_88,1,0,1
20,1,3,6,Player_25,Player_80,1,0,1
20,1,4,1,Player_28,Player_89,3,0,3
20,1,4,2,Player_23,Player_96,2,1,3
20,1,4,3,Player_31,Player_99,1,0,1
20,1,4,4,Player_37,Player_59,0,0,0
20,1,4,5,Player_10,Player_98,0,0,0
20,1,4,6,Player_28,Player_77,6,0,6
20,1,5,1,Player_40,Player_99,1,0,1
20,1,5,2,Player_2,Player_57,3,0,3
20,1,5,3,Player_8,Player_52,1,0,1
20,1,5,4,Player_25,Player_93,1,0,1
20,1,5,5,Player_47,Player_80,0,0,0
20,1,5,6,Player_45,Player_80,6,0,6
20,1,6,1,Player_19,Player_52,4,0,4
20,1,6,2,Player_29,Player_89,2,0,2
20,1,6,3,Player_11,Player_58,4,0,4
20,1,6,4,Player_25,Player_96,2,0,2
20,1,6,5,Player_38,Player_77,0,0,0
20,1,6,6,Player_36,Player_99,6,0,6
20,1,7,1,Player_8,Player_52,0,0,0
20,1,7,2,Player_17,Player_85,0,0,0
20,1,7,3,Player_15,Player_68,6,0,6
20,1,7,4,Player_7,Player_93,2,0,2
20,1,7,5,Player_11,Player_51,0,0,0
20,1,7,6,Player_5,Player_56,1,0,1
20,1,8,1,Player_46,Player_89,0,0,0
20,1,8,2,Player_28,Player_72,2,0,2
20,1,8,3,Player_9,Player_71,0,0,0
20,1,8,4,Player_40,Player_55,0,0,0
20,1,8,5,Player_15,Player_82,1,0,1
20,1,8,6,Player_43,Player_78,0,0,0
20,1,9,1,Player_7,Player_93,0,0,0
20,1,9,2,Player_34,Player_56,0,0,0
20,1,9,3,Player_46,Player_59,1,0,1
20,1,9,4,Player_27,Player_63,1,0,1
20,1,9,5,Player_47,Player_89,4,0,4
20,1,9,6,Player_34,Player_73,1,0,1
20,1,10,1,Player_9,Player_77,2,0,2
20,1,10,2,Player_42,Player_90,0,0,0
20,1,10,3,Player_25,Player_62,0,0,0
20,1,10,4,Player_21,Player_83,0,0,0
20,1,10,5,Player_23,Player_93,1,0,1
20,1,10,6,Player_47,Player_94,1,0,1
20,1,11,1,Player_43,Player_93,0,0,0
20,1,11,2,Player_27,Player_51,1,0,1
20,1,11,3,Player_19,Player_91,0,0,0
20,1,11,4,Player_8,Player_99,1,0,1
20,1,11,5,Player_39,Player_70,2,0,2
20,1,11,6,Player_38,Player_90,6,1,7
20,1,12,1,Player_44,Player_84,1,0,1
20,1,12,2,Player_10,Player_77,3,0,3
20,1,12,3,Player_35,Player_86,1,0,1
20,1,12,4,Player_45,Player_68,4,0,4
20,1,12,5,Player_4,Player_86,1,0,1
20,1,12,6,Player_31,Player_77,0,0,0
20,1,13,1,Player_19,Player_91,1,0,1
20,1,13,2,Player_28,Player_97,1,0,1
20,1,13,3,Player_49,Player_96,1,0,1
20,1,13,4,Player_6,Player_68,0,0,0
20,1,13,5,Player_1,Player_54,2,0,2
20,1,13,6,Player_43,Player_67,0,0,0
20,1,14,1,Player_4,Player_93,0,0,0
20,1,14,2,Player_45,Player_50,0,0,0
20,1,14,3,Player_18,Player_74,1,0,1
20,1,14,4,Player_30,Player_65,0,0,0
20,1,14,5,Player_42,Player_58,0,0,0
20,1,14,6,Player_9,Player_86,3,0,3
20,1,15,1,Player_25,Player_95,4,0,4
20,1,15,2,Player_48,Player_65,0,0,0
20,1,15,3,Player_6,Player_55,2,0,2
20,1,15,4,Player_3,Player_90,1,0,1
20,1,15,5,Player_17,Player_52,0,0,0
20,1,15,6,Player_42,Player_60,1,0,1
20,1,16,1,Player_18,Player_76,1,0,1
20,1,16,2,Player_21,Player_83,0,0,0
20,1,16,3,Player_48,Player_67,1,0,1
20,1,16,4,Player_19,Player_71,1,0,1
20,1,16,5,Player_5,Player_58,0,0,0
20,1,16,6,Player_4,Player_73,4,0,4
20,1,17,1,Player_34,Player_69,0,0,0
20,1,17,2,Player_10,Player_79,0,0,0
20,1,17,3,Player_46,Player_92,0,0,0
20,1,17,4,Player_17,Player_52,0,0,0
20,1,17,5,Player_26,Player_59,2,0,2
20,1,17,6,Player_27,Player_59,1,0,1
20,1,18,1,Player_22,Player_94,2,0,2
20,1,18,2,Player_45,Player_80,1,0,1
20,1,18,3,Player_36,Player_96,1,0,1
20,1,18,4,Player_29,Player_76,1,0,1
20,1,18,5,Player_15,Player_73,0,0,0
20,1,18,6,Player_11,Player_57,0,0,0
20,1,19,1,Player_3,Player_85,1,0,1
20,1,19,2,Player_16,Player_66,0,0,0
20,1,19,3,Player_48,Player_69,0,0,0
20,1,19,4,Player_11,Player_61,1,0,1
20,1,19,5,Player_20,Player_64,0,0,0
20,1,19,6,Player_30,Player_73,0,0,0
20,1,20,1,Player_36,Player_97,1,0,1
20,1,20,2,Player_29,Player_99,0,0,0
20,1,20,3,Player_7,Player_74,0,0,0
20,1,20,4,Player_9,Player_56,2,0,2
20,1,20,5,Player_35,Player_66,4,0,4
20,1,20,6,Player_32,Player_78,0,0,0
20,2,1,1,Player_31,Player_98,0,0,0
20,2,1,2,Player_10,Player_90,1,0,1
20,2,1,3,Player_34,Player_80,0,0,0
20,2,1,4,Player_16,Player_74,0,0,0
20,2,1,5,Player_18,Player_94,1,0,1
20,2,1,6,Player_49,Player_82,1,0,1
20,2,2,1,Player_48,Player_82,0,0,0
20,2,2,2,Player_14,Player_74,4,0,4
20,2,2,3,Player_23,Player_54,3,0,3
20,2,2,4,Player_24,Player_85,2,0,2
20,2,2,5,Player_36,Player_94,4,0,4
20,2,2,6,Player_21,Player_89,1,0,1
20,2,3,1,Player_31,Player_76,0,0,0
20,2,3,2,Player_47,Player_76,0,0,0
20,2,3,3,Player_13,Player_93,0,0,0
20,2,3,4,Player_3,Player_92,2,0,2
20,2,3,5,Player_13,Player_63,1,0,1
20,2,3,6,Player_41,Player_80,0,0,0
20,2,4,1,Player_37,Player_58,1,0,1
20,2,4,2,Player_19,Player_90,0,1,1
20,2,4,3,Player_14,Player_89,0,0,0
20,2,4,4,Player_38,Player_93,2,0,2
20,2,4,5,Player_42,Player_81,0,0,0
20,2,4,6,Player_14,Player_61,0,0,0
20,2,5,1,Player_12,Player_57,1,0,1
20,2,5,2,Player_8,Player_90,1,0,1
20,2,5,3,Player_19,Player_66,0,0,0
20,2,5,4,Player_29,Player_63,0,0,0
20,2,5,5,Player_27,Player_95,0,0,0
20,2,5,6,Player_19,Player_95,1,0,1
20,2,6,1,Player_5,Player_73,1,0,1
20,2,6,2,Player_9,Player_76,0,0,0
20,2,6,3,Player_36,Player_57,0,0,0
20,2,6,4,Player_32,Player_78,4,0,4
20,2,6,5,Player_1,Player_77,0,0,0
20,2,6,6,Player_20,Player_85,0,0,0
20,2,7,1,Player_3,Player_55,0,0,0
20,2,7,2,Player_36,Player_50,1,0,1
20,2,7,3,Player_36,Player_73,1,0,1
20,2,7,4,Player_37,Player_94,0,0,0
20,2,7,5,Player_25,Player_76,0,0,0
20,2,7,6,Player_4,Player_91,0,0,0
20,2,8,1,Player_29,Player_50,6,0,6
20,2,8,2,Player_41,Player_83,4,0,4
20,2,8,3,Player_16,Player_70,1,0,1
20,2,8,4,Player_32,Player_99,1,0,1
20,2,8,5,Player_38,Player_62,2,0,2
20,2,8,6,Player_47,Player_61,0,0,0
20,2,9,1,Player_3,Player_67,0,0,0
20,2,9,2,Player_4,Player_99,6,0,6
20,2,9,3,Player_45,Player_96,1,0,1
20,2,9,4,Player_21,Player_93,0,0,0
20,2,9,5,Player_2,Player_76,1,0,1
20,2,9,6,Player_16,Player_69,0,0,0
20,2,10,1,Player_44,Player_72,4,0,4
20,2,10,2,Player_37,Player_71,0,0,0
20,2,10,3,Player_38,Player_66,4,0,4
20,2,10,4,Player_49,Player_62,1,0,1
20,2,10,5,Player_7,Player_71,2,0,2
20,2,10,6,Player_16,Player_52,0,0,0
20,2,11,1,Player_30,Player_79,4,0,4
20,2,11,2,Player_23,Player_52,1,0,1
20,2,11,3,Player_7,Player_52,6,1,7
20,2,11,4,Player_4,Player_80,2,0,2
20,2,11,5,Player_31,Player_51,0,0,0
20,2,11,6,Player_10,Player_79,0,0,0
20,2,12,1,Player_46,Player_50,1,1,2
20,2,12,2,Player_17,Player_63,6,1,7
20,2,12,3,Player_39,Player_51,1,0,1
20,2,12,4,Player_6,Player_74,1,0,1
20,2,12,5,Player_38,Player_92,0,0,0
20,2,12,6,Player_34,Player_96,0,0,0
20,2,13,1,Player_36,Player_77,2,0,2
20,2,13,2,Player_36,Player_56,0,0,0
20,2,13,3,Player_39,Player_83,0,0,0
20,2,13,4,Player_4,Player_63,2,0,2
20,2,13,5,Player_15,Player_68,0,0,0
20,2,13,6,Player_36,Player_67,2,0,2
20,2,14,1,Player_16,Player_67,2,0,2
20,2,14,2,Player_21,Player_74,6,0,6
20,2,14,3,Player_28,Player_98,0,0,0
20,2,14,4,Player_26,Player_91,1,0,1
20,2,14,5,Player_2,Player_84,4,0,4
20,2,14,6,Player_12,Player_77,0,0,0
20,2,15,1,Player_48,Player_51,4,0,4
20,2,15,2,Player_38,Player_74,2,0,2
20,2,15,3,Player_9,Player_61,0,0,0
20,2,15,4,Player_33,Player_54,2,0,2
20,2,15,5,Player_29,Player_67,4,0,4
20,2,15,6,Player_32,Player_91,3,0,3
20,2,16,1,Player_11,Player_75,4,1,5
20,2,16,2,Player_45,Player_76,0,0,0
20,2,16,3,Player_16,Player_88,1,0,1
20,2,16,4,Player_40,Player_98,0,0,0
20,2,16,5,Player_30,Player_89,3,0,3
20,2,16,6,Player_8,Player_85,1,0,1
20,2,17,1,Player_48,Player_85,3,0,3
20,2,17,2,Player_45,Player_66,0,0,0
20,2,17,3,Player_49,Player_80,0,0,0
20,2,17,4,Player_4,Player_89,4,0,4
20,2,17,5,Player_45,Player_75,1,0,1
20,2,17,6,Player_49,Player_73,6,0,6
20,2,18,1,Player_27,Player_80,1,0,1
20,2,18,2,Player_10,Player_73,1,1,2
20,2,18,3,Player_34,Player_66,0,0,0
20,2,18,4,Player_15,Player_57,0,0,0
20,2,18,5,Player_30,Player_58,0,0,0
20,2,18,6,Player_34,Player_90,0,0,0
20,2,19,1,Player_37,Player_67,2,0,2
20,2,19,2,Player_27,Player_54,0,0,0
20,2,19,3,Player_25,Player_95,1,0,1
20,2,19,4,Player_44,Player_64,0,0,0
20,2,19,5,Player_11,Player_51,0,0,0
20,2,19,6,Player_26,Player_57,1,0,1
20,2,20,1,Player_8,Player_50,0,0,0
20,2,20,2,Player_28,Player_55,2,0,2
20,2,20,3,Player_17,Player_58,0,0,0
20,2,20,4,Player_12,Player_55,4,0,4
20,2,20,5,Player_3,Player_83,4,0,4
20,2,20,6,Player_42,Player_92,0,0,0
21,1,1,1,Player_27,Player_90,1,0,1
21,1,1,2,Player_33,Player_70,1,0,1
21,1,1,3,Player_46,Player_60,2,0,2
21,1,1,4,Player_15,Player_57,6,1,7
21,1,1,5,Player_26,Player_89,4,0,4
21,1,1,6,Player_46,Player_90,1,0,1
21,1,2,1,Player_38,Player_57,4,0,4
21,1,2,2,Player_10,Player_72,0,0,0
21,1,2,3,Player_30,Player_90,3,0,3
21,1,2,4,Player_6,Player_98,0,0,0
21,1,2,5,Player_22,Player_62,4,0,4
21,1,2,6,Player_19,Player_75,0,0,0
21,1,3,1,Player_2,Player_71,0,0,0
21,1,3,2,Player_39,Player_69,2,0,2
21,1,3,3,Player_31,Player_75,1,0,1
21,1,3,4,Player_10,Player_67,1,0,1
21,1,3,5,Player_5,Player_86,1,0,1
21,1,3,6,Player_15,Player_66,4,0,4
21,1,4,1,Player_28,Player_71,1,0,1
21,1,4,2,Player_18,Player_66,1,0,1
21,1,4,3,Player_37,Player_89,0,0,0
21,1,4,4,Player_9,Player_72,2,0,2
21,1,4,5,Player_17,Player_97,0,0,0
21,1,4,6,Player_30,Player_89,4,0,4
21,1,5,1,Player_34,Player_81,4,0,4
21,1,5,2,Player_38,Player_87,0,0,0
21,1,5,3,Player_11,Player_60,0,0,0
21,1,5,4,Player_40,Player_96,2,0,2
21,1,5,5,Player_5,Player_87,0,0,0
21,1,5,6,Player_49,Player_83,2,0,2
21,1,6,1,Player_6,Player_83,0,0,0
21,1,6,2,Player_12,Player_94,4,0,4
21,1,6,3,Player_33,Player_92,1,0,1
21,1,6,4,Player_39,Player_79,1,0,1
21,1,6,5,Player_23,Player_90,1,0,1
21,1,6,6,Player_48,Player_88,0,0,0
21,1,7,1,Player_23,Player_88,4,0,4
21,1,7,2,Player_49,Player_97,0,0,0
21,1,7,3,Player_21,Player_75,2,0,2
21,1,7,4,Player_36,Player_75,4,1,5
21,1,7,5,Player_9,Player_57,4,0,4
21,1,7,6,Player_43,Player_85,4,0,4
21,1,8,1,Player_9,Player_83,0,0,0
21,1,8,2,Player_36,Player_93,0,0,0
21,1,8,3,Player_4,Player_97,4,0,4
21,1,8,4,Player_22,Player_92,2,0,2
21,1,8,5,Player_4,Player_67,1,0,1
21,1,8,6,Player_10,Player_50,0,0,0
21,1,9,1,Player_29,Player_84,6,0,6
21,1,9,2,Player_44,Player_79,0,0,0
21,1,9,3,Player_38,Player_56,3,0,3
21,1,9,4,Player_49,Player_80,2,0,2
21,1,9,5,Player_33,Player_60,0,0,0
21,1,9,6,Player_33,Player_70,0,0,0
21,1,10,1,Player_33,Player_75,0,0,0
21,1,10,2,Player_11,Player_90,1,0,1
21,1,10,3,Player_18,Player_75,1,0,1
21,1,10,4,Player_42,Player_51,1,0,1
21,1,10,5,Player_43,Player_58,1,0,1
21,1,10,6,Player_42,Player_80,3,0,3
21,1,11,1,Player_29,Player_70,0,1,1
21,1,11,2,Player_30,Player_70,4,0,4
21,1,11,3,Player_22,Player_95,2,0,2
21,1,11,4,Player_40,Player_60,4,0,4
21,1,11,5,Player_13,Player_67,0,0,0
21,1,11,6,Player_25,Player_81,0,0,0
21,1,12,1,Player_11,Player_62,1,0,1
21,1,12,2,Player_1,Player_88,1,0,1
21,1,12,3,Player_41,Player_64,1,0,1
21,1,12,4,Player_49,Player_67,0,0,0
21,1,12,5,Player_46,Player_52,0,0,0
21,1,12,6,Player_1,Player_93,1,0,1
21,1,13,1,Player_9,Player_94,0,0,0
21,1,13,2,Player_10,Player_91,2,0,2
21,1,13,3,Player_37,Player_88,0,0,0
21,1,13,4,Player_25,Player_77,4,0,4
21,1,13,5,Player_6,Player_61,0,0,0
21,1,13,6,Player_33,Player_51,1,0,1
21,1,14,1,Player_5,Player_64,0,0,0
21,1,14,2,Player_24,Player_59,0,0,0
21,1,14,3,Player_37,Player_52,1,0,1
21,1,14,4,Player_44,Player_63,4,0,4
21,1,14,5,Player_8,Player_61,1,0,1
21,1,14,6,Player_46,Player_77,1,0,1
21,1,15,1,Player_18,Player_73,0,0,0
21,1,15,2,Player_3,Player_98,0,0,0
21,1,15,3,Player_6,Player_75,0,0,0
21,1,15,4,Player_29,Player_69,0,0,0
21,1,15,5,Player_14,Player_85,1,0,1
21,1,15,6,Player_23,Player_70,1,1,2
21,1,16,1,Player_24,Player_80,1,1,2
21,1,16,2,Player_3,Player_70,0,0,0
21,1,16,3,Player_39,Player_65,0,0,0
21,1,16,4,Player_20,Player_95,0,0,0
21,1,16,5,Player_31,Player_69,4,0,4
21,1,16,6,Player_18,Player_88,1,0,1
21,1,17,1,Player_36,Player_67,1,0,1
21,1,17,2,Player_39,Player_87,0,0,0
21,1,17,3,Player_40,Player_71,1,0,1
21,1,17,4,Player_24,Player_70,0,0,0
21,1,17,5,Player_12,Player_62,1,0,1
21,1,17,6,Player_14,Player_97,6,0,6
21,1,18,1,Player_37,Player_90,0,0,0
21,1,18,2,Player_17,Player_91,0,1,1
21,1,18,3,Player_18,Player_68,0,0,0
21,1,18,4,Player_39,Player_91,2,0,2
21,1,18,5,Player_30,Player_69,1,1,2
21,1,18,6,Player_25,Player_72,1,0,1
21,1,19,1,Player_48,Player_88,0,0,0
21,1,19,2,Player_37,Player_56,4,0,4
21,1,19,3,Player_8,Player_58,0,0,0
21,1,19,4,Player_34,Player_84,4,0,4
21,1,19,5,Player_42,Player_64,4,0,4
21,1,19,6,Player_24,Player_92,1,1,2
21,1,20,1,Player_2,Player_81,2,1,3
21,1,20,2,Player_42,Player_55,0,0,0
21,1,20,3,Player_11,Player_95,2,0,2
21,1,20,4,Player_46,Player_97,1,0,1
21,1,20,5,Player_10,Player_70,3,0,3
21,1,20,6,Player_14,Player_85,1,0,1
21,2,1,1,Player_31,Player_66,1,1,2
21,2,1,2,Player_36,Player_70,1,0,1
21,2,1,3,Player_35,Player_85,0,1,1
21,2,1,4,Player_21,Player_82,1,0,1
21,2,1,5,Player_32,Player_71,6,0,6
21,2,1,6,Player_25,Player_66,0,0,0
21,2,2,1,Player_10,Player_88,4,0,4
21,2,2,2,Player_17,Player_93,0,0,0
21,2,2,3,Player_16,Player_94,1,0,1
21,2,2,4,Player_11,Player_74,1,0,1
21,2,2,5,Player_3,Player_61,0,0,0
21,2,2,6,Player_41,Player_74,1,0,1
21,2,3,1,Player_36,Player_68,1,0,1
21,2,3,2,Player_30,Player_96,0,1,1
21,2,3,3,Player_36,Player_82,0,0,0
21,2,3,4,Player_47,Player_76,1,0,1
21,2,3,5,Player_22,Player_91,1,0,1
21,2,3,6,Player_44,Player_61,0,0,0
21,2,4,1,Player_17,Player_80,1,0,1
21,2,4,2,Player_21,Player_51,1,0,1
21,2,4,3,Player_4,Player_92,0,0,0
21,2,4,4,Player_43,Player_52,0,0,0
21,2,4,5,Player_46,Player_92,1,0,1
21,2,4,6,Player_2,Player_51,2,0,2
21,2,5,1,Player_12,Player_92,0,1,1
21,2,5,2,Player_15,Player_61,1,0,1
21,2,5,3,Player_38,Player_83,0,0,0
21,2,5,4,Player_7,Player_82,1,1,2
21,2,5,5,Player_7,Player_67,0,0,0
21,2,5,6,Player_11,Player_92,1,0,1
21,2,6,1,Player_17,Player_83,1,0,1
21,2,6,2,Player_28,Player_97,0,0,0
21,2,6,3,Player_24,Player_51,4,0,4
21,2,6,4,Player_14,Player_74,0,0,0
21,2,6,5,Player_5,Player_50,2,0,2
21,2,6,6,Player_30,Player_61,1,0,1
21,2,7,1,Player_46,Player_78,2,0,2
21,2,7,2,Player_34,Player_85,0,0,0
21,2,7,3,Player_19,Player_88,0,0,0
21,2,7,4,Player_32,Player_65,3,0,3
21,2,7,5,Player_23,Player_75,2,0,2
21,2,7,6,Player_5,Player_87,1,0,1
21,2,8,1,Player_12,Player_71,0,0,0
21,2,8,2,Player_44,Player_78,0,0,0
21,2,8,3,Player_17,Player_54,0,0,0
21,2,8,4,Player_42,Player_64,2,0,2
21,2,8,5,Player_23,Player_92,0,0,0
21,2,8,6,Player_25,Player_60,1,0,1
21,2,9,1,Player_13,Player_58,4,0,4
21,2,9,2,Player_6,Player_92,0,0,0
21,2,9,3,Player_23,Player_64,0,0,0
21,2,9,4,Player_34,Player_65,0,0,0
21,2,9,5,Player_47,Player_81,2,0,2
21,2,9,6,Player_5,Player_66,0,0,0
21,2,10,1,Player_18,Player_77,2,0,2
21,2,10,2,Player_19,Player_83,0,0,0
21,2,10,3,Player_41,Player_59,6,1,7
21,2,10,4,Player_19,Player_91,1,1,2
21,2,10,5,Player_43,Player_52,1,0,1
21,2,10,6,Player_43,Player_67,1,0,1
21,2,11,1,Player_31,Player_78,1,0,1
21,2,11,2,Player_12,Player_85,0,1,1
21,2,11,3,Player_10,Player_79,0,0,0
21,2,11,4,Player_39,Player_77,0,0,0
21,2,11,5,Player_17,Player_60,0,0,0
21,2,11,6,Player_46,Player_58,6,0,6
21,2,12,1,Player_33,Player_52,2,0,2
21,2,12,2,Player_6,Player_78,0,0,0
21,2,12,3,Player_49,Player_68,0,0,0
21,2,12,4,Player_32,Player_84,3,0,3
21,2,12,5,Player_21,Player_61,0,0,0
21,2,12,6,Player_8,Player_93,0,0,0
21,2,13,1,Player_16,Player_59,0,0,0
21,2,13,2,Player_15,Player_85,4,0,4
21,2,13,3,Player_38,Player_53,0,0,0
21,2,13,4,Player_28,Player_86,0,0,0
21,2,13,5,Player_3,Player_93,4,0,4
21,2,13,6,Player_15,Player_63,0,0,0
21,2,14,1,Player_30,Player_89,4,0,4
21,2,14,2,Player_17,Player_84,0,0,0
21,2,14,3,Player_48,Player_98,3,0,3
21,2,14,4,Player_39,Player_82,2,0,2
21,2,14,5,Player_6,Player_88,0,0,0
21,2,14,6,Player_30,Player_83,0,0,0
21,2,15,1,Player_27,Player_76,0,0,0
21,2,15,2,Player_39,Player_72,0,0,0
21,2,15,3,Player_15,Player_92,1,0,1
21,2,15,4,Player_28,Player_64,0,0,0
21,2,15,5,Player_12,Player_88,3,0,3
21,2,15,6,Player_43,Player_98,1,0,1
21,2,16,1,Player_2,Player_72,1,0,1
21,2,16,2,Player_10,Player_54,2,0,2
21,2,16,3,Player_31,Player_71,0,0,0
21,2,16,4,Player_8,Player_96,1,0,1
21,2,16,5,Player_28,Player_62,0,0,0
21,2,16,6,Player_47,Player_94,0,0,0
21,2,17,1,Player_22,Player_94,0,0,0
21,2,17,2,Player_21,Player_56,1,0,1
21,2,17,3,Player_32,Player_76,0,0,0
21,2,17,4,Player_26,Player_60,0,0,0
21,2,17,5,Player_5,Player_65,0,0,0
21,2,17,6,Player_11,Player_91,4,0,4
21,2,18,1,Player_17,Player_59,1,0,1
21,2,18,2,Player_26,Player_52,0,0,0
21,2,18,3,Player_38,Player_51,0,0,0
21,2,18,4,Player_22,Player_80,1,0,1
21,2,18,5,Player_9,Player_95,0,0,0
21,2,18,6,Player_34,Player_76,0,1,1
21,2,19,1,Player_14,Player_83,4,0,4
21,2,19,2,Player_1,Player_97,3,0,3
21,2,19,3,Player_21,Player_96,2,0,2
21,2,19,4,Player_40,Player_61,6,0,6
21,2,19,5,Player_44,Player_84,0,0,0
21,2,19,6,Player_5,Player_79,1,0,1
21,2,20,1,Player_35,Player_94,0,0,0
21,2,20,2,Player_24,Player_77,0,0,0
21,2,20,3,Player_19,Player_70,0,0,0
21,2,20,4,Player_2,Player_73,1,0,1
21,2,20,5,Player_9,Player_62,1,0,1
21,2,20,6,Player_11,Player_63,4,0,4
22,1,1,1,Player_34,Player_65,0,0,0
22,1,1,2,Player_26,Player_87,0,0,0
22,1,1,3,Player_49,Player_94,0,0,0
22,1,1,4,Player_39,Player_70,0,0,0
22,1,1,5,Player_16,Player_59,1,0,1
22,1,1,6,Player_15,Player_92,1,0,1
22,1,2,1,Player_39,Player_61,4,0,4
22,1,2,2,Player_34,Player_90,0,0,0
22,1,2,3,Player_14,Player_52,0,1,1
22,1,2,4,Player_39,Player_97,1,0,1
22,1,2,5,Player_38,Player_53,2,0,2
22,1,2,6,Player_27,Player_71,1,0,1
22,1,3,1,Player_32,Player_55,2,0,2
22,1,3,2,Player_36,Player_54,1,0,1
22,1,3,3,Player_7,Player_61,0,0,0
22,1,3,4,Player_13,Player_96,0,0,0
22,1,3,5,Player_27,Player_57,2,0,2
22,1,3,6,Player_41,Player_54,1,0,1
22,1,4,1,Player_4,Player_81,1,0,1
22,1,4,2,Player_46,Player_90,0,0,0
22,1,4,3,Player_8,Player_81,4,0,4
22,1,4,4,Player_32,Player_74,0,0,0
22,1,4,5,Player_25,Player_91,2,0,2
22,1,4,6,Player_44,Player_98,1,0,1
22,1,5,1,Player_10,Player_80,1,1,2
22,1,5,2,Player_46,Player_94,0,0,0
22,1,5,3,Player_33,Player_84,1,0,1
22,1,5,4,Player_5,Player_61,0,0,0
22,1,5,5,Player_1,Player_65,0,0,0
22,1,5,6,Player_10,Player_62,2,0,2
22,1,6,1,Player_4,Player_95,1,0,1
22,1,6,2,Player_3,Player_86,1,1,2
22,1,6,3,Player_17,Player_67,4,0,4
22,1,6,4,Player_9,Player_78,1,0,1
22,1,6,5,Player_17,Player_94,1,0,1
22,1,6,6,Player_39,Player_79,2,0,2
22,1,7,1,Player_16,Player_83,3,0,3
22,1,7,2,Player_24,Player_92,0,0,0
22,1,7,3,Player_19,Player_69,0,0,0
22,1,7,4,Player_26,Player_80,0,0,0
22,1,7,5,Player_29,Player_55,6,0,6
22,1,7,6,Player_38,Player_83,2,0,2
22,1,8,1,Player_11,Player_85,1,0,1
22,1,8,2,Player_5,Player_73,0,0,0
22,1,8,3,Player_48,Player_96,4,0,4
22,1,8,4,Player_22,Player_90,0,0,0
22,1,8,5,Player_27,Player_87,6,0,6
22,1,8,6,Player_6,Player_81,3,0,3
22,1,9,1,Player_3,Player_98,0,0,0
22,1,9,2,Player_30,Player_71,1,0,1
22,1,9,3,Player_19,Player_51,2,0,2
22,1,9,4,Player_45,Player_76,1,0,1
22,1,9,5,Player_7,Player_66,1,0,1
22,1,9,6,Player_19,Player_67,4,0,4
22,1,10,1,Player_10,Player_51,1,0,1
22,1,10,2,Player_37,Player_56,1,0,1
22,1,10,3,Player_43,Player_56,0,0,0
22,1,10,4,Player_13,Player_51,1,0,1
22,1,10,5,Player_38,Player_51,0,0,0
22,1,10,6,Player_23,Player_64,0,0,0
22,1,11,1,Player_8,Player_99,0,0,0
22,1,11,2,Player_24,Player_70,0,0,0
22,1,11,3,Player_5,Player_78,1,0,1
22,1,11,4,Player_2,Player_74,2,0,2
22,1,11,5,Player_18,Player_66,1,0,1
22,1,11,6,Player_22,Player_88,0,0,0
22,1,12,1,Player_1,Player_53,1,0,1
22,1,12,2,Player_46,Player_96,0,0,0
22,1,12,3,Player_3,Player_99,0,0,0
22,1,12,4,Player_26,Player_52,0,0,0
22,1,12,5,Player_17,Player_87,4,0,4
22,1,12,6,Player_14,Player_86,0,0,0
22,1,13,1,Player_11,Player_64,4,0,4
22,1,13,2,Player_40,Player_62,2,0,2
22,1,13,3,Player_16,Player_62,0,0,0
22,1,13,4,Player_43,Player_99,6,0,6
22,1,13,5,Player_13,Player_79,0,0,0
22,1,13,6,Player_10,Player_84,1,0,1
22,1,14,1,Player_37,Player_52,4,0,4
22,1,14,2,Player_22,Player_87,1,0,1
22,1,14,3,Player_2,Player_81,2,0,2
22,1,14,4,Player_8,Player_75,3,0,3
22,1,14,5,Player_1,Player_64,0,0,0
22,1,14,6,Player_11,Player_99,4,0,4
22,1,15,1,Player_39,Player_88,1,0,1
22,1,15,2,Player_16,Player_65,1,0,1
22,1,15,3,Player_33,Player_91,0,0,0
22,1,15,4,Player_48,Player_76,0,1,1
22,1,15,5,Player_42,Player_58,0,0,0
22,1,15,6,Player_12,Player_79,2,0,2
22,1,16,1,Player_46,Player_76,1,0,1
22,1,16,2,Player_40,Player_79,0,0,0
22,1,16,3,Player_18,Player_67,4,0,4
22,1,16,4,Player_31,Player_86,4,0,4
22,1,16,5,Player_17,Player_62,0,0,0
22,1,16,6,Player_15,Player_75,0,0,0
22,1,17,1,Player_30,Player_92,0,0,0
22,1,17,2,Player_11,Player_87,0,0,0
22,1,17,3,Player_7,Player_93,1,0,1
22,1,17,4,Player_1,Player_72,1,0,1
22,1,17,5,Player_3,Player_78,0,0,0
22,1,17,6,Player_43,Player_54,0,0,0
22,1,18,1,Player_40,Player_55,1,0,1
22,1,18,2,Player_11,Player_99,1,0,1
22,1,18,3,Player_23,Player_65,2,0,2
22,1,18,4,Player_31,Player_55,2,0,2
22,1,18,5,Player_42,Player_74,0,0,0
22,1,18,6,Player_35,Player_87,2,0,2
22,1,19,1,Player_12,Player_54,1,0,1
22,1,19,2,Player_9,Player_84,1,0,1
22,1,19,3,Player_46,Player_88,2,0,2
22,1,19,4,Player_48,Player_84,0,0,0
22,1,19,5,Player_37,Player_97,3,0,3
22,1,19,6,Player_6,Player_59,0,0,0
22,1,20,1,Player_42,Player_66,2,1,3
22,1,20,2,Player_2,Player_78,6,0,6
22,1,20,3,Player_42,Player_50,0,0,0
22,1,20,4,Player_4,Player_88,3,0,3
22,1,20,5,Player_1,Player_71,1,1,2
22,1,20,6,Player_16,Player_77,2,0,2
22,2,1,1,Player_6,Player_74,1,0,1
22,2,1,2,Player_17,Player_84,1,0,1
22,2,1,3,Player_32,Player_98,0,0,0
22,2,1,4,Player_14,Player_51,4,0,4
22,2,1,5,Player_21,Player_97,6,0,6
22,2,1,6,Player_19,Player_89,0,1,1
22,2,2,1,Player_25,Player_72,1,0,1
22,2,2,2,Player_24,Player_91,1,0,1
22,2,2,3,Player_3,Player_74,0,0,0
22,2,2,4,Player_44,Player_57,0,0,0
22,2,2,5,Player_27,Player_90,0,0,0
22,2,2,6,Player_32,Player_95,1,0,1
22,2,3,1,Player_32,Player_67,4,0,4
22,2,3,2,Player_46,Player_87,0,0,0
22,2,3,3,Player_44,Player_54,0,0,0
22,2,3,4,Player_42,Player_66,1,0,1
22,2,3,5,Player_43,Player_77,1,0,1
22,2,3,6,Player_19,Player_81,1,0,1
22,2,4,1,Player_17,Player_67,1,0,1
22,2,4,2,Player_48,Player_67,2,0,2
22,2,4,3,Player_23,Player_71,1,0,1
22,2,4,4,Player_20,Player_82,1,0,1
22,2,4,5,Player_8,Player_59,4,0,4
22,2,4,6,Player_46,Player_95,1,0,1
22,2,5,1,Player_48,Player_58,0,0,0
22,2,5,2,Player_40,Player_56,1,0,1
22,2,5,3,Player_19,Player_95,0,0,0
22,2,5,4,Player_10,Player_95,4,0,4
22,2,5,5,Player_35,Player_57,0,0,0
22,2,5,6,Player_14,Player_78,0,0,0
22,2,6,1,Player_1,Player_64,2,0,2
22,2,6,2,Player_33,Player_58,0,0,0
22,2,6,3,Player_33,Player_58,0,0,0
22,2,6,4,Player_18,Player_65,0,0,0
22,2,6,5,Player_36,Player_52,0,0,0
22,2,6,6,Player_33,Player_67,1,0,1
22,2,7,1,Player_45,Player_66,0,0,0
22,2,7,2,Player_46,Player_56,1,0,1
22,2,7,3,Player_15,Player_93,1,0,1
22,2,7,4,Player_34,Player_95,4,0,4
22,2,7,5,Player_5,Player_54,0,0,0
22,2,7,6,Player_5,Player_92,1,0,1
22,2,8,1,Player_14,Player_93,1,0,1
22,2,8,2,Player_20,Player_83,1,0,1
22,2,8,3,Player_15,Player_66,2,1,3
22,2,8,4,Player_31,Player_99,2,0,2
22,2,8,5,Player_49,Player_66,4,0,4
22,2,8,6,Player_25,Player_89,0,0,0
22,2,9,1,Player_15,Player_90,0,0,0
22,2,9,2,Player_48,Player_81,1,0,1
22,2,9,3,Player_38,Player_75,1,0,1
22,2,9,4,Player_49,Player_82,0,0,0
22,2,9,5,Player_48,Player_67,1,0,1
22,2,9,6,Player_13,Player_91,0,0,0
22,2,10,1,Player_21,Player_51,3,0,3
22,2,10,2,Player_20,Player_66,2,0,2
22,2,10,3,Player_14,Player_73,1,0,1
22,2,10,4,Player_24,Player_96,0,0,0
22,2,10,5,Player_9,Player_67,4,0,4
22,2,10,6,Player_9,Player_82,1,0,1
22,2,11,1,Player_10,Player_61,1,0,1
22,2,11,2,Player_18,Player_73,6,0,6
22,2,11,3,Player_35,Player_67,0,0,0
22,2,11,4,Player_5,Player_94,4,0,4
22,2,11,5,Player_7,Player_76,4,0,4
22,2,11,6,Player_17,Player_90,4,0,4
22,2,12,1,Player_5,Player_88,3,0,3
22,2,12,2,Player_4,Player_65,3,0,3
22,2,12,3,Player_35,Player_74,2,0,2
22,2,12,4,Player_12,Player_82,1,0,1
22,2,12,5,Player_13,Player_84,0,0,0
22,2,12,6,Player_49,Player_74,0,0,0
22,2,13,1,Player_3,Player_94,1,0,1
22,2,13,2,Player_42,Player_69,0,0,0
22,2,13,3,Player_42,Player_55,4,1,5
22,2,13,4,Player_39,Player_60,1,0,1
22,2,13,5,Player_30,Player_69,1,0,1
22,2,13,6,Player_29,Player_55,1,0,1
22,2,14,1,Player_23,Player_65,1,0,1
22,2,14,2,Player_10,Player_61,4,0,4
22,2,14,3,Player_37,Player_76,0,0,0
22,2,14,4,Player_34,Player_51,4,0,4
22,2,14,5,Player_27,Player_97,0,0,0
22,2,14,6,Player_7,Player_97,2,0,2
22,2,15,1,Player_33,Player_82,1,1,2
22,2,15,2,Player_38,Player_87,1,0,1
22,2,15,3,Player_10,Player_84,4,0,4
22,2,15,4,Player_25,Player_50,0,0,0
22,2,15,5,Player_20,Player_66,1,0,1
22,2,15,6,Player_20,Player_74,1,0,1
22,2,16,1,Player_1,Player_65,0,0,0
22,2,16,2,Player_3,Player_83,1,0,1
22,2,16,3,Player_33,Player_60,0,0,0
22,2,16,4,Player_47,Player_67,6,1,7
22,2,16,5,Player_39,Player_98,2,0,2
22,2,16,6,Player_26,Player_65,0,0,0
22,2,17,1,Player_38,Player_69,1,1,2
22,2,17,2,Player_38,Player_98,1,0,1
22,2,17,3,Player_12,Player_85,0,0,0
22,2,17,4,Player_31,Player_76,6,0,6
22,2,17,5,Player_21,Player_50,0,0,0
22,2,17,6,Player_7,Player_64,4,0,4
22,2,18,1,Player_14,Player_53,0,0,0
22,2,18,2,Player_31,Player_60,0,0,0
22,2,18,3,Player_48,Player_59,1,0,1
22,2,18,4,Player_39,Player_70,0,0,0
22,2,18,5,Player_11,Player_94,0,0,0
22,2,18,6,Player_33,Player_52,2,0,2
22,2,19,1,Player_23,Player_57,1,0,1
22,2,19,2,Player_6,Player_82,0,0,0
22,2,19,3,Player_46,Player_92,0,0,0
22,2,19,4,Player_7,Player_95,0,0,0
22,2,19,5,Player_48,Player_93,2,0,2
22,2,19,6,Player_5,Player_63,1,0,1
22,2,20,1,Player_17,Player_58,0,0,0
22,2,20,2,Player_16,Player_85,1,0,1
22,2,20,3,Player_12,Player_85,1,0,1
22,2,20,4,Player_19,Player_89,0,0,0
22,2,20,5,Player_31,Player_95,3,0,3
22,2,20,6,Player_9,Player_84,1,0,1
23,1,1,1,Player_17,Player_73,3,0,3
23,1,1,2,Player_37,Player_62,1,0,1
23,1,1,3,Player_49,Player_84,0,0,0
23,1,1,4,Player_12,Player_89,4,0,4
23,1,1,5,Player_33,Player_78,1,0,1
23,1,1,6,Player_6,Player_70,6,0,6
23,1,2,1,Player_19,Player_74,0,0,0
23,1,2,2,Player_34,Player_60,2,1,3
23,1,2,3,Player_42,Player_51,0,0,0
23,1,2,4,Player_42,Player_66,1,0,1
23,1,2,5,Player_10,Player_94,0,0,0
23,1,2,6,Player_12,Player_81,3,1,4
23,1,3,1,Player_5,Player_96,0,0,0
23,1,3,2,Player_46,Player_53,3,0,3
23,1,3,3,Player_3,Player_62,1,0,1
23,1,3,4,Player_23,Player_84,2,0,2
23,1,3,5,Player_36,Player_66,6,0,6
23,1,3,6,Player_48,Player_89,2,0,2
23,1,4,1,Player_13,Player_75,4,0,4
23,1,4,2,Player_16,Player_71,0,0,0
23,1,4,3,Player_12,Player_67,0,0,0
23,1,4,4,Player_2,Player_52,6,0,6
23,1,4,5,Player_12,Player_81,0,0,0
23,1,4,6,Player_16,Player_66,0,0,0
23,1,5,1,Player_7,Player_59,4,0,4
23,1,5,2,Player_46,Player_63,2,0,2
23,1,5,3,Player_47,Player_72,0,0,0
23,1,5,4,Player_45,Player_61,2,0,2
23,1,5,5,Player_32,Player_78,0,0,0
23,1,5,6,Player_5,Player_61,0,1,1
23,1,6,1,Player_25,Player_59,0,0,0
23,1,6,2,Player_35,Player_59,1,0,1
23,1,6,3,Player_35,Player_86,2,0,2
23,1,6,4,Player_31,Player_98,0,0,0
23,1,6,5,Player_28,Player_55,4,0,4
23,1,6,6,Player_23,Player_79,0,0,0
23,1,7,1,Player_28,Player_73,1,0,1
23,1,7,2,Player_47,Player_83,4,0,4
23,1,7,3,Player_42,Player_96,0,0,0
23,1,7,4,Player_45,Player_79,4,0,4
23,1,7,5,Player_21,Player_62,0,0,0
23,1,7,6,Player_21,Player_50,1,0,1
23,1,8,1,Player_7,Player_62,1,0,1
23,1,8,2,Player_6,Player_69,0,0,0
23,1,8,3,Player_28,Player_60,0,0,0
23,1,8,4,Player_15,Player_90,4,0,4
23,1,8,5,Player_35,Player_68,0,0,0
23,1,8,6,Player_23,Player_96,1,0,1
23,1,9,1,Player_8,Player_91,0,0,0
23,1,9,2,Player_14,Player_57,0,0,0
23,1,9,3,Player_24,Player_96,2,0,2
23,1,9,4,Player_3,Player_81,1,0,1
23,1,9,5,Player_11,Player_87,2,0,2
23,1,9,6,Player_46,Player_98,3,1,4
23,1,10,1,Player_1,Player_51,6,0,6
23,1,10,2,Player_36,Player_51,1,0,1
23,1,10,3,Player_9,Player_98,0,0,0
23,1,10,4,Player_2,Player_52,6,0,6
23,1,10,5,Player_7,Player_85,1,0,1
23,1,10,6,Player_36,Player_53,2,0,2
23,1,11,1,Player_26,Player_77,1,0,1
23,1,11,2,Player_27,Player_64,0,0,0
23,1,11,3,Player_5,Player_65,0,0,0
23,1,11,4,Player_33,Player_84,1,0,1
23,1,11,5,Player_24,Player_99,0,0,0
23,1,11,6,Player_25,Player_80,0,0,0
23,1,12,1,Player_32,Player_60,0,0,0
23,1,12,2,Player_43,Player_96,1,0,1
23,1,12,3,Player_11,Player_59,2,0,2
23,1,12,4,Player_25,Player_78,2,0,2
23,1,12,5,Player_34,Player_61,1,0,1
23,1,12,6,Player_29,Player_72,0,1,1
23,1,13,1,Player_5,Player_90,1,0,1
23,1,13,2,Player_11,Player_95,1,0,1
23,1,13,3,Player_48,Player_79,4,0,4
23,1,13,4,Player_17,Player_69,0,0,0
23,1,13,5,Player_24,Player_51,0,0,0
23,1,13,6,Player_37,Player_60,1,0,1
23,1,14,1,Player_21,Player_75,1,0,1
23,1,14,2,Player_14,Player_85,1,0,1
23,1,14,3,Player_43,Player_69,6,0,6
23,1,14,4,Player_4,Player_78,1,0,1
23,1,14,5,Player_24,Player_79,1,0,1
23,1,14,6,Player_40,Player_92,3,0,3
23,1,15,1,Player_44,Player_69,4,0,4
23,1,15,2,Player_10,Player_79,3,0,3
23,1,15,3,Player_40,Player_87,0,0,0
23,1,15,4,Player_10,Player_54,0,0,0
23,1,15,5,Player_35,Player_99,6,0,6
23,1,15,6,Player_21,Player_65,0,0,0
23,1,16,1,Player_27,Player_85,4,0,4
23,1,16,2,Player_15,Player_69,2,0,2
23,1,16,3,Player_40,Player_83,0,0,0
23,1,16,4,Player_2,Player_76,1,0,1
23,1,16,5,Player_31,Player_90,4,0,4
23,1,16,6,Player_3,Player_89,0,0,0
23,1,17,1,Player_13,Player_70,0,1,1
23,1,17,2,Player_48,Player_93,0,0,0
23,1,17,3,Player_48,Player_82,0,1,1
23,1,17,4,Player_25,Player_90,1,0,1
23,1,17,5,Player_47,Player_85,0,0,0
23,1,17,6,Player_20,Player_54,0,0,0
23,1,18,1,Player_19,Player_72,0,0,0
23,1,18,2,Player_34,Player_68,4,0,4
23,1,18,3,Player_2,Player_76,1,0,1
23,1,18,4,Player_6,Player_80,3,0,3
23,1,18,5,Player_21,Player_90,0,1,1
23,1,18,6,Player_23,Player_77,1,0,1
23,1,19,1,Player_20,Player_54,2,0,2
23,1,19,2,Player_15,Player_84,1,0,1
23,1,19,3,Player_21,Player_57,2,0,2
23,1,19,4,Player_44,Player_89,0,0,0
23,1,19,5,Player_2,Player_95,0,0,0
23,1,19,6,Player_21,Player_62,0,0,0
23,1,20,1,Player_24,Player_65,0,0,0
23,1,20,2,Player_30,Player_65,1,0,1
23,1,20,3,Player_38,Player_80,4,0,4
23,1,20,4,Player_49,Player_98,4,0,4
23,1,20,5,Player_38,Player_71,2,0,2
23,1,20,6,Player_39,Player_54,1,0,1
23,2,1,1,Player_39,Player_69,6,0,6
23,2,1,2,Player_35,Player_57,0,0,0
23,2,1,3,Player_47,Player_85,1,0,1
23,2,1,4,Player_6,Player_91,0,0,0
23,2,1,5,Player_46,Player_87,2,0,2
23,2,1,6,Player_27,Player_96,0,0,0
23,2,2,1,Player_16,Player_70,0,0,0
23,2,2,2,Player_28,Player_88,0,0,0
23,2,2,3,Player_33,Player_82,0,0,0
23,2,2,4,Player_46,Player_78,2,0,2
23,2,2,5,Player_44,Player_68,0,0,0
23,2,2,6,Player_3,Player_87,3,0,3
23,2,3,1,Player_35,Player_78,1,0,1
23,2,3,2,Player_20,Player_66,2,0,2
23,2,3,3,Player_36,Player_59,2,0,2
23,2,3,4,Player_13,Player_80,1,0,1
23,2,3,5,Player_21,Player_87,0,0,0
23,2,3,6,Player_44,Player_70,0,0,0
23,2,4,1,Player_13,Player_99,0,0,0
23,2,4,2,Player_28,Player_86,0,0,0
23,2,4,3,Player_36,Player_79,0,0,0
23,2,4,4,Player_3,Player_81,0,0,0
23,2,4,5,Player_34,Player_78,0,0,0
23,2,4,6,Player_2,Player_82,3,0,3
23,2,5,1,Player_8,Player_61,0,0,0
23,2,5,2,Player_9,Player_77,0,0,0
23,2,5,3,Player_2,Player_72,1,0,1
23,2,5,4,Player_26,Player_61,1,0,1
23,2,5,5,Player_26,Player_56,6,0,6
23,2,5,6,Player_31,Player_78,1,0,1
23,2,6,1,Player_32,Player_57,1,0,1
23,2,6,2,Player_8,Player_51,0,0,0
23,2,6,3,Player_5,Player_52,1,0,1
23,2,6,4,Player_9,Player_84,0,0,0
23,2,6,5,Player_39,Player_59,6,0,6
23,2,6,6,Player_46,Player_51,4,0,4
23,2,7,1,Player_13,Player_84,6,0,6
23,2,7,2,Player_4,Player_66,1,0,1
23,2,7,3,Player_24,Player_80,1,0,1
23,2,7,4,Player_42,Player_56,1,0,1
23,2,7,5,Player_24,Player_68,1,0,1
23,2,7,6,Player_27,Player_55,0,0,0
23,2,8,1,Player_2,Player_59,4,0,4
23,2,8,2,Player_4,Player_83,0,0,0
23,2,8,3,Player_8,Player_77,4,0,4
23,2,8,4,Player_25,Player_70,1,0,1
23,2,8,5,Player_38,Player_84,1,0,1
23,2,8,6,Player_45,Player_78,0,0,0
23,2,9,1,Player_6,Player_81,0,0,0
23,2,9,2,Player_12,Player_84,0,0,0
23,2,9,3,Player_27,Player_66,6,0,6
23,2,9,4,Player_39,Player_51,0,0,0
23,2,9,5,Player_45,Player_73,1,0,1
23,2,9,6,Player_43,Player_58,1,0,1
23,2,10,1,Player_14,Player_94,2,1,3
23,2,10,2,Player_35,Player_82,0,0,0
23,2,10,3,Player_45,Player_88,4,0,4
23,2,10,4,Player_6,Player_77,0,0,0
23,2,10,5,Player_13,Player_50,0,0,0
23,2,10,6,Player_17,Player_58,1,0,1
23,2,11,1,Player_37,Player_63,2,0,2
23,2,11,2,Player_14,Player_56,1,0,1
23,2,11,3,Player_42,Player_96,4,0,4
23,2,11,4,Player_47,Player_93,3,0,3
23,2,11,5,Player_15,Player_60,1,0,1
23,2,11,6,Player_38,Player_52,1,0,1
23,2,12,1,Player_30,Player_81,2,0,2
23,2,12,2,Player_18,Player_50,6,0,6
23,2,12,3,Player_16,Player_97,0,0,0
23,2,12,4,Player_1,Player_80,0,0,0
23,2,12,5,Player_46,Player_89,2,0,2
23,2,12,6,Player_16,Player_66,1,0,1
23,2,13,1,Player_20,Player_81,4,0,4
23,2,13,2,Player_20,Player_97,4,0,4
23,2,13,3,Player_27,Player_74,6,0,6
23,2,13,4,Player_1,Player_82,0,0,0
23,2,13,5,Player_38,Player_81,6,0,6
23,2,13,6,Player_45,Player_89,4,0,4
23,2,14,1,Player_31,Player_68,1,0,1
23,2,14,2,Player_28,Player_66,0,0,0
23,2,14,3,Player_34,Player_60,0,0,0
23,2,14,4,Player_47,Player_88,0,0,0
23,2,14,5,Player_1,Player_67,2,0,2
23,2,14,6,Player_7,Player_74,6,0,6
23,2,15,1,Player_41,Player_60,4,0,4
23,2,15,2,Player_45,Player_70,4,0,4
23,2,15,3,Player_6,Player_93,1,0,1
23,2,15,4,Player_40,Player_55,0,1,1
23,2,15,5,Player_8,Player_68,4,0,4
23,2,15,6,Player_28,Player_69,3,0,3
23,2,16,1,Player_8,Player_68,0,0,0
23,2,16,2,Player_18,Player_58,0,0,0
23,2,16,3,Player_9,Player_58,1,0,1
23,2,16,4,Player_38,Player_58,1,0,1
23,2,16,5,Player_15,Player_87,0,0,0
23,2,16,6,Player_17,Player_85,0,1,1
23,2,17,1,Player_21,Player_77,1,0,1
23,2,17,2,Player_18,Player_86,0,0,0
23,2,17,3,Player_46,Player_61,4,0,4
23,2,17,4,Player_13,Player_53,1,0,1
23,2,17,5,Player_5,Player_99,0,0,0
23,2,17,6,Player_28,Player_57,1,0,1
23,2,18,1,Player_29,Player_85,2,0,2
23,2,18,2,Player_17,Player_98,1,0,1
23,2,18,3,Player_29,Player_62,0,0,0
23,2,18,4,Player_47,Player_99,4,0,4
23,2,18,5,Player_11,Player_91,2,0,2
23,2,18,6,Player_28,Player_94,0,0,0
23,2,19,1,Player_47,Player_85,1,0,1
23,2,19,2,Player_44,Player_92,1,0,1
23,2,19,3,Player_33,Player_52,1,0,1
23,2,19,4,Player_22,Player_50,1,0,1
23,2,19,5,Player_20,Player_81,1,0,1
23,2,19,6,Player_16,Player_57,0,0,0
23,2,20,1,Player_30,Player_82,1,0,1
23,2,20,2,Player_34,Player_98,4,0,4
23,2,20,3,Player_22,Player_57,0,0,0
23,2,20,4,Player_3,Player_59,1,0,1
23,2,20,5,Player_3,Player_50,6,0,6
23,2,20,6,Player_34,Player_80,0,0,0
24,1,1,1,Player_16,Player_65,2,0,2
24,1,1,2,Player_20,Player_90,3,0,3
24,1,1,3,Player_4,Player_81,1,0,1
24,1,1,4,Player_43,Player_66,4,0,4
24,1,1,5,Player_45,Player_96,0,0,0
24,1,1,6,Player_41,Player_52,1,0,1
24,1,2,1,Player_41,Player_67,0,0,0
24,1,2,2,Player_21,Player_85,2,0,2
24,1,2,3,Player_40,Player_68,0,0,0
24,1,2,4,Player_37,Player_77,6,0,6
24,1,2,5,Player_45,Player_56,1,0,1
24,1,2,6,Player_8,Player_74,0,0,0
24,1,3,1,Player_12,Player_70,0,0,0
24,1,3,2,Player_46,Player_53,0,0,0
24,1,3,3,Player_24,Player_98,0,0,0
24,1,3,4,Player_17,Player_61,1,0,1
24,1,3,5,Player_47,Player_86,1,0,1
24,1,3,6,Player_48,Player_85,4,0,4
24,1,4,1,Player_2,Player_96,1,0,1
24,1,4,2,Player_7,Player_61,2,0,2
24,1,4,3,Player_8,Player_72,6,0,6
24,1,4,4,Player_38,Player_64,1,0,1
24,1,4,5,Player_45,Player_63,1,0,1
24,1,4,6,Player_14,Player_80,3,0,3
24,1,5,1,Player_9,Player_95,1,0,1
24,1,5,2,Player_36,Player_85,1,0,1
24,1,5,3,Player_3,Player_67,0,0,0
24,1,5,4,Player_13,Player_78,2,0,2
24,1,5,5,Player_21,Player_68,3,0,3
24,1,5,6,Player_15,Player_97,1,0,1
24,1,6,1,Player_20,Player_51,1,0,1
24,1,6,2,Player_48,Player_98,1,1,2
24,1,6,3,Player_35,Player_99,6,0,6
24,1,6,4,Player_34,Player_81,1,0,1
24,1,6,5,Player_17,Player_55,0,0,0
24,1,6,6,Player_11,Player_56,2,0,2
24,1,7,1,Player_30,Player_68,1,0,1
24,1,7,2,Player_29,Player_84,0,0,0
24,1,7,3,Player_39,Player_50,2,0,2
24,1,7,4,Player_35,Player_96,1,0,1
24,1,7,5,Player_33,Player_94,0,0,0
24,1,7,6,Player_27,Player_51,2,0,2
24,1,8,1,Player_30,Player_71,4,0,4
24,1,8,2,Player_35,Player_60,0,0,0
24,1,8,3,Player_41,Player_80,1,0,1
24,1,8,4,Player_34,Player_70,3,0,3
24,1,8,5,Player_19,Player_86,0,0,0
24,1,8,6,Player_7,Player_78,4,0,4
24,1,9,1,Player_39,Player_62,3,0,3
24,1,9,2,Player_49,Player_55,0,0,0
24,1,9,3,Player_41,Player_79,0,0,0
24,1,9,4,Player_27,Player_99,1,0,1
24,1,9,5,Player_36,Player_65,1,0,1
24,1,9,6,Player_34,Player_83,2,0,2
24,1,10,1,Player_17,Player_69,0,0,0
24,1,10,2,Player_3,Player_79,0,0,0
24,1,10,3,Player_49,Player_91,0,0,0
24,1,10,4,Player_36,Player_64,4,0,4
24,1,10,5,Player_23,Player_96,0,0,0
24,1,10,6,Player_24,Player_94,0,0,0
24,1,11,1,Player_22,Player_84,4,0,4
24,1,11,2,Player_25,Player_55,0,0,0
24,1,11,3,Player_33,Player_88,2,0,2
24,1,11,4,Player_48,Player_53,4,0,4
24,1,11,5,Player_27,Player_73,1,0,1
24,1,11,6,Player_47,Player_99,1,0,1
24,1,12,1,Player_41,Player_60,2,0,2
24,1,12,2,Player_48,Player_76,0,0,0
24,1,12,3,Player_35,Player_83,1,0,1
24,1,12,4,Player_27,Player_66,1,0,1
24,1,12,5,Player_20,Player_57,0,0,0
24,1,12,6,Player_2,Player_61,6,0,6
24,1,13,1,Player_10,Player_60,1,0,1
24,1,13,2,Player_42,Player_53,6,0,6
24,1,13,3,Player_22,Player_52,3,0,3
24,1,13,4,Player_21,Player_54,0,0,0
24,1,13,5,Player_43,Player_90,1,0,1
24,1,13,6,Player_29,Player_58,0,1,1
24,1,14,1,Player_8,Player_82,1,0,1
24,1,14,2,Player_14,Player_78,1,0,1
24,1,14,3,Player_49,Player_96,0,0,0
24,1,14,4,Player_46,Player_52,2,0,2
24,1,14,5,Player_1,Player_50,2,0,2
24,1,14,6,Player_10,Player_64,0,0,0
24,1,15,1,Player_46,Player_94,0,0,0
24,1,15,2,Player_17,Player_99,2,0,2
24,1,15,3,Player_29,Player_70,0,0,0
24,1,15,4,Player_24,Player_60,1,0,1
24,1,15,5,Player_4,Player_50,2,0,2
24,1,15,6,Player_19,Player_85,0,0,0
24,1,16,1,Player_20,Player_61,1,1,2
24,1,16,2,Player_41,Player_97,0,0,0
24,1,16,3,Player_4,Player_73,0,0,0
24,1,16,4,Player_40,Player_87,1,0,1
24,1,16,5,Player_6,Player_85,0,0,0
24,1,16,6,Player_34,Player_65,1,0,1
24,1,17,1,Player_43,Player_81,1,0,1
24,1,17,2,Player_18,Player_56,3,0,3
24,1,17,3,Player_5,Player_95,0,0,0
24,1,17,4,Player_22,Player_59,0,0,0
24,1,17,5,Player_42,Player_98,0,0,0
24,1,17,6,Player_28,Player_83,1,0,1
24,1,18,1,Player_23,Player_95,0,0,0
24,1,18,2,Player_15,Player_50,0,0,0
24,1,18,3,Player_15,Player_53,3,0,3
24,1,18,4,Player_39,Player_50,6,0,6
24,1,18,5,Player_37,Player_75,1,0,1
24,1,18,6,Player_7,Player_57,0,0,0
24,1,19,1,Player_26,Player_93,1,0,1
24,1,19,2,Player_38,Player_96,0,0,0
24,1,19,3,Player_33,Player_88,0,0,0
24,1,19,4,Player_29,Player_86,0,0,0
24,1,19,5,Player_16,Player_93,0,0,0
24,1,19,6,Player_15,Player_87,2,0,2
24,1,20,1,Player_2,Player_52,1,0,1
24,1,20,2,Player_49,Player_77,1,0,1
24,1,20,3,Player_41,Player_85,1,0,1
24,1,20,4,Player_23,Player_51,6,0,6
24,1,20,5,Player_45,Player_78,1,0,1
24,1,20,6,Player_20,Player_82,1,0,1
24,2,1,1,Player_10,Player_64,0,0,0
24,2,1,2,Player_40,Player_70,0,0,0
24,2,1,3,Player_15,Player_86,0,0,0
24,2,1,4,Player_21,Player_93,1,0,1
24,2,1,5,Player_23,Player_93,1,0,1
24,2,1,6,Player_25,Player_81,4,0,4
24,2,2,1,Player_38,Player_67,0,0,0
24,2,2,2,Player_2,Player_86,1,0,1
24,2,2,3,Player_45,Player_96,0,0,0
24,2,2,4,Player_32,Player_72,0,0,0
24,2,2,5,Player_47,Player_86,1,0,1
24,2,2,6,Player_23,Player_87,0,0,0
24,2,3,1,Player_40,Player_60,0,0,0
24,2,3,2,Player_2,Player_84,0,0,0
24,2,3,3,Player_42,Player_77,4,0,4
24,2,3,4,Player_7,Player_88,0,0,0
24,2,3,5,Player_17,Player_59,1,0,1
24,2,3,6,Player_2,Player_95,0,0,0
24,2,4,1,Player_29,Player_60,0,0,0
24,2,4,2,Player_48,Player_53,1,0,1
24,2,4,3,Player_42,Player_81,1,0,1
24,2,4,4,Player_20,Player_70,0,0,0
24,2,4,5,Player_47,Player_60,1,0,1
24,2,4,6,Player_31,Player_89,1,0,1
24,2,5,1,Player_37,Player_91,0,0,0
24,2,5,2,Player_42,Player_78,0,0,0
24,2,5,3,Player_32,Player_93,1,0,1
24,2,5,4,Player_46,Player_61,1,0,1
24,2,5,5,Player_22,Player_79,0,0,0
24,2,5,6,Player_30,Player_67,6,0,6
24,2,6,1,Player_1,Player_88,2,0,2
24,2,6,2,Player_7,Player_76,0,0,0
24,2,6,3,Player_15,Player_97,0,1,1
24,2,6,4,Player_30,Player_92,1,0,1
24,2,6,5,Player_36,Player_84,0,0,0
24,2,6,6,Player_8,Player_64,0,0,0
24,2,7,1,Player_10,Player_56,4,0,4
24,2,7,2,Player_45,Player_61,4,0,4
24,2,7,3,Player_32,Player_75,1,0,1
24,2,7,4,Player_5,Player_87,4,0,4
24,2,7,5,Player_1,Player_62,0,0,0
24,2,7,6,Player_25,Player_91,0,0,0
24,2,8,1,Player_44,Player_85,1,1,2
24,2,8,2,Player_16,Player_61,4,0,4
24,2,8,3,Player_48,Player_74,0,0,0
24,2,8,4,Player_46,Player_83,1,0,1
24,2,8,5,Player_39,Player_85,6,0,6
24,2,8,6,Player_43,Player_89,3,0,3
24,2,9,1,Player_18,Player_75,0,0,0
24,2,9,2,Player_38,Player_71,0,0,0
24,2,9,3,Player_14,Player_99,1,0,1
24,2,9,4,Player_37,Player_58,4,0,4
24,2,9,5,Player_11,Player_63,0,0,0
24,2,9,6,Player_8,Player_78,1,0,1
24,2,10,1,Player_9,Player_68,1,0,1
24,2,10,2,Player_25,Player_94,4,1,5
24,2,10,3,Player_44,Player_82,0,0,0
24,2,10,4,Player_33,Player_91,4,0,4
24,2,10,5,Player_36,Player_64,2,0,2
24,2,10,6,Player_15,Player_98,1,0,1
24,2,11,1,Player_48,Player_64,0,0,0
24,2,11,2,Player_40,Player_80,0,0,0
24,2,11,3,Player_33,Player_60,3,0,3
24,2,11,4,Player_4,Player_85,0,0,0
24,2,11,5,Player_18,Player_82,2,0,2
24,2,11,6,Player_14,Player_56,1,0,1
24,2,12,1,Player_48,Player_86,1,0,1
24,2,12,2,Player_32,Player_57,1,0,1
24,2,12,3,Player_17,Player_71,1,0,1
24,2,12,4,Player_8,Player_71,2,0,2
24,2,12,5,Player_5,Player_87,1,0,1
24,2,12,6,Player_23,Player_68,2,0,2
24,2,13,1,Player_22,Player_86,6,0,6
24,2,13,2,Player_35,Player_62,1,0,1
24,2,13,3,Player_47,Player_53,0,0,0
24,2,13,4,Player_47,Player_55,1,0,1
24,2,13,5,Player_5,Player_93,6,0,6
24,2,13,6,Player_15,Player_68,0,0,0
24,2,14,1,Player_29,Player_55,3,0,3
24,2,14,2,Player_5,Player_90,0,0,0
24,2,14,3,Player_41,Player_67,1,0,1
24,2,14,4,Player_29,Player_59,3,0,3
24,2,14,5,Player_4,Player_86,1,0,1
24,2,14,6,Player_44,Player_83,1,0,1
24,2,15,1,Player_49,Player_51,4,0,4
24,2,15,2,Player_23,Player_88,4,0,4
24,2,15,3,Player_37,Player_95,2,0,2
24,2,15,4,Player_49,Player_73,1,0,1
24,2,15,5,Player_41,Player_63,6,0,6
24,2,15,6,Player_12,Player_78,1,0,1
24,2,16,1,Player_39,Player_79,0,0,0
24,2,16,2,Player_38,Player_96,4,0,4
24,2,16,3,Player_33,Player_58,1,0,1
24,2,16,4,Player_25,Player_96,1,0,1
24,2,16,5,Player_25,Player_69,0,0,0
24,2,16,6,Player_19,Player_86,2,0,2
24,2,17,1,Player_28,Player_71,0,0,0
24,2,17,2,Player_46,Player_65,1,0,1
24,2,17,3,Player_49,Player_97,0,0,0
24,2,17,4,Player_36,Player_55,0,0,0
24,2,17,5,Player_8,Player_82,2,0,2
24,2,17,6,Player_15,Player_76,2,0,2
24,2,18,1,Player_41,Player_97,0,0,0
24,2,18,2,Player_27,Player_56,2,0,2
24,2,18,3,Player_17,Player_60,4,0,4
24,2,18,4,Player_14,Player_86,0,0,0
24,2,18,5,Player_34,Player_56,1,0,1
24,2,18,6,Player_7,Player_69,0,0,0
24,2,19,1,Player_14,Player_89,3,0,3
24,2,19,2,Player_27,Player_95,0,1,1
24,2,19,3,Player_42,Player_87,6,1,7
24,2,19,4,Player_32,Player_73,1,0,1
24,2,19,5,Player_3,Player_56,0,0,0
24,2,19,6,Player_13,Player_70,1,0,1
24,2,20,1,Player_13,Player_66,0,0,0
24,2,20,2,Player_48,Player_79,0,0,0
24,2,20,3,Player_38,Player_54,0,0,0
24,2,20,4,Player_16,Player_66,1,0,1
24,2,20,5,Player_8,Player_97,1,1,2
24,2,20,6,Player_21,Player_64,0,0,0
25,1,1,1,Player_27,Player_51,0,0,0
25,1,1,2,Player_4,Player_96,0,0,0
25,1,1,3,Player_33,Player_99,3,0,3
25,1,1,4,Player_44,Player_86,0,0,0
25,1,1,5,Player_7,Player_58,1,0,1
25,1,1,6,Player_27,Player_82,0,0,0
25,1,2,1,Player_46,Player_86,0,0,0
25,1,2,2,Player_36,Player_98,2,0,2
25,1,2,3,Player_44,Player_99,2,0,2
25,1,2,4,Player_49,Player_94,2,0,2
25,1,2,5,Player_14,Player_64,4,0,4
25,1,2,6,Player_1,Player_61,6,0,6
25,1,3,1,Player_17,Player_68,4,0,4
25,1,3,2,Player_8,Player_74,3,0,3
25,1,3,3,Player_17,Player_61,0,0,0
25,1,3,4,Player_2,Player_61,0,0,0
25,1,3,5,Player_13,Player_85,1,0,1
25,1,3,6,Player_31,Player_66,4,0,4
25,1,4,1,Player_34,Player_71,0,0,0
25,1,4,2,Player_46,Player_60,0,0,0
25,1,4,3,Player_4,Player_51,4,0,4
25,1,4,4,Player_9,Player_69,6,0,6
25,1,4,5,Player_28,Player_67,0,0,0
25,1,4,6,Player_14,Player_97,1,0,1
25,1,5,1,Player_39,Player_91,1,0,1
25,1,5,2,Player_41,Player_62,4,0,4
25,1,5,3,Player_31,Player_92,0,0,0
25,1,5,4,Player_33,Player_56,0,0,0
25,1,5,5,Player_16,Player_57,0,0,0
25,1,5,6,Player_46,Player_85,1,0,1
25,1,6,1,Player_40,Player_92,1,0,1
25,1,6,2,Player_6,Player_50,0,0,0
25,1,6,3,Player_44,Player_72,0,0,0
25,1,6,4,Player_28,Player_56,2,0,2
25,1,6,5,Player_26,Player_88,1,0,1
25,1,6,6,Player_1,Player_98,4,0,4
25,1,7,1,Player_45,Player_58,1,1,2
25,1,7,2,Player_43,Player_77,0,0,0
25,1,7,3,Player_37,Player_74,0,0,0
25,1,7,4,Player_32,Player_60,0,0,0
25,1,7,5,Player_32,Player_84,0,0,0
25,1,7,6,Player_5,Player_94,0,0,0
25,1,8,1,Player_16,Player_67,6,0,6
25,1,8,2,Player_8,Player_70,0,0,0
25,1,8,3,Player_47,Player_63,0,0,0
25,1,8,4,Player_7,Player_85,1,0,1
25,1,8,5,Player_12,Player_64,4,0,4
25,1,8,6,Player_18,Player_95,0,0,0
25,1,9,1,Player_42,Player_90,0,0,0
25,1,9,2,Player_33,Player_79,1,0,1
25,1,9,3,Player_16,Player_71,3,0,3
25,1,9,4,Player_4,Player_84,0,0,0
25,1,9,5,Player_35,Player_93,0,0,0
25,1,9,6,Player_44,Player_70,1,0,1
25,1,10,1,Player_27,Player_80,0,0,0
25,1,10,2,Player_18,Player_65,1,0,1
25,1,10,3,Player_39,Player_86,0,0,0
25,1,10,4,Player_8,Player_52,0,0,0
25,1,10,5,Player_26,Player_94,0,0,0
25,1,10,6,Player_18,Player_61,1,0,1
25,1,11,1,Player_3,Player_56,4,0,4
25,1,11,2,Player_8,Player_87,1,0,1
25,1,11,3,Player_43,Player_85,0,0,0
25,1,11,4,Player_34,Player_88,0,0,0
25,1,11,5,Player_25,Player_83,0,0,0
25,1,11,6,Player_42,Player_78,1,1,2
25,1,12,1,Player_1,Player_99,1,0,1
25,1,12,2,Player_46,Player_76,1,0,1
25,1,12,3,Player_41,Player_61,4,0,4
25,1,12,4,Player_38,Player_95,1,0,1
25,1,12,5,Player_43,Player_80,3,0,3
25,1,12,6,Player_47,Player_64,2,0,2
25,1,13,1,Player_8,Player_68,0,0,0
25,1,13,2,Player_41,Player_62,3,0,3
25,1,13,3,Player_37,Player_51,0,0,0
25,1,13,4,Player_23,Player_80,4,0,4
25,1,13,5,Player_32,Player_97,0,0,0
25,1,13,6,Player_11,Player_78,1,0,1
25,1,14,1,Player_3,Player_78,1,0,1
25,1,14,2,Player_24,Player_89,0,0,0
25,1,14,3,Player_12,Player_54,2,0,2
25,1,14,4,Player_8,Player_50,1,0,1
25,1,14,5,Player_11,Player_52,0,0,0
25,1,14,6,Player_5,Player_75,1,0,1
25,1,15,1,Player_7,Player_87,0,0,0
25,1,15,2,Player_27,Player_61,1,0,1
25,1,15,3,Player_31,Player_83,1,0,1
25,1,15,4,Player_2,Player_63,4,0,4
25,1,15,5,Player_23,Player_68,1,0,1
25,1,15,6,Player_40,Player_83,0,0,0
25,1,16,1,Player_47,Player_64,1,0,1
25,1,16,2,Player_44,Player_71,0,0,0
25,1,16,3,Player_10,Player_57,1,1,2
25,1,16,4,Player_29,Player_72,2,0,2
25,1,16,5,Player_38,Player_55,1,0,1
25,1,16,6,Player_22,Player_63,0,0,0
25,1,17,1,Player_36,Player_86,1,0,1
25,1,17,2,Player_9,Player_55,1,0,1
25,1,17,3,Player_1,Player_79,3,0,3
25,1,17,4,Player_39,Player_65,4,0,4
25,1,17,5,Player_18,Player_71,1,0,1
25,1,17,6,Player_31,Player_89,0,0,0
25,1,18,1,Player_4,Player_98,0,0,0
25,1,18,2,Player_14,Player_79,0,0,0
25,1,18,3,Player_45,Player_73,0,0,0
25,1,18,4,Player_14,Player_68,0,0,0
25,1,18,5,Player_38,Player_54,0,0,0
25,1,18,6,Player_48,Player_72,3,0,3
25,1,19,1,Player_5,Player_71,1,0,1
25,1,19,2,Player_36,Player_80,6,0,6
25,1,19,3,Player_36,Player_56,4,0,4
25,1,19,4,Player_32,Player_70,0,0,0
25,1,19,5,Player_47,Player_69,6,0,6
25,1,19,6,Player_14,Player_73,1,0,1
25,1,20,1,Player_17,Player_74,1,0,1
25,1,20,2,Player_45,Player_97,1,0,1
25,1,20,3,Player_28,Player_50,2,0,2
25,1,20,4,Player_13,Player_96,0,0,0
25,1,20,5,Player_31,Player_57,0,0,0
25,1,20,6,Player_10,Player_86,3,0,3
25,2,1,1,Player_45,Player_53,0,0,0
25,2,1,2,Player_46,Player_81,1,0,1
25,2,1,3,Player_17,Player_61,0,0,0
25,2,1,4,Player_21,Player_70,2,1,3
25,2,1,5,Player_21,Player_64,0,0,0
25,2,1,6,Player_31,Player_75,2,0,2
25,2,2,1,Player_24,Player_88,4,0,4
25,2,2,2,Player_29,Player_74,2,0,2
25,2,2,3,Player_23,Player_96,1,0,1
25,2,2,4,Player_35,Player_98,1,0,1
25,2,2,5,Player_14,Player_66,0,0,0
25,2,2,6,Player_16,Player_57,4,0,4
25,2,3,1,Player_12,Player_82,1,0,1
25,2,3,2,Player_48,Player_67,1,0,1
25,2,3,3,Player_35,Player_54,0,0,0
25,2,3,4,Player_46,Player_70,4,0,4
25,2,3,5,Player_17,Player_92,0,0,0
25,2,3,6,Player_2,Player_58,0,0,0
25,2,4,1,Player_36,Player_54,0,0,0
25,2,4,2,Player_45,Player_80,0,0,0
25,2,4,3,Player_23,Player_84,4,0,4
25,2,4,4,Player_6,Player_86,1,0,1
25,2,4,5,Player_28,Player_74,1,0,1
25,2,4,6,Player_14,Player_60,4,0,4
25,2,5,1,Player_4,Player_62,0,0,0
25,2,5,2,Player_14,Player_60,0,0,0
25,2,5,3,Player_7,Player_56,4,1,5
25,2,5,4,Player_18,Player_94,2,0,2
25,2,5,5,Player_16,Player_64,0,0,0
25,2,5,6,Player_46,Player_95,0,0,0
25,2,6,1,Player_47,Player_76,1,0,1
25,2,6,2,Player_17,Player_90,0,0,0
25,2,6,3,Player_12,Player_91,0,0,0
25,2,6,4,Player_28,Player_56,4,0,4
25,2,6,5,Player_42,Player_57,0,0,0
25,2,6,6,Player_43,Player_97,1,0,1
25,2,7,1,Player_29,Player_74,1,0,1
25,2,7,2,Player_15,Player_65,0,0,0
25,2,7,3,Player_38,Player_99,4,0,4
25,2,7,4,Player_3,Player_83,2,0,2
25,2,7,5,Player_15,Player_79,6,0,6
25,2,7,6,Player_43,Player_67,4,0,4
25,2,8,1,Player_14,Player_85,3,0,3
25,2,8,2,Player_44,Player_88,0,0,0
25,2,8,3,Player_28,Player_84,0,0,0
25,2,8,4,Player_7,Player_58,3,1,4
25,2,8,5,Player_48,Player_61,4,0,4
25,2,8,6,Player_3,Player_89,0,0,0
25,2,9,1,Player_49,Player_62,0,0,0
25,2,9,2,Player_11,Player_83,4,0,4
25,2,9,3,Player_1,Player_74,1,0,1
25,2,9,4,Player_19,Player_78,1,1,2
25,2,9,5,Player_16,Player_96,3,0,3
25,2,9,6,Player_5,Player_64,4,0,4
25,2,10,1,Player_43,Player_75,3,0,3
25,2,10,2,Player_17,Player_95,1,0,1
25,2,10,3,Player_27,Player_69,6,0,6
25,2,10,4,Player_48,Player_52,0,0,0
25,2,10,5,Player_45,Player_53,0,0,0
25,2,10,6,Player_2,Player_65,1,0,1
25,2,11,1,Player_9,Player_86,1,0,1
25,2,11,2,Player_49,Player_61,1,0,1
25,2,11,3,Player_11,Player_62,0,0,0
25,2,11,4,Player_31,Player_71,4,0,4
25,2,11,5,Player_19,Player_84,2,0,2
25,2,11,6,Player_5,Player_93,1,0,1
25,2,12,1,Player_3,Player_88,1,0,1
25,2,12,2,Player_49,Player_85,0,0,0
25,2,12,3,Player_44,Player_53,1,0,1
25,2,12,4,Player_44,Player_75,3,0,3
25,2,12,5,Player_29,Player_58,2,0,2
25,2,12,6,Player_38,Player_86,4,0,4
25,2,13,1,Player_20,Player_66,0,0,0
25,2,13,2,Player_21,Player_66,4,0,4
25,2,13,3,Player_27,Player_95,1,0,1
25,2,13,4,Player_22,Player_51,0,0,0
25,2,13,5,Player_32,Player_71,1,0,1
25,2,13,6,Player_6,Player_92,1,0,1
25,2,14,1,Player_33,Player_59,1,0,1
25,2,14,2,Player_3,Player_90,4,0,4
25,2,14,3,Player_6,Player_83,0,0,0
25,2,14,4,Player_29,Player_72,6,0,6
25,2,14,5,Player_31,Player_68,0,0,0
25,2,14,6,Player_41,Player_57,0,0,0
25,2,15,1,Player_40,Player_88,1,0,1
25,2,15,2,Player_41,Player_90,0,0,0
25,2,15,3,Player_32,Player_68,1,0,1
25,2,15,4,Player_1,Player_94,6,0,6
25,2,15,5,Player_33,Player_64,4,0,4
25,2,15,6,Player_39,Player_90,1,0,1
25,2,16,1,Player_21,Player_56,2,0,2
25,2,16,2,Player_17,Player_69,1,0,1
25,2,16,3,Player_35,Player_58,6,0,6
25,2,16,4,Player_21,Player_65,1,0,1
25,2,16,5,Player_28,Player_67,4,0,4
25,2,16,6,Player_40,Player_65,1,0,1
25,2,17,1,Player_11,Player_60,0,0,0
25,2,17,2,Player_19,Player_54,1,0,1
25,2,17,3,Player_30,Player_57,0,0,0
25,2,17,4,Player_25,Player_71,1,1,2
25,2,17,5,Player_7,Player_72,0,0,0
25,2,17,6,Player_34,Player_63,0,0,0
25,2,18,1,Player_10,Player_96,1,0,1
25,2,18,2,Player_34,Player_53,0,0,0
25,2,18,3,Player_14,Player_84,1,0,1
25,2,18,4,Player_1,Player_62,0,0,0
25,2,18,5,Player_23,Player_99,1,0,1
25,2,18,6,Player_20,Player_51,4,0,4
25,2,19,1,Player_36,Player_74,3,1,4
25,2,19,2,Player_11,Player_86,0,0,0
25,2,19,3,Player_30,Player_79,0,0,0
25,2,19,4,Player_35,Player_88,0,0,0
25,2,19,5,Player_20,Player_90,6,1,7
25,2,19,6,Player_22,Player_54,1,0,1
25,2,20,1,Player_29,Player_64,0,0,0
25,2,20,2,Player_29,Player_68,0,0,0
25,2,20,3,Player_10,Player_82,4,0,4
25,2,20,4,Player_4,Player_54,2,0,2
25,2,20,5,Player_8,Player_66,3,0,3
25,2,20,6,Player_35,Player_63,1,0,1
26,1,1,1,Player_15,Player_91,1,0,1
26,1,1,2,Player_25,Player_65,0,0,0
26,1,1,3,Player_46,Player_60,0,0,0
26,1,1,4,Player_11,Player_71,1,0,1
26,1,1,5,Player_42,Player_97,1,0,1
26,1,1,6,Player_45,Player_96,0,0,0
26,1,2,1,Player_2,Player_62,3,0,3
26,1,2,2,Player_31,Player_59,6,0,6
26,1,2,3,Player_33,Player_80,0,0,0
26,1,2,4,Player_39,Player_96,4,0,4
26,1,2,5,Player_31,Player_57,0,0,0
26,1,2,6,Player_5,Player_56,4,0,4
26,1,3,1,Player_32,Player_75,0,0,0
26,1,3,2,Player_13,Player_70,0,0,0
26,1,3,3,Player_17,Player_77,1,0,1
26,1,3,4,Player_24,Player_56,3,0,3
26,1,3,5,Player_42,Player_82,6,0,6
26,1,3,6,Player_19,Player_97,1,0,1
26,1,4,1,Player_7,Player_84,2,0,2
26,1,4,2,Player_19,Player_72,1,0,1
26,1,4,3,Player_34,Player_88,1,0,1
26,1,4,4,Player_27,Player_99,1,0,1
26,1,4,5,Player_27,Player_57,4,0,4
26,1,4,6,Player_6,Player_88,1,0,1
26,1,5,1,Player_12,Player_66,0,0,0
26,1,5,2,Player_12,Player_81,0,0,0
26,1,5,3,Player_10,Player_79,0,0,0
26,1,5,4,Player_11,Player_69,4,0,4
26,1,5,5,Player_47,Player_61,0,0,0
26,1,5,6,Player_22,Player_56,2,0,2
26,1,6,1,Player_7,Player_57,1,0,1
26,1,6,2,Player_21,Player_57,4,0,4
26,1,6,3,Player_31,Player_85,4,0,4
26,1,6,4,Player_37,Player_87,4,0,4
26,1,6,5,Player_31,Player_67,4,0,4
26,1,6,6,Player_31,Player_95,4,0,4
26,1,7,1,Player_46,Player_91,0,0,0
26,1,7,2,Player_7,Player_62,6,0,6
26,1,7,3,Player_16,Player_64,0,0,0
26,1,7,4,Player_35,Player_64,1,0,1
26,1,7,5,Player_49,Player_67,0,0,0
26,1,7,6,Player_27,Player_74,0,0,0
26,1,8,1,Player_20,Player_77,1,0,1
26,1,8,2,Player_2,Player_69,0,0,0
26,1,8,3,Player_22,Player_73,0,0,0
26,1,8,4,Player_43,Player_80,0,0,0
26,1,8,5,Player_8,Player_93,1,0,1
26,1,8,6,Player_40,Player_77,1,0,1
26,1,9,1,Player_18,Player_96,0,0,0
26,1,9,2,Player_15,Player_65,4,0,4
26,1,9,3,Player_31,Player_50,6,0,6
26,1,9,4,Player_16,Player_87,1,0,1
26,1,9,5,Player_32,Player_85,2,0,2
26,1,9,6,Player_37,Player_80,0,0,0
26,1,10,1,Player_2,Player_94,1,0,1
26,1,10,2,Player_21,Player_52,0,0,0
26,1,10,3,Player_9,Player_79,6,0,6
26,1,10,4,Player_38,Player_90,0,0,0
26,1,10,5,Player_23,Player_99,0,0,0
26,1,10,6,Player_18,Player_68,1,0,1
26,1,11,1,Player_6,Player_66,1,0,1
26,1,11,2,Player_42,Player_58,1,0,1
26,1,11,3,Player_6,Player_55,0,1,1
26,1,11,4,Player_27,Player_86,0,1,1
26,1,11,5,Player_43,Player_88,4,0,4
26,1,11,6,Player_30,Player_85,0,0,0
26,1,12,1,Player_3,Player_50,0,0,0
26,1,12,2,Player_18,Player_72,1,0,1
26,1,12,3,Player_36,Player_55,0,0,0
26,1,12,4,Player_34,Player_93,0,0,0
26,1,12,5,Player_42,Player_74,0,0,0
26,1,12,6,Player_39,Player_61,3,0,3
26,1,13,1,Player_3,Player_71,0,0,0
26,1,13,2,Player_24,Player_63,4,0,4
26,1,13,3,Player_47,Player_61,0,0,0
26,1,13,4,Player_12,Player_78,2,0,2
26,1,13,5,Player_47,Player_57,2,0,2
26,1,13,6,Player_20,Player_94,0,0,0
26,1,14,1,Player_42,Player_52,0,0,0
26,1,14,2,Player_46,Player_94,2,0,2
26,1,14,3,Player_19,Player_60,0,0,0
26,1,14,4,Player_46,Player_88,0,0,0
26,1,14,5,Player_47,Player_67,1,0,1
26,1,14,6,Player_40,Player_76,1,0,1
26,1,15,1,Player_45,Player_65,1,0,1
26,1,15,2,Player_37,Player_62,1,0,1
26,1,15,3,Player_20,Player_53,3,0,3
26,1,15,4,Player_36,Player_72,0,0,0
26,1,15,5,Player_16,Player_92,2,0,2
26,1,15,6,Player_1,Player_95,4,0,4
26,1,16,1,Player_17,Player_73,3,0,3
26,1,16,2,Player_2,Player_80,4,0,4
26,1,16,3,Player_5,Player_63,4,0,4
26,1,16,4,Player_40,Player_51,1,0,1
26,1,16,5,Player_20,Player_57,2,0,2
26,1,16,6,Player_26,Player_86,0,0,0
26,1,17,1,Player_6,Player_82,0,0,0
26,1,17,2,Player_2,Player_62,3,0,3
26,1,17,3,Player_35,Player_88,0,0,0
26,1,17,4,Player_5,Player_72,0,0,0
26,1,17,5,Player_32,Player_65,3,0,3
26,1,17,6,Player_48,Player_93,2,0,2
26,1,18,1,Player_21,Player_97,6,0,6
26,1,18,2,Player_23,Player_78,2,0,2
26,1,18,3,Player_7,Player_78,1,0,1
26,1,18,4,Player_6,Player_93,1,1,2
26,1,18,5,Player_33,Player_81,0,1,1
26,1,18,6,Player_48,Player_65,0,0,0
26,1,19,1,Player_45,Player_93,0,0,0
26,1,19,2,Player_30,Player_62,6,0,6
26,1,19,3,Player_16,Player_95,1,0,1
26,1,19,4,Player_43,Player_68,0,0,0
26,1,19,5,Player_47,Player_74,2,0,2
26,1,19,6,Player_31,Player_73,4,0,4
26,1,20,1,Player_36,Player_99,0,0,0
26,1,20,2,Player_36,Player_83,0,0,0
26,1,20,3,Player_15,Player_61,1,0,1
26,1,20,4,Player_37,Player_60,0,0,0
26,1,20,5,Player_1,Player_66,0,0,0
26,1,20,6,Player_43,Player_92,2,0,2
26,2,1,1,Player_33,Player_91,1,1,2
26,2,1,2,Player_29,Player_70,2,0,2
26,2,1,3,Player_20,Player_63,6,0,6
26,2,1,4,Player_47,Player_80,1,0,1
26,2,1,5,Player_19,Player_93,1,0,1
26,2,1,6,Player_41,Player_81,0,0,0
26,2,2,1,Player_1,Player_62,0,0,0
26,2,2,2,Player_31,Player_90,2,0,2
26,2,2,3,Player_41,Player_80,2,0,2
26,2,2,4,Player_29,Player_84,0,0,0
26,2,2,5,Player_32,Player_76,0,0,0
26,2,2,6,Player_33,Player_60,1,0,1
26,2,3,1,Player_34,Player_68,1,0,1
26,2,3,2,Player_5,Player_97,0,0,0
26,2,3,3,Player_37,Player_64,6,1,7
26,2,3,4,Player_49,Player_66,1,0,1
26,2,3,5,Player_2,Player_92,0,0,0
26,2,3,6,Player_38,Player_63,2,0,2
26,2,4,1,Player_22,Player_67,3,0,3
26,2,4,2,Player_1,Player_58,0,1,1
26,2,4,3,Player_30,Player_80,1,0,1
26,2,4,4,Player_10,Player_74,0,0,0
26,2,4,5,Player_45,Player_62,0,0,0
26,2,4,6,Player_35,Player_60,0,0,0
26,2,5,1,Player_37,Player_54,1,0,1
26,2,5,2,Player_27,Player_62,0,1,1
26,2,5,3,Player_42,Player_77,4,0,4
26,2,5,4,Player_27,Player_75,0,0,0
26,2,5,5,Player_9,Player_73,0,0,0
26,2,5,6,Player_39,Player_64,0,0,0
26,2,6,1,Player_46,Player_97,1,0,1
26,2,6,2,Player_34,Player_58,1,0,1
26,2,6,3,Player_47,Player_99,0,0,0
26,2,6,4,Player_41,Player_77,0,0,0
26,2,6,5,Player_25,Player_84,1,1,2
26,2,6,6,Player_25,Player_50,1,0,1
26,2,7,1,Player_28,Player_97,1,0,1
26,2,7,2,Player_42,Player_60,3,0,3
26,2,7,3,Player_26,Player_82,0,0,0
26,2,7,4,Player_7,Player_74,1,0,1
26,2,7,5,Player_12,Player_80,0,0,0
26,2,7,6,Player_36,Player_94,1,0,1
26,2,8,1,Player_36,Player_57,2,0,2
26,2,8,2,Player_36,Player_85,1,0,1
26,2,8,3,Player_46,Player_53,1,0,1
26,2,8,4,Player_25,Player_52,0,0,0
26,2,8,5,Player_11,Player_51,0,0,0
26,2,8,6,Player_46,Player_62,2,0,2
26,2,9,1,Player_35,Player_87,4,0,4
26,2,9,2,Player_13,Player_56,1,0,1
26,2,9,3,Player_8,Player_56,1,0,1
26,2,9,4,Player_36,Player_91,1,1,2
26,2,9,5,Player_30,Player_91,0,0,0
26,2,9,6,Player_28,Player_71,2,0,2
26,2,10,1,Player_43,Player_91,1,1,2
26,2,10,2,Player_10,Player_77,1,0,1
26,2,10,3,Player_20,Player_97,1,0,1
26,2,10,4,Player_13,Player_80,0,0,0
26,2,10,5,Player_37,Player_94,2,1,3
26,2,10,6,Player_41,Player_55,6,0,6
26,2,11,1,Player_29,Player_72,1,0,1
26,2,11,2,Player_32,Player_98,1,0,1
26,2,11,3,Player_1,Player_86,1,0,1
26,2,11,4,Player_1,Player_96,3,0,3
26,2,11,5,Player_22,Player_77,0,0,0
26,2,11,6,Player_47,Player_52,0,1,1
26,2,12,1,Player_31,Player_82,1,0,1
26,2,12,2,Player_3,Player_97,0,0,0
26,2,12,3,Player_26,Player_65,0,0,0
26,2,12,4,Player_28,Player_56,0,0,0
26,2,12,5,Player_36,Player_57,4,0,4
26,2,12,6,Player_18,Player_95,1,0,1
26,2,13,1,Player_43,Player_93,2,0,2
26,2,13,2,Player_15,Player_86,0,0,0
26,2,13,3,Player_48,Player_64,0,0,0
26,2,13,4,Player_38,Player_67,0,0,0
26,2,13,5,Player_31,Player_86,1,0,1
26,2,13,6,Player_15,Player_67,3,0,3
26,2,14,1,Player_1,Player_97,1,0,1
26,2,14,2,Player_33,Player_87,0,0,0
26,2,14,3,Player_14,Player_79,0,0,0
26,2,14,4,Player_2,Player_86,2,0,2
26,2,14,5,Player_35,Player_97,0,0,0
26,2,14,6,Player_36,Player_50,0,0,0
26,2,15,1,Player_10,Player_69,4,0,4
26,2,15,2,Player_9,Player_81,4,0,4
26,2,15,3,Player_27,Player_86,0,0,0
26,2,15,4,Player_10,Player_79,0,0,0
26,2,15,5,Player_9,Player_83,0,0,0
26,2,15,6,Player_20,Player_55,1,0,1
26,2,16,1,Player_12,Player_90,0,0,0
26,2,16,2,Player_1,Player_53,0,0,0
26,2,16,3,Player_47,Player_84,6,0,6
26,2,16,4,Player_31,Player_69,1,0,1
26,2,16,5,Player_33,Player_77,1,0,1
26,2,16,6,Player_44,Player_69,1,0,1
26,2,17,1,Player_4,Player_78,1,0,1
26,2,17,2,Player_19,Player_87,2,0,2
26,2,17,3,Player_37,Player_77,0,0,0
26,2,17,4,Player_34,Player_68,0,0,0
26,2,17,5,Player_37,Player_81,1,0,1
26,2,17,6,Player_16,Player_63,2,0,2
26,2,18,1,Player_32,Player_70,0,0,0
26,2,18,2,Player_46,Player_71,3,0,3
26,2,18,3,Player_32,Player_85,0,0,0
26,2,18,4,Player_47,Player_93,1,0,1
26,2,18,5,Player_45,Player_65,3,0,3
26,2,18,6,Player_25,Player_80,2,0,2
26,2,19,1,Player_14,Player_74,1,0,1
26,2,19,2,Player_12,Player_52,0,0,0
26,2,19,3,Player_37,Player_94,0,0,0
26,2,19,4,Player_16,Player_81,1,0,1
26,2,19,5,Player_11,Player_69,0,0,0
26,2,19,6,Player_32,Player_95,0,0,0
26,2,20,1,Player_43,Player_69,4,0,4
26,2,20,2,Player_15,Player_81,1,0,1
26,2,20,3,Player_25,Player_54,1,0,1
26,2,20,4,Player_25,Player_65,0,0,0
26,2,20,5,Player_49,Player_84,0,0,0
26,2,20,6,Player_35,Player_78,2,0,2
27,1,1,1,Player_3,Player_55,2,0,2
27,1,1,2,Player_18,Player_79,0,0,0
27,1,1,3,Player_49,Player_60,6,1,7
27,1,1,4,Player_44,Player_75,1,0,1
27,1,1,5,Player_12,Player_51,1,0,1
27,1,1,6,Player_33,Player_71,0,0,0
27,1,2,1,Player_20,Player_85,4,0,4
27,1,2,2,Player_38,Player_63,0,0,0
27,1,2,3,Player_12,Player_73,4,0,4
27,1,2,4,Player_45,Player_91,1,0,1
27,1,2,5,Player_28,Player_89,4,0,4
27,1,2,6,Player_5,Player_54,4,0,4
27,1,3,1,Player_28,Player_90,2,0,2
27,1,3,2,Player_38,Player_89,1,0,1
27,1,3,3,Player_42,Player_63,1,0,1
27,1,3,4,Player_28,Player_85,0,0,0
27,1,3,5,Player_42,Player_66,0,0,0
27,1,3,6,Player_15,Player_53,0,0,0
27,1,4,1,Player_24,Player_85,0,0,0
27,1,4,2,Player_43,Player_68,4,0,4
27,1,4,3,Player_40,Player_62,0,0,0
27,1,4,4,Player_24,Player_90,3,0,3
27,1,4,5,Player_17,Player_55,1,0,1
27,1,4,6,Player_40,Player_55,6,0,6
27,1,5,1,Player_21,Player_84,4,0,4
27,1,5,2,Player_29,Player_76,0,0,0
27,1,5,3,Player_41,Player_65,0,0,0
27,1,5,4,Player_4,Player_54,2,0,2
27,1,5,5,Player_15,Player_77,1,0,1
27,1,5,6,Player_7,Player_71,1,0,1
27,1,6,1,Player_41,Player_91,0,1,1
27,1,6,2,Player_19,Player_93,0,0,0
27,1,6,3,Player_7,Player_88,6,0,6
27,1,6,4,Player_27,Player_90,0,0,0
27,1,6,5,Player_15,Player_51,4,0,4
27,1,6,6,Player_43,Player_55,6,0,6
27,1,7,1,Player_48,Player_89,0,1,1
27,1,7,2,Player_4,Player_69,0,0,0
27,1,7,3,Player_22,Player_97,0,0,0
27,1,7,4,Player_25,Player_54,0,0,0
27,1,7,5,Player_40,Player_70,0,0,0
27,1,7,6,Player_8,Player_58,1,0,1
27,1,8,1,Player_9,Player_55,4,0,4
27,1,8,2,Player_43,Player_73,4,0,4
27,1,8,3,Player_35,Player_78,6,0,6
27,1,8,4,Player_48,Player_64,1,0,1
27,1,8,5,Player_24,Player_86,0,0,0
27,1,8,6,Player_17,Player_76,1,0,1
27,1,9,1,Player_2,Player_53,1,0,1
27,1,9,2,Player_14,Player_57,1,0,1
27,1,9,3,Player_28,Player_78,1,0,1
27,1,9,4,Player_41,Player_97,0,0,0
27,1,9,5,Player_46,Player_58,0,0,0
27,1,9,6,Player_15,Player_90,1,0,1
27,1,10,1,Player_20,Player_76,1,0,1
27,1,10,2,Player_7,Player_96,2,0,2
27,1,10,3,Player_7,Player_68,1,0,1
27,1,10,4,Player_2,Player_71,0,0,0
27,1,10,5,Player_43,Player_54,6,0,6
27,1,10,6,Player_35,Player_52,0,0,0
27,1,11,1,Player_15,Player_60,1,0,1
27,1,11,2,Player_11,Player_55,4,0,4
27,1,11,3,Player_18,Player_64,0,0,0
27,1,11,4,Player_30,Player_68,1,0,1
27,1,11,5,Player_31,Player_76,0,0,0
27,1,11,6,Player_48,Player_56,0,0,0
27,1,12,1,Player_43,Player_85,1,0,1
27,1,12,2,Player_17,Player_73,0,0,0
27,1,12,3,Player_28,Player_64,2,0,2
27,1,12,4,Player_23,Player_51,1,0,1
27,1,12,5,Player_2,Player_51,1,0,1
27,1,12,6,Player_34,Player_83,0,0,0
27,1,13,1,Player_28,Player_65,0,0,0
27,1,13,2,Player_40,Player_53,0,0,0
27,1,13,3,Player_31,Player_75,0,0,0
27,1,13,4,Player_34,Player_80,0,0,0
27,1,13,5,Player_35,Player_94,0,0,0
27,1,13,6,Player_47,Player_70,1,0,1
27,1,14,1,Player_28,Player_52,0,0,0
27,1,14,2,Player_43,Player_56,0,0,0
27,1,14,3,Player_13,Player_92,0,0,0
27,1,14,4,Player_13,Player_94,0,0,0
27,1,14,5,Player_1,Player_72,2,0,2
27,1,14,6,Player_8,Player_75,1,0,1
27,1,15,1,Player_4,Player_67,0,0,0
27,1,15,2,Player_47,Player_52,6,0,6
27,1,15,3,Player_18,Player_95,1,0,1
27,1,15,4,Player_12,Player_90,1,0,1
27,1,15,5,Player_45,Player_63,0,0,0
27,1,15,6,Player_26,Player_97,0,0,0
27,1,16,1,Player_39,Player_93,2,0,2
27,1,16,2,Player_16,Player_78,0,0,0
27,1,16,3,Player_39,Player_83,3,0,3
27,1,16,4,Player_40,Player_90,0,0,0
27,1,16,5,Player_23,Player_94,4,0,4
27,1,16,6,Player_28,Player_65,0,0,0
27,1,17,1,Player_22,Player_60,0,0,0
27,1,17,2,Player_16,Player_91,0,0,0
27,1,17,3,Player_34,Player_58,1,1,2
27,1,17,4,Player_46,Player_77,0,0,0
27,1,17,5,Player_35,Player_54,1,0,1
27,1,17,6,Player_43,Player_68,6,0,6
27,1,18,1,Player_2,Player_57,1,0,1
27,1,18,2,Player_21,Player_77,0,0,0
27,1,18,3,Player_26,Player_60,0,0,0
27,1,18,4,Player_48,Player_86,1,0,1
27,1,18,5,Player_21,Player_73,2,0,2
27,1,18,6,Player_48,Player_68,0,0,0
27,1,19,1,Player_3,Player_98,0,0,0
27,1,19,2,Player_13,Player_65,1,0,1
27,1,19,3,Player_19,Player_81,0,0,0
27,1,19,4,Player_48,Player_63,0,0,0
27,1,19,5,Player_32,Player_60,0,0,0
27,1,19,6,Player_4,Player_75,4,0,4
27,1,20,1,Player_14,Player_81,4,0,4
27,1,20,2,Player_10,Player_84,2,0,2
27,1,20,3,Player_46,Player_67,2,0,2
27,1,20,4,Player_4,Player_84,0,0,0
27,1,20,5,Player_37,Player_69,1,0,1
27,1,20,6,Player_21,Player_80,0,0,0
27,2,1,1,Player_23,Player_57,0,0,0
27,2,1,2,Player_29,Player_78,1,0,1
27,2,1,3,Player_46,Player_90,0,0,0
27,2,1,4,Player_16,Player_89,2,0,2
27,2,1,5,Player_4,Player_79,1,0,1
27,2,1,6,Player_30,Player_63,6,0,6
27,2,2,1,Player_7,Player_91,0,0,0
27,2,2,2,Player_13,Player_70,0,0,0
27,2,2,3,Player_32,Player_97,0,0,0
27,2,2,4,Player_39,Player_75,1,0,1
27,2,2,5,Player_34,Player_69,0,0,0
27,2,2,6,Player_41,Player_67,1,0,1
27,2,3,1,Player_42,Player_74,1,0,1
27,2,3,2,Player_43,Player_95,0,0,0
27,2,3,3,Player_5,Player_71,0,0,0
27,2,3,4,Player_30,Player_85,4,0,4
27,2,3,5,Player_38,Player_88,1,0,1
27,2,3,6,Player_29,Player_78,0,0,0
27,2,4,1,Player_35,Player_94,1,0,1
27,2,4,2,Player_37,Player_59,0,1,1
27,2,4,3,Player_7,Player_90,4,0,4
27,2,4,4,Player_13,Player_90,3,0,3
27,2,4,5,Player_30,Player_78,2,0,2
27,2,4,6,Player_20,Player_78,0,1,1
27,2,5,1,Player_34,Player_93,4,0,4
27,2,5,2,Player_37,Player_84,0,0,0
27,2,5,3,Player_46,Player_55,2,0,2
27,2,5,4,Player_41,Player_80,6,0,6
27,2,5,5,Player_45,Player_72,0,0,0
27,2,5,6,Player_21,Player_52,0,0,0
27,2,6,1,Player_20,Player_96,0,0,0
27,2,6,2,Player_23,Player_64,4,0,4
27,2,6,3,Player_11,Player_51,0,0,0
27,2,6,4,Player_48,Player_88,2,0,2
27,2,6,5,Player_48,Player_77,3,0,3
27,2,6,6,Player_13,Player_54,1,0,1
27,2,7,1,Player_14,Player_60,4,0,4
27,2,7,2,Player_15,Player_95,0,0,0
27,2,7,3,Player_40,Player_76,0,0,0
27,2,7,4,Player_20,Player_63,0,0,0
27,2,7,5,Player_13,Player_74,2,0,2
27,2,7,6,Player_5,Player_51,1,0,1
27,2,8,1,Player_42,Player_53,0,0,0
27,2,8,2,Player_12,Player_61,1,0,1
27,2,8,3,Player_9,Player_89,1,1,2
27,2,8,4,Player_34,Player_68,1,0,1
27,2,8,5,Player_26,Player_59,1,0,1
27,2,8,6,Player_17,Player_50,0,0,0
27,2,9,1,Player_49,Player_92,4,0,4
27,2,9,2,Player_21,Player_58,6,0,6
27,2,9,3,Player_18,Player_84,2,1,3
27,2,9,4,Player_45,Player_82,1,0,1
27,2,9,5,Player_30,Player_75,0,0,0
27,2,9,6,Player_31,Player_66,0,0,0
27,2,10,1,Player_33,Player_53,1,0,1
27,2,10,2,Player_38,Player_94,0,0,0
27,2,10,3,Player_31,Player_90,1,0,1
27,2,10,4,Player_23,Player_61,1,0,1
27,2,10,5,Player_32,Player_66,0,0,0
27,2,10,6,Player_18,Player_60,1,0,1
27,2,11,1,Player_26,Player_96,1,0,1
27,2,11,2,Player_42,Player_86,4,0,4
27,2,11,3,Player_21,Player_73,0,0,0
27,2,11,4,Player_2,Player_86,0,0,0
27,2,11,5,Player_1,Player_92,2,0,2
27,2,11,6,Player_28,Player_58,0,0,0
27,2,12,1,Player_45,Player_90,2,0,2
27,2,12,2,Player_39,Player_98,0,0,0
27,2,12,3,Player_22,Player_99,6,1,7
27,2,12,4,Player_20,Player_85,4,0,4
27,2,12,5,Player_47,Player_98,2,0,2
27,2,12,6,Player_41,Player_97,0,0,0
27,2,13,1,Player_27,Player_58,1,0,1
27,2,13,2,Player_37,Player_56,0,0,0
27,2,13,3,Player_22,Player_63,1,0,1
27,2,13,4,Player_31,Player_88,1,0,1
27,2,13,5,Player_29,Player_89,6,0,6
27,2,13,6,Player_30,Player_83,1,0,1
27,2,14,1,Player_38,Player_67,1,0,1
27,2,14,2,Player_12,Player_61,1,0,1
27,2,14,3,Player_22,Player_98,1,0,1
27,2,14,4,Player_3,Player_65,4,0,4
27,2,14,5,Player_38,Player_53,1,0,1
27,2,14,6,Player_11,Player_88,0,0,0
27,2,15,1,Player_4,Player_75,4,0,4
27,2,15,2,Player_16,Player_72,1,0,1
27,2,15,3,Player_25,Player_86,4,0,4
27,2,15,4,Player_28,Player_52,0,0,0
27,2,15,5,Player_3,Player_88,0,0,0
27,2,15,6,Player_41,Player_61,1,0,1
27,2,16,1,Player_25,Player_84,0,0,0
27,2,16,2,Player_10,Player_73,2,0,2
27,2,16,3,Player_24,Player_68,0,0,0
27,2,16,4,Player_26,Player_74,0,0,0
27,2,16,5,Player_6,Player_81,1,0,1
27,2,16,6,Player_31,Player_86,0,0,0
27,2,17,1,Player_37,Player_68,1,0,1
27,2,17,2,Player_27,Player_51,1,0,1
27,2,17,3,Player_48,Player_66,0,0,0
27,2,17,4,Player_30,Player_65,0,0,0
27,2,17,5,Player_31,Player_53,2,0,2
27,2,17,6,Player_25,Player_71,0,1,1
27,2,18,1,Player_49,Player_97,4,0,4
27,2,18,2,Player_16,Player_58,1,0,1
27,2,18,3,Player_47,Player_64,2,0,2
27,2,18,4,Player_33,Player_82,0,0,0
27,2,18,5,Player_4,Player_72,0,0,0
27,2,18,6,Player_46,Player_79,1,0,1
27,2,19,1,Player_9,Player_75,0,0,0
27,2,19,2,Player_45,Player_64,2,0,2
27,2,19,3,Player_41,Player_55,3,0,3
27,2,19,4,Player_21,Player_64,0,0,0
27,2,19,5,Player_24,Player_52,2,0,2
27,2,19,6,Player_18,Player_89,6,0,6
27,2,20,1,Player_29,Player_53,2,0,2
27,2,20,2,Player_44,Player_89,1,0,1
27,2,20,3,Player_35,Player_93,1,0,1
27,2,20,4,Player_41,Player_54,1,1,2
27,2,20,5,Player_8,Player_72,0,0,0
27,2,20,6,Player_29,Player_90,0,0,0
28,1,1,1,Player_21,Player_62,1,0,1
28,1,1,2,Player_37,Player_90,1,0,1
28,1,1,3,Player_41,Player_71,3,1,4
28,1,1,4,Player_4,Player_82,6,0,6
28,1,1,5,Player_4,Player_78,1,0,1
28,1,1,6,Player_9,Player_57,0,0,0
28,1,2,1,Player_22,Player_86,4,0,4
28,1,2,2,Player_41,Player_85,1,0,1
28,1,2,3,Player_7,Player_69,1,1,2
28,1,2,4,Player_41,Player_54,0,0,0
28,1,2,5,Player_1,Player_74,3,0,3
28,1,2,6,Player_17,Player_70,0,1,1
28,1,3,1,Player_10,Player_66,1,0,1
28,1,3,2,Player_7,Player_61,6,1,7
28,1,3,3,Player_20,Player_93,1,0,1
28,1,3,4,Player_22,Player_50,6,0,6
28,1,3,5,Player_12,Player_70,0,0,0
28,1,3,6,Player_41,Player_67,3,0,3
28,1,4,1,Player_25,Player_72,1,0,1
28,1,4,2,Player_38,Player_84,2,0,2
28,1,4,3,Player_20,Player_50,1,0,1
28,1,4,4,Player_42,Player_71,3,0,3
28,1,4,5,Player_4,Player_68,0,0,0
28,1,4,6,Player_21,Player_71,1,0,1
28,1,5,1,Player_21,Player_82,0,0,0
28,1,5,2,Player_29,Player_77,4,0,4
28,1,5,3,Player_21,Player_83,4,0,4
28,1,5,4,Player_17,Player_96,0,0,0
28,1,5,5,Player_39,Player_76,1,0,1
28,1,5,6,Player_11,Player_77,0,0,0
28,1,6,1,Player_12,Player_65,4,0,4
28,1,6,2,Player_29,Player_77,0,0,0
28,1,6,3,Player_31,Player_68,1,0,1
28,1,6,4,Player_17,Player_85,1,0,1
28,1,6,5,Player_2,Player_67,6,0,6
28,1,6,6,Player_35,Player_99,1,0,1
28,1,7,1,Player_41,Player_65,1,0,1
28,1,7,2,Player_38,Player_94,2,0,2
28,1,7,3,Player_31,Player_94,0,0,0
28,1,7,4,Player_4,Player_79,0,0,0
28,1,7,5,Player_8,Player_97,3,0,3
28,1,7,6,Player_44,Player_52,1,0,1
28,1,8,1,Player_45,Player_70,1,0,1
28,1,8,2,Player_41,Player_78,0,0,0
28,1,8,3,Player_14,Player_86,0,0,0
28,1,8,4,Player_12,Player_91,1,0,1
28,1,8,5,Player_12,Player_70,0,0,0
28,1,8,6,Player_36,Player_66,2,1,3
28,1,9,1,Player_4,Player_66,1,0,1
28,1,9,2,Player_32,Player_76,1,0,1
28,1,9,3,Player_40,Player_93,1,0,1
28,1,9,4,Player_39,Player_78,0,1,1
28,1,9,5,Player_48,Player_59,6,0,6
28,1,9,6,Player_20,Player_64,2,0,2
28,1,10,1,Player_18,Player_72,0,0,0
28,1,10,2,Player_36,Player_54,1,0,1
28,1,10,3,Player_11,Player_91,6,0,6
28,1,10,4,Player_12,Player_65,0,0,0
28,1,10,5,Player_21,Player_86,0,0,0
28,1,10,6,Player_23,Player_81,0,0,0
28,1,11,1,Player_18,Player_98,3,0,3
28,1,11,2,Player_16,Player_88,3,0,3
28,1,11,3,Player_23,Player_81,2,0,2
28,1,11,4,Player_42,Player_83,4,0,4
28,1,11,5,Player_25,Player_60,0,0,0
28,1,11,6,Player_43,Player_64,2,0,2
28,1,12,1,Player_9,Player_54,0,0,0
28,1,12,2,Player_5,Player_71,3,0,3
28,1,12,3,Player_47,Player_95,1,0,1
28,1,12,4,Player_20,Player_63,1,0,1
28,1,12,5,Player_9,Player_81,1,0,1
28,1,12,6,Player_6,Player_98,4,0,4
28,1,13,1,Player_1,Player_91,4,0,4
28,1,13,2,Player_37,Player_98,1,0,1
28,1,13,3,Player_23,Player_51,1,0,1
28,1,13,4,Player_22,Player_77,1,0,1
28,1,13,5,Player_18,Player_73,0,0,0
28,1,13,6,Player_26,Player_68,6,0,6
28,1,14,1,Player_14,Player_58,0,1,1
28,1,14,2,Player_12,Player_84,0,0,0
28,1,14,3,Player_39,Player_63,1,0,1
28,1,14,4,Player_43,Player_50,1,0,1
28,1,14,5,Player_17,Player_84,1,0,1
28,1,14,6,Player_31,Player_88,0,0,0
28,1,15,1,Player_22,Player_93,1,0,1
28,1,15,2,Player_44,Player_64,0,0,0
28,1,15,3,Player_26,Player_54,2,0,2
28,1,15,4,Player_21,Player_85,6,0,6
28,1,15,5,Player_36,Player_60,0,0,0
28,1,15,6,Player_20,Player_81,1,0,1
28,1,16,1,Player_16,Player_97,1,1,2
28,1,16,2,Player_49,Player_73,2,0,2
28,1,16,3,Player_38,Player_96,2,0,2
28,1,16,4,Player_9,Player_52,1,0,1
28,1,16,5,Player_41,Player_93,0,0,0
28,1,16,6,Player_5,Player_98,4,0,4
28,1,17,1,Player_15,Player_50,0,0,0
28,1,17,2,Player_30,Player_68,2,0,2
28,1,17,3,Player_44,Player_61,3,0,3
28,1,17,4,Player_11,Player_51,1,0,1
28,1,17,5,Player_4,Player_90,0,0,0
28,1,17,6,Player_7,Player_71,0,0,0
28,1,18,1,Player_20,Player_63,1,0,1
28,1,18,2,Player_22,Player_66,0,0,0
28,1,18,3,Player_2,Player_67,0,0,0
28,1,18,4,Player_48,Player_68,0,0,0
28,1,18,5,Player_7,Player_51,0,0,0
28,1,18,6,Player_12,Player_52,0,0,0
28,1,19,1,Player_42,Player_90,6,0,6
28,1,19,2,Player_10,Player_66,0,0,0
28,1,19,3,Player_27,Player_82,1,0,1
28,1,19,4,Player_33,Player_70,4,1,5
28,1,19,5,Player_48,Player_82,4,0,4
28,1,19,6,Player_36,Player_96,4,0,4
28,1,20,1,Player_20,Player_53,0,0,0
28,1,20,2,Player_43,Player_96,0,0,0
28,1,20,3,Player_30,Player_92,4,0,4
28,1,20,4,Player_37,Player_62,2,0,2
28,1,20,5,Player_8,Player_73,0,0,0
28,1,20,6,Player_35,Player_81,4,0,4
28,2,1,1,Player_44,Player_66,3,0,3
28,2,1,2,Player_46,Player_55,6,0,6
28,2,1,3,Player_9,Player_63,0,0,0
28,2,1,4,Player_20,Player_64,1,0,1
28,2,1,5,Player_23,Player_95,1,0,1
28,2,1,6,Player_3,Player_99,0,0,0
28,2,2,1,Player_27,Player_72,0,0,0
28,2,2,2,Player_40,Player_67,0,0,0
28,2,2,3,Player_25,Player_56,2,0,2
28,2,2,4,Player_5,Player_63,0,0,0
28,2,2,5,Player_13,Player_70,1,0,1
28,2,2,6,Player_24,Player_84,0,0,0
28,2,3,1,Player_45,Player_56,0,1,1
28,2,3,2,Player_34,Player_88,0,0,0
28,2,3,3,Player_29,Player_59,4,0,4
28,2,3,4,Player_37,Player_81,1,0,1
28,2,3,5,Player_6,Player_78,0,0,0
28,2,3,6,Player_13,Player_76,2,0,2
28,2,4,1,Player_21,Player_72,4,0,4
28,2,4,2,Player_26,Player_64,0,0,0
28,2,4,3,Player_26,Player_70,4,0,4
28,2,4,4,Player_32,Player_65,0,0,0
28,2,4,5,Player_41,Player_93,0,0,0
28,2,4,6,Player_11,Player_64,0,0,0
28,2,5,1,Player_3,Player_65,1,0,1
28,2,5,2,Player_47,Player_84,0,0,0
28,2,5,3,Player_38,Player_75,1,0,1
28,2,5,4,Player_19,Player_77,0,0,0
28,2,5,5,Player_30,Player_86,0,0,0
28,2,5,6,Player_23,Player_55,1,0,1
28,2,6,1,Player_41,Player_65,0,0,0
28,2,6,2,Player_37,Player_62,0,0,0
28,2,6,3,Player_28,Player_78,1,0,1
28,2,6,4,Player_44,Player_87,1,0,1
28,2,6,5,Player_47,Player_96,1,0,1
28,2,6,6,Player_39,Player_63,2,0,2
28,2,7,1,Player_36,Player_82,4,0,4
28,2,7,2,Player_16,Player_94,3,0,3
28,2,7,3,Player_49,Player_58,2,0,2
28,2,7,4,Player_31,Player_95,4,0,4
28,2,7,5,Player_3,Player_50,0,1,1
28,2,7,6,Player_45,Player_54,0,0,0
28,2,8,1,Player_23,Player_65,1,0,1
28,2,8,2,Player_44,Player_96,6,0,6
28,2,8,3,Player_30,Player_75,3,0,3
28,2,8,4,Player_16,Player_98,1,0,1
28,2,8,5,Player_13,Player_78,1,0,1
28,2,8,6,Player_45,Player_93,4,0,4
28,2,9,1,Player_46,Player_50,6,0,6
28,2,9,2,Player_24,Player_95,2,0,2
28,2,9,3,Player_33,Player_84,3,0,3
28,2,9,4,Player_44,Player_75,4,0,4
28,2,9,5,Player_32,Player_85,0,0,0
28,2,9,6,Player_11,Player_75,2,0,2
28,2,10,1,Player_3,Player_67,0,1,1
28,2,10,2,Player_14,Player_87,1,0,1
28,2,10,3,Player_11,Player_88,3,0,3
28,2,10,4,Player_48,Player_98,1,0,1
28,2,10,5,Player_8,Player_70,1,0,1
28,2,10,6,Player_20,Player_94,3,0,3
28,2,11,1,Player_18,Player_79,6,0,6
28,2,11,2,Player_1,Player_85,1,0,1
28,2,11,3,Player_13,Player_60,4,0,4
28,2,11,4,Player_15,Player_62,4,0,4
28,2,11,5,Player_24,Player_69,1,0,1
28,2,11,6,Player_24,Player_75,0,0,0
28,2,12,1,Player_37,Player_71,1,0,1
28,2,12,2,Player_22,Player_92,1,0,1
28,2,12,3,Player_48,Player_70,0,0,0
28,2,12,4,Player_49,Player_70,2,0,2
28,2,12,5,Player_46,Player_71,0,1,1
28,2,12,6,Player_14,Player_59,1,0,1
28,2,13,1,Player_17,Player_72,1,0,1
28,2,13,2,Player_31,Player_60,0,0,0
28,2,13,3,Player_22,Player_82,0,0,0
28,2,13,4,Player_18,Player_63,4,0,4
28,2,13,5,Player_36,Player_68,4,0,4
28,2,13,6,Player_47,Player_81,0,1,1
28,2,14,1,Player_23,Player_54,0,0,0
28,2,14,2,Player_7,Player_82,4,0,4
28,2,14,3,Player_49,Player_96,0,0,0
28,2,14,4,Player_19,Player_63,0,0,0
28,2,14,5,Player_1,Player_75,0,0,0
28,2,14,6,Player_43,Player_55,0,0,0
28,2,15,1,Player_3,Player_54,0,0,0
28,2,15,2,Player_19,Player_86,1,0,1
28,2,15,3,Player_7,Player_82,0,0,0
28,2,15,4,Player_7,Player_93,6,0,6
28,2,15,5,Player_29,Player_68,1,0,1
28,2,15,6,Player_13,Player_81,0,0,0
28,2,16,1,Player_9,Player_57,0,0,0
28,2,16,2,Player_9,Player_62,1,0,1
28,2,16,3,Player_22,Player_80,0,0,0
28,2,16,4,Player_10,Player_58,0,0,0
28,2,16,5,Player_40,Player_73,2,1,3
28,2,16,6,Player_20,Player_66,4,0,4
28,2,17,1,Player_28,Player_50,2,0,2
28,2,17,2,Player_6,Player_56,0,0,0
28,2,17,3,Player_34,Player_84,2,0,2
28,2,17,4,Player_42,Player_84,0,0,0
28,2,17,5,Player_10,Player_92,0,0,0
28,2,17,6,Player_9,Player_89,1,0,1
28,2,18,1,Player_15,Player_77,0,0,0
28,2,18,2,Player_18,Player_70,6,0,6
28,2,18,3,Player_15,Player_94,0,1,1
28,2,18,4,Player_26,Player_90,6,0,6
28,2,18,5,Player_4,Player_59,1,0,1
28,2,18,6,Player_9,Player_78,1,0,1
28,2,19,1,Player_38,Player_73,0,0,0
28,2,19,2,Player_26,Player_77,2,0,2
28,2,19,3,Player_3,Player_71,2,0,2
28,2,19,4,Player_44,Player_67,1,0,1
28,2,19,5,Player_5,Player_93,2,0,2
28,2,19,6,Player_14,Player_93,1,0,1
28,2,20,1,Player_45,Player_65,0,0,0
28,2,20,2,Player_9,Player_77,6,0,6
28,2,20,3,Player_26,Player_75,0,1,1
28,2,20,4,Player_32,Player_73,0,0,0
28,2,20,5,Player_26,Player_73,0,0,0
28,2,20,6,Player_39,Player_51,2,0,2
29,1,1,1,Player_23,Player_82,2,0,2
29,1,1,2,Player_49,Player_71,2,0,2
29,1,1,3,Player_20,Player_63,3,0,3
29,1,1,4,Player_27,Player_75,6,0,6
29,1,1,5,Player_47,Player_73,6,1,7
29,1,1,6,Player_43,Player_79,4,0,4
29,1,2,1,Player_39,Player_71,4,0,4
29,1,2,2,Player_41,Player_90,0,0,0
29,1,2,3,Player_44,Player_68,6,0,6
29,1,2,4,Player_25,Player_87,3,1,4
29,1,2,5,Player_3,Player_51,1,0,1
29,1,2,6,Player_12,Player_87,1,0,1
29,1,3,1,Player_36,Player_95,0,0,0
29,1,3,2,Player_21,Player_70,0,0,0
29,1,3,3,Player_36,Player_62,0,1,1
29,1,3,4,Player_19,Player_72,1,0,1
29,1,3,5,Player_3,Player_83,4,0,4
29,1,3,6,Player_3,Player_96,1,0,1
29,1,4,1,Player_20,Player_93,2,0,2
29,1,4,2,Player_14,Player_91,1,0,1
29,1,4,3,Player_20,Player_79,1,0,1
29,1,4,4,Player_38,Player_99,0,0,0
29,1,4,5,Player_24,Player_50,4,0,4
29,1,4,6,Player_26,Player_78,0,0,0
29,1,5,1,Player_33,Player_89,6,0,6
29,1,5,2,Player_47,Player_85,0,0,0
29,1,5,3,Player_2,Player_73,0,0,0
29,1,5,4,Player_19,Player_99,2,0,2
29,1,5,5,Player_1,Player_52,4,0,4
29,1,5,6,Player_47,Player_97,0,0,0
29,1,6,1,Player_40,Player_55,0,0,0
29,1,6,2,Player_35,Player_57,1,0,1
29,1,6,3,Player_25,Player_82,0,0,0
29,1,6,4,Player_35,Player_89,6,0,6
29,1,6,5,Player_32,Player_60,0,0,0
29,1,6,6,Player_48,Player_88,0,0,0
29,1,7,1,Player_49,Player_52,1,0,1
29,1,7,2,Player_25,Player_72,2,0,2
29,1,7,3,Player_32,Player_79,0,0,0
29,1,7,4,Player_5,Player_72,0,0,0
29,1,7,5,Player_27,Player_57,0,0,0
29,1,7,6,Player_2,Player_98,0,0,0
29,1,8,1,Player_16,Player_86,0,0,0
29,1,8,2,Player_35,Player_83,1,0,1
29,1,8,3,Player_18,Player_83,4,0,4
29,1,8,4,Player_3,Player_76,6,0,6
29,1,8,5,Player_46,Player_88,1,0,1
29,1,8,6,Player_19,Player_68,0,0,0
29,1,9,1,Player_27,Player_98,2,0,2
29,1,9,2,Player_40,Player_84,3,0,3
29,1,9,3,Player_39,Player_99,1,0,1
29,1,9,4,Player_46,Player_99,1,0,1
29,1,9,5,Player_1,Player_92,2,0,2
29,1,9,6,Player_16,Player_86,4,0,4
29,1,10,1,Player_16,Player_76,0,0,0
29,1,10,2,Player_33,Player_81,1,0,1
29,1,10,3,Player_30,Player_89,1,0,1
29,1,10,4,Player_18,Player_61,0,0,0
29,1,10,5,Player_16,Player_72,2,0,2
29,1,10,6,Player_22,Player_88,2,0,2
29,1,11,1,Player_10,Player_77,0,0,0
29,1,11,2,Player_22,Player_72,4,1,5
29,1,11,3,Player_44,Player_78,0,0,0
29,1,11,4,Player_18,Player_87,0,0,0
29,1,11,5,Player_23,Player_81,2,0,2
29,1,11,6,Player_43,Player_71,0,0,0
29,1,12,1,Player_32,Player_78,1,0,1
29,1,12,2,Player_10,Player_62,1,0,1
29,1,12,3,Player_2,Player_66,1,0,1
29,1,12,4,Player_37,Player_54,0,0,0
29,1,12,5,Player_22,Player_78,6,0,6
29,1,12,6,Player_20,Player_54,4,0,4
29,1,13,1,Player_39,Player_59,2,1,3
29,1,13,2,Player_9,Player_81,1,0,1
29,1,13,3,Player_13,Player_67,1,0,1
29,1,13,4,Player_5,Player_92,1,0,1
29,1,13,5,Player_21,Player_77,1,0,1
29,1,13,6,Player_37,Player_76,0,0,0
29,1,14,1,Player_15,Player_78,1,0,1
29,1,14,2,Player_9,Player_70,4,0,4
29,1,14,3,Player_4,Player_55,1,0,1
29,1,14,4,Player_28,Player_65,0,0,0
29,1,14,5,Player_19,Player_99,2,0,2
29,1,14,6,Player_12,Player_55,3,0,3
29,1,15,1,Player_49,Player_70,0,0,0
29,1,15,2,Player_30,Player_81,0,0,0
29,1,15,3,Player_25,Player_94,1,0,1
29,1,15,4,Player_49,Player_89,0,0,0
29,1,15,5,Player_16,Player_61,0,0,0
29,1,15,6,Player_27,Player_88,4,0,4
29,1,16,1,Player_43,Player_86,1,0,1
29,1,16,2,Player_29,Player_98,1,0,1
29,1,16,3,Player_10,Player_54,2,0,2
29,1,16,4,Player_25,Player_82,4,0,4
29,1,16,5,Player_33,Player_58,2,0,2
29,1,16,6,Player_46,Player_64,0,0,0
29,1,17,1,Player_22,Player_70,2,0,2
29,1,17,2,Player_4,Player_59,0,0,0
29,1,17,3,Player_48,Player_65,0,0,0
29,1,17,4,Player_15,Player_64,0,0,0
29,1,17,5,Player_42,Player_90,1,0,1
29,1,17,6,Player_20,Player_83,0,0,0
29,1,18,1,Player_16,Player_54,0,0,0
29,1,18,2,Player_13,Player_73,0,0,0
29,1,18,3,Player_2,Player_55,0,0,0
29,1,18,4,Player_12,Player_85,6,0,6
29,1,18,5,Player_14,Player_84,0,0,0
29,1,18,6,Player_13,Player_57,1,0,1
29,1,19,1,Player_34,Player_91,0,0,0
29,1,19,2,Player_36,Player_95,1,0,1
29,1,19,3,Player_38,Player_52,0,0,0
29,1,19,4,Player_14,Player_79,1,0,1
29,1,19,5,Player_29,Player_99,0,0,0
29,1,19,6,Player_14,Player_83,0,0,0
29,1,20,1,Player_13,Player_75,6,1,7
29,1,20,2,Player_19,Player_64,0,0,0
29,1,20,3,Player_19,Player_82,1,0,1
29,1,20,4,Player_39,Player_77,2,0,2
29,1,20,5,Player_44,Player_69,1,0,1
29,1,20,6,Player_21,Player_51,0,0,0
29,2,1,1,Player_42,Player_92,4,0,4
29,2,1,2,Player_9,Player_69,0,0,0
29,2,1,3,Player_4,Player_87,1,0,1
29,2,1,4,Player_35,Player_79,0,0,0
29,2,1,5,Player_47,Player_61,1,0,1
29,2,1,6,Player_26,Player_59,1,0,1
29,2,2,1,Player_21,Player_84,0,0,0
29,2,2,2,Player_35,Player_96,2,0,2
29,2,2,3,Player_24,Player_69,0,1,1
29,2,2,4,Player_24,Player_89,4,0,4
29,2,2,5,Player_34,Player_90,0,0,0
29,2,2,6,Player_30,Player_92,3,0,3
29,2,3,1,Player_47,Player_58,0,0,0
29,2,3,2,Player_44,Player_91,4,0,4
29,2,3,3,Player_11,Player_74,0,1,1
29,2,3,4,Player_47,Player_78,0,0,0
29,2,3,5,Player_34,Player_55,0,0,0
29,2,3,6,Player_44,Player_83,1,0,1
29,2,4,1,Player_49,Player_55,0,0,0
29,2,4,2,Player_4,Player_58,0,0,0
29,2,4,3,Player_23,Player_53,3,0,3
29,2,4,4,Player_45,Player_91,0,0,0
29,2,4,5,Player_14,Player_84,0,0,0
29,2,4,6,Player_13,Player_83,4,0,4
29,2,5,1,Player_48,Player_59,3,0,3
29,2,5,2,Player_21,Player_97,4,0,4
29,2,5,3,Player_41,Player_97,1,0,1
29,2,5,4,Player_32,Player_61,1,0,1
29,2,5,5,Player_48,Player_77,0,0,0
29,2,5,6,Player_2,Player_78,4,1,5
29,2,6,1,Player_34,Player_68,0,0,0
29,2,6,2,Player_27,Player_94,0,0,0
29,2,6,3,Player_31,Player_65,0,0,0
29,2,6,4,Player_27,Player_87,1,0,1
29,2,6,5,Player_4,Player_75,2,0,2
29,2,6,6,Player_40,Player_64,0,0,0
29,2,7,1,Player_18,Player_90,2,0,2
29,2,7,2,Player_41,Player_90,0,0,0
29,2,7,3,Player_4,Player_70,0,0,0
29,2,7,4,Player_40,Player_70,0,0,0
29,2,7,5,Player_25,Player_80,1,0,1
29,2,7,6,Player_5,Player_80,1,0,1
29,2,8,1,Player_30,Player_67,0,0,0
29,2,8,2,Player_15,Player_68,0,0,0
29,2,8,3,Player_31,Player_93,0,0,0
29,2,8,4,Player_20,Player_84,1,0,1
29,2,8,5,Player_45,Player_67,1,0,1
29,2,8,6,Player_30,Player_97,6,0,6
29,2,9,1,Player_19,Player_59,0,0,0
29,2,9,2,Player_24,Player_58,2,0,2
29,2,9,3,Player_33,Player_70,4,0,4
29,2,9,4,Player_17,Player_80,1,0,1
29,2,9,5,Player_5,Player_61,0,0,0
29,2,9,6,Player_38,Player_51,1,0,1
29,2,10,1,Player_40,Player_51,2,0,2
29,2,10,2,Player_30,Player_96,0,0,0
29,2,10,3,Player_11,Player_73,2,0,2
29,2,10,4,Player_2,Player_64,1,0,1
29,2,10,5,Player_48,Player_96,0,0,0
29,2,10,6,Player_47,Player_73,3,0,3
29,2,11,1,Player_48,Player_72,0,0,0
29,2,11,2,Player_29,Player_55,4,0,4
29,2,11,3,Player_45,Player_70,0,0,0
29,2,11,4,Player_22,Player_53,2,0,2
29,2,11,5,Player_28,Player_75,0,0,0
29,2,11,6,Player_34,Player_64,1,0,1
29,2,12,1,Player_37,Player_53,0,0,0
29,2,12,2,Player_30,Player_94,0,1,1
29,2,12,3,Player_7,Player_77,0,0,0
29,2,12,4,Player_20,Player_60,0,0,0
29,2,12,5,Player_23,Player_95,4,0,4
29,2,12,6,Player_13,Player_62,0,0,0
29,2,13,1,Player_31,Player_72,0,0,0
29,2,13,2,Player_16,Player_91,4,0,4
29,2,13,3,Player_44,Player_78,0,0,0
29,2,13,4,Player_38,Player_87,3,0,3
29,2,13,5,Player_45,Player_69,1,0,1
29,2,13,6,Player_35,Player_95,1,0,1
29,2,14,1,Player_8,Player_60,0,0,0
29,2,14,2,Player_47,Player_96,1,0,1
29,2,14,3,Player_18,Player_77,1,0,1
29,2,14,4,Player_11,Player_55,6,0,6
29,2,14,5,Player_47,Player_82,1,0,1
29,2,14,6,Player_43,Player_67,0,0,0
29,2,15,1,Player_43,Player_57,4,0,4
29,2,15,2,Player_49,Player_59,0,0,0
29,2,15,3,Player_41,Player_85,0,0,0
29,2,15,4,Player_3,Player_68,0,0,0
29,2,15,5,Player_47,Player_74,0,0,0
29,2,15,6,Player_46,Player_99,2,0,2
29,2,16,1,Player_48,Player_57,0,0,0
29,2,16,2,Player_36,Player_66,1,0,1
29,2,16,3,Player_20,Player_99,0,0,0
29,2,16,4,Player_16,Player_82,0,0,0
29,2,16,5,Player_26,Player_93,1,0,1
29,2,16,6,Player_18,Player_67,1,0,1
29,2,17,1,Player_15,Player_93,0,0,0
29,2,17,2,Player_35,Player_68,1,0,1
29,2,17,3,Player_12,Player_91,1,0,1
29,2,17,4,Player_28,Player_92,4,0,4
29,2,17,5,Player_5,Player_75,3,0,3
29,2,17,6,Player_38,Player_70,0,0,0
29,2,18,1,Player_23,Player_78,0,0,0
29,2,18,2,Player_29,Player_94,0,0,0
29,2,18,3,Player_41,Player_91,0,0,0
29,2,18,4,Player_11,Player_60,0,0,0
29,2,18,5,Player_1,Player_61,1,0,1
29,2,18,6,Player_45,Player_99,4,0,4
29,2,19,1,Player_17,Player_98,0,0,0
29,2,19,2,Player_33,Player_88,1,0,1
29,2,19,3,Player_17,Player_61,0,1,1
29,2,19,4,Player_14,Player_52,0,0,0
29,2,19,5,Player_30,Player_95,1,0,1
29,2,19,6,Player_26,Player_61,0,0,0
29,2,20,1,Player_8,Player_68,4,0,4
29,2,20,2,Player_47,Player_63,0,0,0
29,2,20,3,Player_24,Player_95,1,0,1
29,2,20,4,Player_19,Player_52,2,0,2
29,2,20,5,Player_18,Player_68,4,0,4
29,2,20,6,Player_3,Player_98,0,0,0
30,1,1,1,Player_38,Player_88,0,0,0
30,1,1,2,Player_13,Player_53,0,0,0
30,1,1,3,Player_34,Player_89,0,0,0
30,1,1,4,Player_39,Player_91,0,0,0
30,1,1,5,Player_21,Player_69,0,0,0
30,1,1,6,Player_28,Player_56,1,0,1
30,1,2,1,Player_1,Player_85,1,0,1
30,1,2,2,Player_32,Player_51,6,1,7
30,1,2,3,Player_26,Player_94,1,0,1
30,1,2,4,Player_29,Player_73,4,0,4
30,1,2,5,Player_11,Player_76,0,0,0
30,1,2,6,Player_28,Player_94,0,0,0
30,1,3,1,Player_6,Player_91,1,0,1
30,1,3,2,Player_3,Player_55,0,0,0
30,1,3,3,Player_13,Player_85,0,0,0
30,1,3,4,Player_12,Player_92,3,0,3
30,1,3,5,Player_36,Player_54,1,0,1
30,1,3,6,Player_19,Player_84,0,0,0
30,1,4,1,Player_6,Player_68,6,0,6
30,1,4,2,Player_19,Player_82,1,0,1
30,1,4,3,Player_42,Player_76,0,0,0
30,1,4,4,Player_20,Player_73,1,0,1
30,1,4,5,Player_26,Player_69,4,0,4
30,1,4,6,Player_33,Player_71,6,0,6
30,1,5,1,Player_10,Player_61,2,0,2
30,1,5,2,Player_40,Player_59,3,0,3
30,1,5,3,Player_30,Player_53,1,0,1
30,1,5,4,Player_30,Player_75,0,0,0
30,1,5,5,Player_14,Player_90,1,0,1
30,1,5,6,Player_46,Player_83,0,0,0
30,1,6,1,Player_1,Player_85,0,0,0
30,1,6,2,Player_42,Player_54,0,0,0
30,1,6,3,Player_32,Player_99,3,0,3
30,1,6,4,Player_7,Player_62,1,1,2
30,1,6,5,Player_10,Player_96,0,0,0
30,1,6,6,Player_10,Player_56,3,0,3
30,1,7,1,Player_40,Player_84,0,0,0
30,1,7,2,Player_30,Player_89,1,1,2
30,1,7,3,Player_10,Player_91,1,0,1
30,1,7,4,Player_13,Player_89,0,0,0
30,1,7,5,Player_16,Player_58,4,0,4
30,1,7,6,Player_33,Player_73,0,0,0
30,1,8,1,Player_13,Player_72,1,0,1
30,1,8,2,Player_48,Player_70,0,0,0
30,1,8,3,Player_35,Player_77,0,0,0
30,1,8,4,Player_30,Player_89,0,0,0
30,1,8,5,Player_42,Player_64,0,0,0
30,1,8,6,Player_41,Player_97,0,0,0
30,1,9,1,Player_41,Player_98,0,0,0
30,1,9,2,Player_14,Player_67,1,0,1
30,1,9,3,Player_23,Player_54,0,0,0
30,1,9,4,Player_16,Player_54,0,0,0
30,1,9,5,Player_22,Player_91,1,0,1
30,1,9,6,Player_48,Player_66,0,0,0
30,1,10,1,Player_3,Player_54,0,0,0
30,1,10,2,Player_44,Player_95,1,0,1
30,1,10,3,Player_49,Player_92,0,0,0
30,1,10,4,Player_47,Player_67,6,0,6
30,1,10,5,Player_37,Player_61,0,0,0
30,1,10,6,Player_36,Player_57,1,0,1
30,1,11,1,Player_49,Player_87,6,0,6
30,1,11,2,Player_34,Player_98,0,0,0
30,1,11,3,Player_25,Player_74,1,0,1
30,1,11,4,Player_4,Player_54,1,0,1
30,1,11,5,Player_18,Player_92,4,0,4
30,1,11,6,Player_4,Player_80,1,0,1
30,1,12,1,Player_36,Player_65,1,0,1
30,1,12,2,Player_30,Player_75,1,0,1
30,1,12,3,Player_15,Player_90,4,0,4
30,1,12,4,Player_20,Player_84,0,1,1
30,1,12,5,Player_25,Player_99,4,0,4
30,1,12,6,Player_9,Player_64,6,0,6
30,1,13,1,Player_37,Player_52,1,1,2
30,1,13,2,Player_36,Player_84,1,0,1
30,1,13,3,Player_26,Player_61,0,0,0
30,1,13,4,Player_16,Player_75,1,0,1
30,1,13,5,Player_30,Player_72,0,0,0
30,1,13,6,Player_31,Player_92,3,0,3
30,1,14,1,Player_38,Player_96,6,0,6
30,1,14,2,Player_35,Player_86,0,0,0
30,1,14,3,Player_12,Player_84,4,0,4
30,1,14,4,Player_38,Player_73,1,0,1
30,1,14,5,Player_8,Player_64,6,0,6
30,1,14,6,Player_32,Player_99,0,0,0
30,1,15,1,Player_33,Player_56,4,0,4
30,1,15,2,Player_37,Player_93,1,0,1
30,1,15,3,Player_20,Player_63,3,0,3
30,1,15,4,Player_17,Player_86,1,0,1
30,1,15,5,Player_36,Player_90,0,0,0
30,1,15,6,Player_33,Player_74,1,1,2
30,1,16,1,Player_3,Player_53,2,0,2
30,1,16,2,Player_23,Player_68,0,0,0
30,1,16,3,Player_23,Player_89,4,0,4
30,1,16,4,Player_37,Player_84,1,0,1
30,1,16,5,Player_49,Player_75,2,0,2
30,1,16,6,Player_23,Player_93,0,0,0
30,1,17,1,Player_12,Player_58,6,0,6
30,1,17,2,Player_44,Player_93,1,0,1
30,1,17,3,Player_33,Player_84,1,1,2
30,1,17,4,Player_42,Player_68,3,0,3
30,1,17,5,Player_41,Player_62,1,0,1
30,1,17,6,Player_43,Player_82,1,1,2
30,1,18,1,Player_48,Player_53,6,0,6
30,1,18,2,Player_23,Player_78,0,0,0
30,1,18,3,Player_8,Player_68,1,0,1
30,1,18,4,Player_32,Player_90,0,0,0
30,1,18,5,Player_17,Player_74,1,0,1
30,1,18,6,Player_47,Player_93,4,0,4
30,1,19,1,Player_30,Player_62,1,0,1
30,1,19,2,Player_38,Player_76,1,1,2
30,1,19,3,Player_3,Player_75,0,0,0
30,1,19,4,Player_28,Player_69,1,0,1
30,1,19,5,Player_46,Player_53,4,0,4
30,1,19,6,Player_20,Player_75,6,0,6
30,1,20,1,Player_44,Player_91,0,0,0
30,1,20,2,Player_11,Player_86,1,0,1
30,1,20,3,Player_18,Player_78,0,0,0
30,1,20,4,Player_5,Player_89,6,0,6
30,1,20,5,Player_19,Player_81,0,0,0
30,1,20,6,Player_1,Player_74,4,0,4
30,2,1,1,Player_6,Player_55,0,0,0
30,2,1,2,Player_49,Player_52,0,0,0
30,2,1,3,Player_45,Player_64,1,1,2
30,2,1,4,Player_46,Player_60,4,1,5
30,2,1,5,Player_3,Player_91,0,0,0
30,2,1,6,Player_22,Player_62,0,0,0
30,2,2,1,Player_37,Player_74,0,0,0
30,2,2,2,Player_41,Player_53,0,0,0
30,2,2,3,Player_23,Player_56,0,0,0
30,2,2,4,Player_46,Player_58,2,0,2
30,2,2,5,Player_9,Player_53,6,0,6
30,2,2,6,Player_18,Player_94,0,0,0
30,2,3,1,Player_32,Player_84,4,0,4
30,2,3,2,Player_30,Player_71,6,0,6
30,2,3,3,Player_42,Player_76,0,0,0
30,2,3,4,Player_8,Player_57,0,0,0
30,2,3,5,Player_36,Player_51,0,0,0
30,2,3,6,Player_12,Player_96,0,1,1
30,2,4,1,Player_45,Player_55,1,0,1
30,2,4,2,Player_18,Player_87,4,0,4
30,2,4,3,Player_14,Player_79,1,0,1
30,2,4,4,Player_45,Player_87,0,0,0
30,2,4,5,Player_19,Player_92,1,0,1
30,2,4,6,Player_49,Player_51,2,0,2
30,2,5,1,Player_29,Player_74,1,0,1
30,2,5,2,Player_45,Player_65,1,0,1
30,2,5,3,Player_39,Player_52,0,0,0
30,2,5,4,Player_46,Player_78,1,0,1
30,2,5,5,Player_11,Player_66,4,0,4
30,2,5,6,Player_2,Player_53,0,0,0
30,2,6,1,Player_41,Player_70,0,0,0
30,2,6,2,Player_15,Player_55,0,0,0
30,2,6,3,Player_42,Player_95,2,0,2
30,2,6,4,Player_19,Player_61,0,0,0
30,2,6,5,Player_2,Player_69,3,0,3
30,2,6,6,Player_21,Player_57,0,0,0
30,2,7,1,Player_35,Player_94,1,0,1
30,2,7,2,Player_35,Player_53,0,0,0
30,2,7,3,Player_32,Player_96,4,0,4
30,2,7,4,Player_13,Player_93,0,0,0
30,2,7,5,Player_19,Player_84,0,0,0
30,2,7,6,Player_46,Player_80,0,0,0
30,2,8,1,Player_7,Player_84,0,0,0
30,2,8,2,Player_6,Player_88,0,0,0
30,2,8,3,Player_15,Player_96,0,0,0
30,2,8,4,Player_18,Player_80,1,0,1
30,2,8,5,Player_23,Player_87,0,0,0
30,2,8,6,Player_3,Player_68,3,0,3
30,2,9,1,Player_30,Player_99,2,0,2
30,2,9,2,Player_12,Player_53,3,0,3
30,2,9,3,Player_30,Player_89,4,0,4
30,2,9,4,Player_31,Player_85,2,0,2
30,2,9,5,Player_23,Player_72,1,0,1
30,2,9,6,Player_13,Player_88,0,0,0
30,2,10,1,Player_16,Player_61,0,0,0
30,2,10,2,Player_40,Player_93,0,0,0
30,2,10,3,Player_48,Player_59,1,0,1
30,2,10,4,Player_25,Player_51,6,0,6
30,2,10,5,Player_49,Player_53,4,0,4
30,2,10,6,Player_22,Player_96,1,0,1
30,2,11,1,Player_41,Player_85,0,0,0
30,2,11,2,Player_15,Player_63,1,0,1
30,2,11,3,Player_27,Player_98,2,1,3
30,2,11,4,Player_11,Player_96,6,0,6
30,2,11,5,Player_21,Player_58,0,0,0
30,2,11,6,Player_6,Player_50,1,0,1
30,2,12,1,Player_38,Player_98,0,0,0
30,2,12,2,Player_15,Player_99,1,0,1
30,2,12,3,Player_2,Player_60,2,0,2
30,2,12,4,Player_31,Player_75,0,0,0
30,2,12,5,Player_16,Player_56,0,0,0
30,2,12,6,Player_14,Player_57,1,0,1
30,2,13,1,Player_45,Player_71,0,0,0
30,2,13,2,Player_39,Player_84,2,0,2
30,2,13,3,Player_3,Player_52,1,0,1
30,2,13,4,Player_9,Player_54,4,0,4
30,2,13,5,Player_42,Player_80,1,0,1
30,2,13,6,Player_49,Player_53,1,0,1
30,2,14,1,Player_45,Player_71,2,0,2
30,2,14,2,Player_41,Player_77,6,0,6
30,2,14,3,Player_22,Player_74,3,0,3
30,2,14,4,Player_20,Player_65,0,0,0
30,2,14,5,Player_26,Player_89,1,0,1
30,2,14,6,Player_13,Player_64,3,0,3
30,2,15,1,Player_36,Player_99,0,0,0
30,2,15,2,Player_21,Player_62,4,0,4
30,2,15,3,Player_46,Player_95,0,0,0
30,2,15,4,Player_1,Player_60,0,0,0
30,2,15,5,Player_37,Player_78,4,0,4
30,2,15,6,Player_14,Player_68,0,0,0
30,2,16,1,Player_38,Player_58,4,0,4
30,2,16,2,Player_2,Player_59,0,1,1
30,2,16,3,Player_8,Player_56,1,0,1
30,2,16,4,Player_33,Player_96,0,0,0
30,2,16,5,Player_30,Player_53,0,0,0
30,2,16,6,Player_3,Player_77,0,0,0
30,2,17,1,Player_24,Player_82,0,0,0
30,2,17,2,Player_49,Player_79,0,0,0
30,2,17,3,Player_6,Player_73,0,0,0
30,2,17,4,Player_28,Player_70,1,0,1
30,2,17,5,Player_40,Player_70,0,0,0
30,2,17,6,Player_4,Player_59,0,0,0
30,2,18,1,Player_9,Player_81,2,0,2
30,2,18,2,Player_26,Player_51,4,0,4
30,2,18,3,Player_3,Player_84,0,0,0
30,2,18,4,Player_15,Player_60,1,0,1
30,2,18,5,Player_45,Player_97,0,0,0
30,2,18,6,Player_29,Player_84,0,0,0
30,2,19,1,Player_49,Player_92,0,0,0
30,2,19,2,Player_11,Player_57,2,0,2
30,2,19,3,Player_7,Player_62,1,0,1
30,2,19,4,Player_8,Player_91,2,0,2
30,2,19,5,Player_11,Player_65,0,0,0
30,2,19,6,Player_37,Player_58,1,0,1
30,2,20,1,Player_7,Player_51,0,0,0
30,2,20,2,Player_30,Player_78,1,1,2
30,2,20,3,Player_23,Player_66,1,0,1
30,2,20,4,Player_40,Player_62,1,0,1
30,2,20,5,Player_7,Player_52,4,0,4
30,2,20,6,Player_31,Player_62,2,0,2
31,1,1,1,Player_25,Player_86,4,0,4
31,1,1,2,Player_7,Player_63,1,0,1
31,1,1,3,Player_48,Player_88,0,0,0
31,1,1,4,Player_6,Player_91,0,0,0
31,1,1,5,Player_46,Player_84,4,0,4
31,1,1,6,Player_22,Player_96,0,0,0
31,1,2,1,Player_4,Player_54,4,0,4
31,1,2,2,Player_29,Player_68,1,0,1
31,1,2,3,Player_5,Player_57,1,0,1
31,1,2,4,Player_45,Player_87,1,1,2
31,1,2,5,Player_42,Player_65,6,0,6
31,1,2,6,Player_3,Player_52,0,0,0
31,1,3,1,Player_42,Player_96,2,0,2
31,1,3,2,Player_46,Player_78,4,0,4
31,1,3,3,Player_34,Player_86,0,0,0
31,1,3,4,Player_25,Player_68,0,0,0
31,1,3,5,Player_12,Player_90,1,0,1
31,1,3,6,Player_26,Player_50,0,0,0
31,1,4,1,Player_2,Player_85,0,0,0
31,1,4,2,Player_37,Player_54,2,0,2
31,1,4,3,Player_45,Player_73,4,0,4
31,1,4,4,Player_8,Player_52,1,0,1
31,1,4,5,Player_25,Player_74,1,0,1
31,1,4,6,Player_27,Player_97,1,0,1
31,1,5,1,Player_39,Player_60,6,0,6
31,1,5,2,Player_24,Player_58,0,0,0
31,1,5,3,Player_17,Player_92,1,0,1
31,1,5,4,Player_8,Player_91,1,0,1
31,1,5,5,Player_8,Player_81,0,1,1
31,1,5,6,Player_27,Player_82,1,0,1
31,1,6,1,Player_28,Player_73,2,0,2
31,1,6,2,Player_28,Player_97,4,0,4
31,1,6,3,Player_16,Player_61,6,0,6
31,1,6,4,Player_16,Player_73,1,0,1
31,1,6,5,Player_29,Player_70,0,0,0
31,1,6,6,Player_31,Player_64,1,0,1
31,1,7,1,Player_22,Player_54,0,0,0
31,1,7,2,Player_15,Player_76,4,0,4
31,1,7,3,Player_25,Player_77,1,0,1
31,1,7,4,Player_26,Player_67,0,0,0
31,1,7,5,Player_4,Player_97,0,1,1
31,1,7,6,Player_6,Player_61,0,0,0
31,1,8,1,Player_7,Player_78,2,0,2
31,1,8,2,Player_32,Player_71,1,0,1
31,1,8,3,Player_40,Player_98,2,0,2
31,1,8,4,Player_26,Player_53,0,0,0
31,1,8,5,Player_12,Player_65,1,0,1
31,1,8,6,Player_44,Player_84,6,0,6
31,1,9,1,Player_34,Player_92,0,0,0
31,1,9,2,Player_33,Player_80,4,0,4
31,1,9,3,Player_30,Player_59,1,0,1
31,1,9,4,Player_29,Player_79,0,0,0
31,1,9,5,Player_22,Player_54,1,0,1
31,1,9,6,Player_11,Player_60,0,0,0
31,1,10,1,Player_32,Player_74,0,0,0
31,1,10,2,Player_27,Player_63,1,0,1
31,1,10,3,Player_2,Player_66,1,0,1
31,1,10,4,Player_14,Player_80,0,0,0
31,1,10,5,Player_47,Player_63,0,0,0
31,1,10,6,Player_13,Player_65,1,0,1
31,1,11,1,Player_30,Player_72,1,0,1
31,1,11,2,Player_48,Player_91,0,0,0
31,1,11,3,Player_33,Player_53,2,0,2
31,1,11,4,Player_44,Player_76,1,0,1
31,1,11,5,Player_20,Player_62,0,0,0
31,1,11,6,Player_10,Player_79,4,0,4
31,1,12,1,Player_9,Player_92,1,0,1
31,1,12,2,Player_41,Player_75,6,0,6
31,1,12,3,Player_36,Player_75,0,0,0
31,1,12,4,Player_29,Player_53,1,0,1
31,1,12,5,Player_8,Player_93,0,0,0
31,1,12,6,Player_5,Player_70,0,0,0
31,1,13,1,Player_8,Player_71,1,0,1
31,1,13,2,Player_15,Player_87,2,0,2
31,1,13,3,Player_46,Player_97,4,0,4
31,1,13,4,Player_11,Player_68,0,0,0
31,1,13,5,Player_42,Player_77,1,0,1
31,1,13,6,Player_26,Player_59,2,0,2
31,1,14,1,Player_7,Player_93,2,0,2
31,1,14,2,Player_9,Player_93,0,0,0
31,1,14,3,Player_6,Player_87,0,0,0
31,1,14,4,Player_4,Player_71,0,0,0
31,1,14,5,Player_9,Player_58,4,0,4
31,1,14,6,Player_20,Player_66,0,0,0
31,1,15,1,Player_27,Player_67,0,0,0
31,1,15,2,Player_7,Player_64,0,0,0
31,1,15,3,Player_41,Player_76,2,0,2
31,1,15,4,Player_6,Player_88,2,0,2
31,1,15,5,Player_38,Player_87,0,0,0
31,1,15,6,Player_40,Player_58,1,0,1
31,1,16,1,Player_8,Player_96,3,0,3
31,1,16,2,Player_43,Player_73,3,0,3
31,1,16,3,Player_26,Player_56,6,1,7
31,1,16,4,Player_16,Player_64,0,0,0
31,1,16,5,Player_11,Player_52,0,0,0
31,1,16,6,Player_16,Player_60,1,0,1
31,1,17,1,Player_19,Player_73,0,0,0
31,1,17,2,Player_8,Player_98,2,0,2
31,1,17,3,Player_23,Player_89,0,0,0
31,1,17,4,Player_41,Player_99,2,0,2
31,1,17,5,Player_27,Player_93,1,0,1
31,1,17,6,Player_3,Player_79,0,0,0
31,1,18,1,Player_43,Player_85,3,0,3
31,1,18,2,Player_38,Player_60,1,0,1
31,1,18,3,Player_30,Player_70,0,0,0
31,1,18,4,Player_26,Player_90,2,0,2
31,1,18,5,Player_35,Player_91,3,0,3
31,1,18,6,Player_41,Player_94,1,0,1
31,1,19,1,Player_48,Player_65,4,0,4
31,1,19,2,Player_22,Player_91,1,0,1
31,1,19,3,Player_10,Player_64,2,0,2
31,1,19,4,Player_15,Player_70,1,0,1
31,1,19,5,Player_10,Player_95,0,0,0
31,1,19,6,Player_10,Player_55,0,0,0
31,1,20,1,Player_15,Player_51,2,0,2
31,1,20,2,Player_17,Player_69,4,0,4
31,1,20,3,Player_17,Player_75,1,0,1
31,1,20,4,Player_22,Player_72,0,0,0
31,1,20,5,Player_26,Player_81,0,0,0
31,1,20,6,Player_49,Player_58,6,0,6
31,2,1,1,Player_12,Player_78,0,0,0
31,2,1,2,Player_23,Player_67,6,0,6
31,2,1,3,Player_28,Player_67,1,0,1
31,2,1,4,Player_44,Player_61,6,0,6
31,2,1,5,Player_40,Player_77,6,0,6
31,2,1,6,Player_34,Player_72,3,0,3
31,2,2,1,Player_8,Player_52,1,1,2
31,2,2,2,Player_29,Player_96,2,0,2
31,2,2,3,Player_24,Player_87,0,1,1
31,2,2,4,Player_7,Player_72,0,0,0
31,2,2,5,Player_42,Player_77,0,0,0
31,2,2,6,Player_39,Player_64,0,0,0
31,2,3,1,Player_7,Player_65,3,0,3
31,2,3,2,Player_24,Player_82,0,0,0
31,2,3,3,Player_5,Player_64,1,0,1
31,2,3,4,Player_40,Player_85,0,0,0
31,2,3,5,Player_15,Player_60,1,0,1
31,2,3,6,Player_17,Player_55,1,0,1
31,2,4,1,Player_32,Player_59,4,0,4
31,2,4,2,Player_18,Player_86,2,0,2
31,2,4,3,Player_37,Player_78,6,0,6
31,2,4,4,Player_37,Player_60,0,0,0
31,2,4,5,Player_18,Player_79,4,0,4
31,2,4,6,Player_13,Player_70,0,1,1
31,2,5,1,Player_27,Player_78,0,0,0
31,2,5,2,Player_41,Player_68,1,0,1
31,2,5,3,Player_26,Player_59,3,0,3
31,2,5,4,Player_28,Player_80,4,0,4
31,2,5,5,Player_48,Player_77,2,0,2
31,2,5,6,Player_31,Player_90,1,0,1
31,2,6,1,Player_25,Player_62,0,0,0
31,2,6,2,Player_37,Player_87,0,0,0
31,2,6,3,Player_34,Player_79,1,1,2
31,2,6,4,Player_4,Player_84,1,0,1
31,2,6,5,Player_26,Player_76,1,0,1
31,2,6,6,Player_46,Player_80,4,0,4
31,2,7,1,Player_18,Player_65,1,0,1
31,2,7,2,Player_25,Player_93,4,0,4
31,2,7,3,Player_35,Player_99,4,0,4
31,2,7,4,Player_37,Player_94,4,0,4
31,2,7,5,Player_19,Player_66,0,0,0
31,2,7,6,Player_13,Player_63,1,0,1
31,2,8,1,Player_48,Player_92,4,0,4
31,2,8,2,Player_18,Player_97,0,0,0
31,2,8,3,Player_38,Player_60,1,0,1
31,2,8,4,Player_26,Player_52,0,0,0
31,2,8,5,Player_29,Player_95,1,0,1
31,2,8,6,Player_9,Player_89,1,0,1
31,2,9,1,Player_2,Player_79,6,0,6
31,2,9,2,Player_13,Player_74,0,0,0
31,2,9,3,Player_44,Player_55,1,0,1
31,2,9,4,Player_8,Player_73,4,0,4
31,2,9,5,Player_21,Player_92,3,0,3
31,2,9,6,Player_42,Player_63,1,1,2
31,2,10,1,Player_31,Player_99,0,0,0
31,2,10,2,Player_15,Player_74,0,1,1
31,2,10,3,Player_25,Player_56,1,0,1
31,2,10,4,Player_21,Player_65,1,0,1
31,2,10,5,Player_32,Player_61,1,0,1
31,2,10,6,Player_8,Player_74,3,0,3
31,2,11,1,Player_38,Player_88,6,0,6
31,2,11,2,Player_22,Player_89,1,0,1
31,2,11,3,Player_17,Player_67,1,0,1
31,2,11,4,Player_49,Player_62,0,0,0
31,2,11,5,Player_21,Player_65,0,0,0
31,2,11,6,Player_38,Player_57,3,0,3
31,2,12,1,Player_24,Player_76,1,0,1
31,2,12,2,Player_42,Player_86,1,0,1
31,2,12,3,Player_46,Player_91,2,0,2
31,2,12,4,Player_39,Player_64,2,0,2
31,2,12,5,Player_12,Player_67,1,0,1
31,2,12,6,Player_24,Player_87,1,0,1
31,2,13,1,Player_4,Player_66,0,0,0
31,2,13,2,Player_7,Player_93,1,0,1
31,2,13,3,Player_49,Player_94,2,0,2
31,2,13,4,Player_44,Player_93,1,0,1
31,2,13,5,Player_16,Player_83,6,0,6
31,2,13,6,Player_5,Player_82,0,0,0
31,2,14,1,Player_23,Player_52,0,0,0
31,2,14,2,Player_48,Player_88,3,0,3
31,2,14,3,Player_22,Player_98,6,0,6
31,2,14,4,Player_21,Player_68,2,0,2
31,2,14,5,Player_2,Player_98,0,0,0
31,2,14,6,Player_24,Player_67,0,0,0
31,2,15,1,Player_49,Player_80,1,0,1
31,2,15,2,Player_5,Player_80,1,0,1
31,2,15,3,Player_1,Player_52,0,0,0
31,2,15,4,Player_43,Player_70,3,0,3
31,2,15,5,Player_5,Player_59,0,0,0
31,2,15,6,Player_39,Player_97,1,0,1
31,2,16,1,Player_42,Player_92,2,0,2
31,2,16,2,Player_47,Player_88,1,0,1
31,2,16,3,Player_46,Player_98,1,0,1
31,2,16,4,Player_32,Player_59,1,0,1
31,2,16,5,Player_27,Player_98,0,0,0
31,2,16,6,Player_32,Player_55,1,0,1
31,2,17,1,Player_25,Player_56,1,0,1
31,2,17,2,Player_2,Player_66,0,0,0
31,2,17,3,Player_8,Player_54,6,0,6
31,2,17,4,Player_5,Player_52,1,0,1
31,2,17,5,Player_13,Player_69,2,0,2
31,2,17,6,Player_8,Player_79,2,0,2
31,2,18,1,Player_10,Player_82,0,0,0
31,2,18,2,Player_33,Player_58,1,0,1
31,2,18,3,Player_6,Player_54,2,0,2
31,2,18,4,Player_10,Player_80,0,0,0
31,2,18,5,Player_4,Player_95,0,0,0
31,2,18,6,Player_35,Player_91,0,0,0
31,2,19,1,Player_2,Player_51,0,0,0
31,2,19,2,Player_39,Player_68,0,1,1
31,2,19,3,Player_44,Player_55,0,0,0
31,2,19,4,Player_45,Player_96,2,0,2
31,2,19,5,Player_30,Player_60,0,0,0
31,2,19,6,Player_38,Player_52,1,0,1
31,2,20,1,Player_5,Player_73,2,0,2
31,2,20,2,Player_23,Player_59,0,0,0
31,2,20,3,Player_28,Player_88,0,0,0
31,2,20,4,Player_26,Player_74,1,0,1
31,2,20,5,Player_29,Player_93,0,0,0
31,2,20,6,Player_16,Player_89,0,0,0
32,1,1,1,Player_10,Player_87,1,0,1
32,1,1,2,Player_42,Player_51,0,0,0
32,1,1,3,Player_48,Player_88,6,0,6
32,1,1,4,Player_6,Player_79,0,0,0
32,1,1,5,Player_18,Player_92,0,0,0
32,1,1,6,Player_19,Player_72,1,0,1
32,1,2,1,Player_24,Player_55,2,0,2
32,1,2,2,Player_4,Player_97,0,1,1
32,1,2,3,Player_13,Player_89,1,0,1
32,1,2,4,Player_39,Player_66,1,0,1
32,1,2,5,Player_34,Player_70,1,0,1
32,1,2,6,Player_23,Player_74,3,0,3
32,1,3,1,Player_30,Player_75,1,0,1
32,1,3,2,Player_34,Player_74,1,0,1
32,1,3,3,Player_9,Player_64,0,1,1
32,1,3,4,Player_10,Player_86,0,0,0
32,1,3,5,Player_11,Player_97,4,0,4
32,1,3,6,Player_48,Player_94,0,0,0
32,1,4,1,Player_4,Player_96,6,0,6
32,1,4,2,Player_31,Player_80,0,0,0
32,1,4,3,Player_49,Player_80,4,0,4
32,1,4,4,Player_45,Player_93,0,0,0
32,1,4,5,Player_4,Player_77,0,0,0
32,1,4,6,Player_1,Player_61,3,0,3
32,1,5,1,Player_46,Player_95,1,0,1
32,1,5,2,Player_28,Player_66,1,0,1
32,1,5,3,Player_17,Player_87,2,0,2
32,1,5,4,Player_9,Player_93,0,0,0
32,1,5,5,Player_19,Player_97,1,0,1
32,1,5,6,Player_14,Player_97,1,0,1
32,1,6,1,Player_11,Player_54,0,0,0
32,1,6,2,Player_19,Player_75,0,0,0
32,1,6,3,Player_19,Player_93,2,0,2
32,1,6,4,Player_28,Player_86,1,0,1
32,1,6,5,Player_10,Player_83,0,0,0
32,1,6,6,Player_1,Player_81,0,0,0
32,1,7,1,Player_18,Player_79,1,0,1
32,1,7,2,Player_42,Player_63,0,0,0
32,1,7,3,Player_45,Player_86,1,0,1
32,1,7,4,Player_42,Player_62,0,0,0
32,1,7,5,Player_10,Player_61,0,0,0
32,1,7,6,Player_2,Player_77,3,0,3
32,1,8,1,Player_7,Player_99,0,1,1
32,1,8,2,Player_39,Player_58,1,0,1
32,1,8,3,Player_38,Player_88,0,0,0
32,1,8,4,Player_40,Player_57,4,0,4
32,1,8,5,Player_35,Player_58,1,0,1
32,1,8,6,Player_21,Player_96,0,0,0
32,1,9,1,Player_30,Player_72,1,0,1
32,1,9,2,Player_33,Player_81,0,0,0
32,1,9,3,Player_30,Player_90,0,0,0
32,1,9,4,Player_25,Player_63,1,0,1
32,1,9,5,Player_45,Player_87,6,0,6
32,1,9,6,Player_32,Player_52,0,1,1
32,1,10,1,Player_23,Player_68,2,1,3
32,1,10,2,Player_47,Player_99,0,0,0
32,1,10,3,Player_8,Player_74,0,0,0
32,1,10,4,Player_11,Player_84,1,0,1
32,1,10,5,Player_49,Player_99,4,0,4
32,1,10,6,Player_3,Player_69,1,0,1
32,1,11,1,Player_20,Player_73,4,0,4
32,1,11,2,Player_25,Player_65,0,0,0
32,1,11,3,Player_28,Player_61,1,1,2
32,1,11,4,Player_15,Player_67,1,0,1
32,1,11,5,Player_43,Player_54,1,0,1
32,1,11,6,Player_37,Player_74,0,0,0
32,1,12,1,Player_41,Player_53,0,0,0
32,1,12,2,Player_39,Player_73,0,0,0
32,1,12,3,Player_25,Player_78,4,0,4
32,1,12,4,Player_28,Player_87,4,0,4
32,1,12,5,Player_4,Player_77,1,0,1
32,1,12,6,Player_28,Player_63,1,0,1
32,1,13,1,Player_41,Player_67,0,0,0
32,1,13,2,Player_42,Player_65,1,0,1
32,1,13,3,Player_38,Player_72,0,0,0
32,1,13,4,Player_43,Player_51,0,0,0
32,1,13,5,Player_42,Player_86,1,0,1
32,1,13,6,Player_23,Player_95,1,0,1
32,1,14,1,Player_15,Player_94,0,0,0
32,1,14,2,Player_47,Player_82,1,0,1
32,1,14,3,Player_41,Player_50,2,0,2
32,1,14,4,Player_28,Player_87,0,1,1
32,1,14,5,Player_37,Player_76,0,0,0
32,1,14,6,Player_27,Player_62,1,0,1
32,1,15,1,Player_27,Player_57,3,0,3
32,1,15,2,Player_42,Player_53,3,0,3
32,1,15,3,Player_12,Player_69,6,0,6
32,1,15,4,Player_8,Player_71,2,0,2
32,1,15,5,Player_17,Player_81,6,0,6
32,1,15,6,Player_6,Player_88,1,0,1
32,1,16,1,Player_16,Player_61,0,0,0
32,1,16,2,Player_27,Player_58,2,0,2
32,1,16,3,Player_26,Player_70,1,0,1
32,1,16,4,Player_23,Player_87,0,0,0
32,1,16,5,Player_37,Player_54,0,0,0
32,1,16,6,Player_48,Player_72,1,0,1
32,1,17,1,Player_46,Player_67,1,0,1
32,1,17,2,Player_39,Player_99,1,0,1
32,1,17,3,Player_27,Player_90,2,0,2
32,1,17,4,Player_10,Player_65,0,0,0
32,1,17,5,Player_20,Player_73,0,0,0
32,1,17,6,Player_24,Player_78,1,0,1
32,1,18,1,Player_35,Player_50,3,0,3
32,1,18,2,Player_23,Player_59,2,0,2
32,1,18,3,Player_30,Player_67,2,0,2
32,1,18,4,Player_38,Player_62,0,0,0
32,1,18,5,Player_13,Player_74,0,0,0
32,1,18,6,Player_6,Player_67,1,0,1
32,1,19,1,Player_37,Player_56,0,0,0
32,1,19,2,Player_46,Player_89,1,0,1
32,1,19,3,Player_12,Player_85,0,0,0
32,1,19,4,Player_22,Player_66,0,0,0
32,1,19,5,Player_15,Player_78,4,1,5
32,1,19,6,Player_27,Player_83,0,0,0
32,1,20,1,Player_18,Player_70,4,0,4
32,1,20,2,Player_20,Player_51,0,0,0
32,1,20,3,Player_21,Player_55,0,0,0
32,1,20,4,Player_1,Player_71,0,0,0
32,1,20,5,Player_30,Player_71,2,0,2
32,1,20,6,Player_4,Player_68,0,0,0
32,2,1,1,Player_33,Player_70,0,0,0
32,2,1,2,Player_42,Player_94,2,0,2
32,2,1,3,Player_28,Player_59,0,0,0
32,2,1,4,Player_47,Player_98,0,0,0
32,2,1,5,Player_29,Player_54,1,0,1
32,2,1,6,Player_41,Player_55,0,0,0
32,2,2,1,Player_18,Player_60,1,0,1
32,2,2,2,Player_11,Player_78,0,0,0
32,2,2,3,Player_27,Player_58,0,0,0
32,2,2,4,Player_44,Player_70,0,0,0
32,2,2,5,Player_27,Player_94,0,0,0
32,2,2,6,Player_38,Player_78,0,0,0
32,2,3,1,Player_44,Player_50,6,0,6
32,2,3,2,Player_49,Player_86,1,0,1
32,2,3,3,Player_35,Player_60,1,0,1
32,2,3,4,Player_40,Player_97,0,0,0
32,2,3,5,Player_24,Player_87,0,0,0
32,2,3,6,Player_33,Player_71,4,0,4
32,2,4,1,Player_14,Player_61,1,0,1
32,2,4,2,Player_24,Player_87,1,0,1
32,2,4,3,Player_48,Player_58,1,0,1
32,2,4,4,Player_24,Player_98,2,0,2
32,2,4,5,Player_43,Player_77,3,0,3
32,2,4,6,Player_3,Player_50,2,0,2
32,2,5,1,Player_16,Player_95,0,1,1
32,2,5,2,Player_4,Player_84,4,0,4
32,2,5,3,Player_13,Player_63,0,0,0
32,2,5,4,Player_22,Player_77,0,0,0
32,2,5,5,Player_29,Player_86,0,0,0
32,2,5,6,Player_20,Player_51,0,0,0
32,2,6,1,Player_30,Player_91,1,0,1
32,2,6,2,Player_29,Player_88,6,0,6
32,2,6,3,Player_29,Player_95,4,0,4
32,2,6,4,Player_16,Player_55,0,0,0
32,2,6,5,Player_32,Player_77,0,0,0
32,2,6,6,Player_22,Player_77,1,0,1
32,2,7,1,Player_34,Player_81,0,0,0
32,2,7,2,Player_25,Player_68,1,0,1
32,2,7,3,Player_30,Player_67,1,0,1
32,2,7,4,Player_32,Player_68,4,0,4
32,2,7,5,Player_38,Player_55,1,0,1
32,2,7,6,Player_42,Player_54,0,0,0
32,2,8,1,Player_22,Player_73,0,0,0
32,2,8,2,Player_37,Player_66,4,0,4
32,2,8,3,Player_5,Player_88,1,0,1
32,2,8,4,Player_42,Player_81,0,0,0
32,2,8,5,Player_6,Player_60,6,0,6
32,2,8,6,Player_35,Player_65,2,0,2
32,2,9,1,Player_36,Player_93,1,1,2
32,2,9,2,Player_43,Player_92,0,0,0
32,2,9,3,Player_43,Player_51,4,0,4
32,2,9,4,Player_11,Player_65,2,0,2
32,2,9,5,Player_18,Player_74,0,0,0
32,2,9,6,Player_30,Player_98,2,0,2
32,2,10,1,Player_15,Player_78,1,0,1
32,2,10,2,Player_41,Player_68,0,0,0
32,2,10,3,Player_31,Player_53,0,0,0
32,2,10,4,Player_15,Player_69,0,0,0
32,2,10,5,Player_25,Player_76,0,0,0
32,2,10,6,Player_1,Player_84,0,0,0
32,2,11,1,Player_25,Player_89,1,0,1
32,2,11,2,Player_13,Player_96,1,0,1
32,2,11,3,Player_12,Player_60,0,0,0
32,2,11,4,Player_45,Player_65,0,0,0
32,2,11,5,Player_5,Player_90,0,0,0
32,2,11,6,Player_27,Player_53,1,0,1
32,2,12,1,Player_14,Player_88,2,0,2
32,2,12,2,Player_38,Player_88,1,0,1
32,2,12,3,Player_26,Player_71,0,0,0
32,2,12,4,Player_28,Player_70,0,0,0
32,2,12,5,Player_42,Player_57,1,0,1
32,2,12,6,Player_9,Player_82,4,0,4
32,2,13,1,Player_29,Player_80,2,0,2
32,2,13,2,Player_5,Player_80,0,0,0
32,2,13,3,Player_35,Player_62,1,0,1
32,2,13,4,Player_18,Player_82,1,0,1
32,2,13,5,Player_18,Player_95,1,0,1
32,2,13,6,Player_28,Player_58,4,0,4
32,2,14,1,Player_2,Player_55,1,0,1
32,2,14,2,Player_34,Player_94,4,0,4
32,2,14,3,Player_47,Player_71,1,0,1
32,2,14,4,Player_19,Player_85,0,0,0
32,2,14,5,Player_39,Player_71,0,0,0
32,2,14,6,Player_6,Player_82,1,0,1
32,2,15,1,Player_6,Player_77,6,0,6
32,2,15,2,Player_2,Player_89,0,0,0
32,2,15,3,Player_16,Player_53,3,0,3
32,2,15,4,Player_34,Player_71,1,1,2
32,2,15,5,Player_13,Player_93,1,0,1
32,2,15,6,Player_29,Player_82,0,0,0
32,2,16,1,Player_48,Player_56,1,0,1
32,2,16,2,Player_24,Player_68,1,0,1
32,2,16,3,Player_23,Player_94,1,0,1
32,2,16,4,Player_31,Player_76,0,0,0
32,2,16,5,Player_27,Player_64,0,0,0
32,2,16,6,Player_19,Player_96,0,0,0
32,2,17,1,Player_41,Player_72,0,0,0
32,2,17,2,Player_14,Player_83,0,0,0
32,2,17,3,Player_21,Player_99,0,0,0
32,2,17,4,Player_12,Player_91,2,0,2
32,2,17,5,Player_2,Player_71,1,0,1
32,2,17,6,Player_36,Player_56,1,0,1
32,2,18,1,Player_14,Player_92,1,0,1
32,2,18,2,Player_12,Player_80,1,0,1
32,2,18,3,Player_7,Player_95,0,0,0
32,2,18,4,Player_5,Player_57,0,0,0
32,2,18,5,Player_7,Player_68,1,0,1
32,2,18,6,Player_29,Player_72,1,0,1
32,2,19,1,Player_12,Player_99,1,1,2
32,2,19,2,Player_19,Player_94,1,0,1
32,2,19,3,Player_38,Player_82,1,0,1
32,2,19,4,Player_31,Player_57,0,0,0
32,2,19,5,Player_46,Player_83,0,1,1
32,2,19,6,Player_22,Player_70,0,0,0
32,2,20,1,Player_42,Player_51,1,0,1
32,2,20,2,Player_7,Player_84,0,0,0
32,2,20,3,Player_20,Player_77,0,0,0
32,2,20,4,Player_37,Player_58,1,0,1
32,2,20,5,Player_46,Player_99,0,0,0
32,2,20,6,Player_40,Player_52,1,0,1
33,1,1,1,Player_47,Player_59,4,0,4
33,1,1,2,Player_47,Player_72,0,0,0
33,1,1,3,Player_27,Player_80,1,0,1
33,1,1,4,Player_40,Player_70,3,0,3
33,1,1,5,Player_38,Player_80,1,0,1
33,1,1,6,Player_46,Player_92,6,0,6
33,1,2,1,Player_30,Player_59,0,0,0
33,1,2,2,Player_18,Player_94,2,0,2
33,1,2,3,Player_14,Player_88,0,0,0
33,1,2,4,Player_16,Player_59,6,0,6
33,1,2,5,Player_1,Player_54,0,0,0
33,1,2,6,Player_19,Player_86,2,0,2
33,1,3,1,Player_24,Player_92,0,0,0
33,1,3,2,Player_4,Player_81,6,0,6
33,1,3,3,Player_3,Player_88,1,0,1
33,1,3,4,Player_24,Player_50,2,0,2
33,1,3,5,Player_12,Player_66,0,0,0
33,1,3,6,Player_28,Player_74,0,0,0
33,1,4,1,Player_30,Player_81,4,0,4
33,1,4,2,Player_34,Player_92,0,0,0
33,1,4,3,Player_13,Player_79,0,0,0
33,1,4,4,Player_39,Player_52,0,0,0
33,1,4,5,Player_45,Player_87,3,0,3
33,1,4,6,Player_24,Player_66,0,0,0
33,1,5,1,Player_21,Player_73,0,0,0
33,1,5,2,Player_27,Player_88,0,0,0
33,1,5,3,Player_42,Player_70,1,0,1
33,1,5,4,Player_30,Player_82,0,0,0
33,1,5,5,Player_16,Player_98,3,0,3
33,1,5,6,Player_42,Player_88,3,0,3
33,1,6,1,Player_47,Player_66,1,0,1
33,1,6,2,Player_42,Player_54,0,0,0
33,1,6,3,Player_14,Player_64,0,0,0
33,1,6,4,Player_20,Player_75,1,0,1
33,1,6,5,Player_48,Player_71,0,0,0
33,1,6,6,Player_20,Player_77,2,0,2
33,1,7,1,Player_28,Player_84,4,0,4
33,1,7,2,Player_39,Player_91,1,1,2
33,1,7,3,Player_45,Player_59,1,0,1
33,1,7,4,Player_28,Player_78,0,0,0
33,1,7,5,Player_2,Player_71,0,0,0
33,1,7,6,Player_22,Player_59,0,0,0
33,1,8,1,Player_24,Player_76,1,0,1
33,1,8,2,Player_10,Player_66,0,0,0
33,1,8,3,Player_17,Player_75,2,0,2
33,1,8,4,Player_27,Player_70,4,0,4
33,1,8,5,Player_7,Player_93,2,0,2
33,1,8,6,Player_13,Player_62,6,0,6
33,1,9,1,Player_29,Player_93,1,0,1
33,1,9,2,Player_10,Player_74,3,0,3
33,1,9,3,Player_28,Player_61,4,0,4
33,1,9,4,Player_29,Player_94,6,0,6
33,1,9,5,Player_26,Player_52,3,0,3
33,1,9,6,Player_27,Player_95,1,1,2
33,1,10,1,Player_6,Player_58,0,1,1
33,1,10,2,Player_29,Player_92,0,0,0
33,1,10,3,Player_22,Player_95,0,0,0
33,1,10,4,Player_15,Player_68,4,0,4
33,1,10,5,Player_8,Player_69,0,0,0
33,1,10,6,Player_43,Player_88,0,0,0
33,1,11,1,Player_1,Player_80,3,0,3
33,1,11,2,Player_40,Player_93,1,0,1
33,1,11,3,Player_41,Player_88,1,0,1
33,1,11,4,Player_15,Player_86,0,0,0
33,1,11,5,Player_5,Player_60,0,0,0
33,1,11,6,Player_15,Player_56,0,0,0
33,1,12,1,Player_14,Player_73,0,0,0
33,1,12,2,Player_20,Player_95,2,0,2
33,1,12,3,Player_21,Player_97,0,0,0
33,1,12,4,Player_25,Player_76,0,0,0
33,1,12,5,Player_35,Player_50,0,0,0
33,1,12,6,Player_39,Player_67,0,0,0
33,1,13,1,Player_32,Player_50,6,0,6
33,1,13,2,Player_48,Player_61,0,0,0
33,1,13,3,Player_13,Player_61,0,0,0
33,1,13,4,Player_6,Player_97,1,0,1
33,1,13,5,Player_28,Player_68,3,0,3
33,1,13,6,Player_48,Player_78,2,0,2
33,1,14,1,Player_35,Player_96,1,0,1
33,1,14,2,Player_20,Player_86,0,0,0
33,1,14,3,Player_12,Player_98,0,0,0
33,1,14,4,Player_17,Player_76,4,0,4
33,1,14,5,Player_31,Player_75,1,0,1
33,1,14,6,Player_20,Player_83,1,0,1
33,1,15,1,Player_37,Player_76,1,0,1
33,1,15,2,Player_21,Player_65,0,0,0
33,1,15,3,Player_5,Player_76,4,0,4
33,1,15,4,Player_23,Player_64,1,0,1
33,1,15,5,Player_18,Player_75,2,0,2
33,1,15,6,Player_29,Player_58,4,0,4
33,1,16,1,Player_22,Player_57,2,0,2
33,1,16,2,Player_8,Player_93,2,1,3
33,1,16,3,Player_34,Player_74,1,0,1
33,1,16,4,Player_13,Player_64,4,0,4
33,1,16,5,Player_33,Player_80,0,0,0
33,1,16,6,Player_23,Player_87,2,0,2
33,1,17,1,Player_23,Player_83,0,0,0
33,1,17,2,Player_22,Player_96,1,0,1
33,1,17,3,Player_16,Player_79,4,0,4
33,1,17,4,Player_37,Player_72,1,0,1
33,1,17,5,Player_10,Player_83,0,0,0
33,1,17,6,Player_18,Player_76,1,0,1
33,1,18,1,Player_10,Player_60,0,0,0
33,1,18,2,Player_14,Player_62,0,0,0
33,1,18,3,Player_15,Player_77,1,0,1
33,1,18,4,Player_14,Player_79,0,0,0
33,1,18,5,Player_14,Player_50,1,0,1
33,1,18,6,Player_36,Player_81,4,0,4
33,1,19,1,Player_8,Player_74,4,0,4
33,1,19,2,Player_37,Player_65,0,0,0
33,1,19,3,Player_42,Player_59,2,0,2
33,1,19,4,Player_37,Player_50,6,0,6
33,1,19,5,Player_23,Player_73,2,0,2
33,1,19,6,Player_8,Player_57,6,0,6
33,1,20,1,Player_32,Player_53,0,0,0
33,1,20,2,Player_9,Player_95,0,0,0
33,1,20,3,Player_26,Player_76,1,0,1
33,1,20,4,Player_31,Player_68,4,0,4
33,1,20,5,Player_11,Player_90,4,0,4
33,1,20,6,Player_40,Player_71,0,0,0
33,2,1,1,Player_40,Player_95,2,0,2
33,2,1,2,Player_47,Player_73,2,0,2
33,2,1,3,Player_29,Player_72,1,0,1
33,2,1,4,Player_45,Player_76,4,0,4
33,2,1,5,Player_18,Player_84,0,0,0
33,2,1,6,Player_26,Player_88,1,0,1
33,2,2,1,Player_20,Player_78,2,0,2
33,2,2,2,Player_5,Player_97,1,0,1
33,2,2,3,Player_11,Player_99,0,0,0
33,2,2,4,Player_3,Player_54,0,0,0
33,2,2,5,Player_12,Player_88,1,0,1
33,2,2,6,Player_33,Player_64,0,0,0
33,2,3,1,Player_37,Player_98,2,0,2
33,2,3,2,Player_1,Player_53,0,0,0
33,2,3,3,Player_5,Player_58,0,0,0
33,2,3,4,Player_7,Player_71,1,0,1
33,2,3,5,Player_46,Player_84,1,0,1
33,2,3,6,Player_31,Player_67,2,0,2
33,2,4,1,Player_15,Player_56,0,0,0
33,2,4,2,Player_12,Player_57,6,0,6
33,2,4,3,Player_31,Player_66,0,0,0
33,2,4,4,Player_31,Player_55,0,1,1
33,2,4,5,Player_40,Player_85,1,0,1
33,2,4,6,Player_28,Player_64,1,0,1
33,2,5,1,Player_18,Player_80,4,0,4
33,2,5,2,Player_17,Player_68,1,1,2
33,2,5,3,Player_39,Player_87,6,0,6
33,2,5,4,Player_26,Player_60,0,0,0
33,2,5,5,Player_22,Player_66,2,0,2
33,2,5,6,Player_47,Player_76,0,0,0
33,2,6,1,Player_12,Player_62,2,0,2
33,2,6,2,Player_11,Player_90,0,0,0
33,2,6,3,Player_23,Player_85,1,0,1
33,2,6,4,Player_12,Player_78,0,0,0
33,2,6,5,Player_10,Player_83,1,0,1
33,2,6,6,Player_26,Player_56,1,0,1
33,2,7,1,Player_20,Player_80,1,0,1
33,2,7,2,Player_42,Player_68,0,0,0
33,2,7,3,Player_22,Player_99,2,0,2
33,2,7,4,Player_10,Player_96,3,0,3
33,2,7,5,Player_42,Player_76,0,0,0
33,2,7,6,Player_14,Player_83,1,0,1
33,2,8,1,Player_33,Player_84,0,0,0
33,2,8,2,Player_7,Player_95,1,0,1
33,2,8,3,Player_5,Player_96,0,0,0
33,2,8,4,Player_25,Player_73,2,0,2
33,2,8,5,Player_32,Player_57,2,0,2
33,2,8,6,Player_46,Player_65,3,0,3
33,2,9,1,Player_8,Player_83,0,0,0
33,2,9,2,Player_43,Player_99,4,0,4
33,2,9,3,Player_15,Player_72,1,0,1
33,2,9,4,Player_40,Player_72,0,0,0
33,2,9,5,Player_10,Player_76,1,0,1
33,2,9,6,Player_8,Player_55,3,0,3
33,2,10,1,Player_40,Player_69,0,0,0
33,2,10,2,Player_20,Player_98,0,0,0
33,2,10,3,Player_44,Player_54,4,0,4
33,2,10,4,Player_34,Player_79,4,0,4
33,2,10,5,Player_9,Player_71,2,0,2
33,2,10,6,Player_2,Player_70,1,0,1
33,2,11,1,Player_41,Player_66,0,0,0
33,2,11,2,Player_8,Player_86,1,0,1
33,2,11,3,Player_1,Player_58,0,0,0
33,2,11,4,Player_15,Player_73,1,0,1
33,2,11,5,Player_29,Player_95,0,0,0
33,2,11,6,Player_4,Player_59,0,0,0
33,2,12,1,Player_10,Player_82,0,0,0
33,2,12,2,Player_23,Player_93,4,0,4
33,2,12,3,Player_13,Player_67,0,0,0
33,2,12,4,Player_48,Player_87,3,0,3
33,2,12,5,Player_41,Player_59,0,0,0
33,2,12,6,Player_43,Player_78,2,0,2
33,2,13,1,Player_23,Player_99,0,0,0
33,2,13,2,Player_45,Player_62,0,0,0
33,2,13,3,Player_1,Player_67,0,0,0
33,2,13,4,Player_24,Player_66,2,0,2
33,2,13,5,Player_40,Player_77,1,0,1
33,2,13,6,Player_17,Player_58,0,0,0
33,2,14,1,Player_11,Player_79,0,0,0
33,2,14,2,Player_7,Player_69,0,0,0
33,2,14,3,Player_35,Player_59,0,0,0
33,2,14,4,Player_5,Player_89,0,0,0
33,2,14,5,Player_34,Player_73,1,0,1
33,2,14,6,Player_13,Player_89,0,0,0
33,2,15,1,Player_31,Player_81,0,0,0
33,2,15,2,Player_30,Player_92,0,0,0
33,2,15,3,Player_26,Player_85,0,0,0
33,2,15,4,Player_2,Player_92,2,0,2
33,2,15,5,Player_48,Player_54,2,0,2
33,2,15,6,Player_16,Player_68,2,0,2
33,2,16,1,Player_27,Player_67,0,0,0
33,2,16,2,Player_30,Player_75,0,0,0
33,2,16,3,Player_41,Player_90,1,0,1
33,2,16,4,Player_47,Player_57,1,0,1
33,2,16,5,Player_31,Player_76,1,0,1
33,2,16,6,Player_5,Player_79,0,0,0
33,2,17,1,Player_31,Player_65,1,0,1
33,2,17,2,Player_39,Player_78,0,1,1
33,2,17,3,Player_44,Player_94,4,0,4
33,2,17,4,Player_31,Player_51,0,0,0
33,2,17,5,Player_48,Player_51,0,0,0
33,2,17,6,Player_30,Player_57,0,0,0
33,2,18,1,Player_13,Player_89,6,0,6
33,2,18,2,Player_32,Player_63,1,0,1
33,2,18,3,Player_49,Player_71,0,0,0
33,2,18,4,Player_3,Player_82,0,0,0
33,2,18,5,Player_32,Player_89,1,0,1
33,2,18,6,Player_32,Player_73,2,1,3
33,2,19,1,Player_18,Player_60,1,0,1
33,2,19,2,Player_29,Player_70,1,0,1
33,2,19,3,Player_7,Player_87,1,0,1
33,2,19,4,Player_42,Player_81,6,0,6
33,2,19,5,Player_5,Player_69,1,0,1
33,2,19,6,Player_4,Player_70,6,0,6
33,2,20,1,Player_4,Player_71,0,0,0
33,2,20,2,Player_3,Player_95,1,0,1
33,2,20,3,Player_30,Player_61,0,0,0
33,2,20,4,Player_41,Player_51,0,0,0
33,2,20,5,Player_28,Player_89,1,0,1
33,2,20,6,Player_18,Player_61,1,0,1
34,1,1,1,Player_40,Player_74,1,0,1
34,1,1,2,Player_14,Player_86,1,0,1
34,1,1,3,Player_9,Player_63,1,0,1
34,1,1,4,Player_34,Player_95,4,0,4
34,1,1,5,Player_12,Player_65,0,0,0
34,1,1,6,Player_39,Player_51,1,0,1
34,1,2,1,Player_1,Player_90,0,0,0
34,1,2,2,Player_46,Player_85,1,0,1
34,1,2,3,Player_15,Player_69,2,0,2
34,1,2,4,Player_45,Player_53,1,0,1
34,1,2,5,Player_42,Player_51,0,0,0
34,1,2,6,Player_13,Player_55,1,0,1
34,1,3,1,Player_22,Player_92,1,0,1
34,1,3,2,Player_6,Player_66,4,0,4
34,1,3,3,Player_37,Player_96,0,0,0
34,1,3,4,Player_10,Player_75,6,0,6
34,1,3,5,Player_31,Player_82,0,0,0
34,1,3,6,Player_33,Player_58,0,0,0
34,1,4,1,Player_18,Player_56,1,0,1
34,1,4,2,Player_19,Player_54,1,0,1
34,1,4,3,Player_15,Player_75,1,0,1
34,1,4,4,Player_9,Player_77,0,0,0
34,1,4,5,Player_40,Player_70,1,0,1
34,1,4,6,Player_11,Player_86,1,0,1
34,1,5,1,Player_10,Player_89,4,0,4
34,1,5,2,Player_37,Player_99,0,0,0
34,1,5,3,Player_7,Player_61,0,0,0
34,1,5,4,Player_47,Player_79,0,0,0
34,1,5,5,Player_49,Player_54,0,0,0
34,1,5,6,Player_34,Player_54,2,0,2
34,1,6,1,Player_48,Player_96,1,0,1
34,1,6,2,Player_47,Player_77,4,0,4
34,1,6,3,Player_35,Player_90,2,0,2
34,1,6,4,Player_47,Player_93,1,0,1
34,1,6,5,Player_3,Player_77,0,0,0
34,1,6,6,Player_33,Player_71,2,0,2
34,1,7,1,Player_37,Player_69,0,0,0
34,1,7,2,Player_30,Player_80,0,0,0
34,1,7,3,Player_28,Player_60,3,0,3
34,1,7,4,Player_24,Player_59,6,0,6
34,1,7,5,Player_42,Player_81,3,0,3
34,1,7,6,Player_24,Player_81,0,0,0
34,1,8,1,Player_43,Player_65,4,0,4
34,1,8,2,Player_7,Player_96,0,0,0
34,1,8,3,Player_3,Player_50,0,0,0
34,1,8,4,Player_8,Player_81,2,0,2
34,1,8,5,Player_25,Player_70,2,0,2
34,1,8,6,Player_20,Player_75,0,0,0
34,1,9,1,Player_44,Player_78,1,0,1
34,1,9,2,Player_18,Player_60,0,0,0
34,1,9,3,Player_3,Player_52,1,0,1
34,1,9,4,Player_40,Player_53,2,0,2
34,1,9,5,Player_29,Player_54,6,0,6
34,1,9,6,Player_32,Player_85,1,0,1
34,1,10,1,Player_43,Player_85,0,0,0
34,1,10,2,Player_32,Player_51,1,0,1
34,1,10,3,Player_18,Player_71,0,0,0
34,1,10,4,Player_42,Player_85,4,0,4
34,1,10,5,Player_10,Player_68,1,0,1
34,1,10,6,Player_47,Player_91,0,0,0
34,1,11,1,Player_6,Player_72,2,1,3
34,1,11,2,Player_5,Player_81,1,0,1
34,1,11,3,Player_4,Player_72,0,0,0
34,1,11,4,Player_21,Player_71,0,0,0
34,1,11,5,Player_18,Player_56,0,0,0
34,1,11,6,Player_30,Player_93,0,0,0
34,1,12,1,Player_9,Player_80,0,0,0
34,1,12,2,Player_23,Player_61,0,0,0
34,1,12,3,Player_35,Player_96,1,0,1
34,1,12,4,Player_15,Player_57,0,0,0
34,1,12,5,Player_30,Player_91,1,0,1
34,1,12,6,Player_22,Player_68,4,0,4
34,1,13,1,Player_10,Player_71,0,0,0
34,1,13,2,Player_7,Player_69,1,0,1
34,1,13,3,Player_13,Player_73,4,0,4
34,1,13,4,Player_23,Player_66,3,0,3
34,1,13,5,Player_10,Player_80,6,0,6
34,1,13,6,Player_14,Player_52,1,0,1
34,1,14,1,Player_20,Player_84,1,0,1
34,1,14,2,Player_8,Player_86,1,1,2
34,1,14,3,Player_41,Player_94,0,0,0
34,1,14,4,Player_7,Player_83,0,0,0
34,1,14,5,Player_30,Player_74,0,0,0
34,1,14,6,Player_39,Player_77,6,0,6
34,1,15,1,Player_32,Player_74,1,0,1
34,1,15,2,Player_18,Player_56,0,1,1
34,1,15,3,Player_9,Player_84,1,0,1
34,1,15,4,Player_1,Player_69,0,0,0
34,1,15,5,Player_38,Player_52,4,0,4
34,1,15,6,Player_17,Player_84,1,0,1
34,1,16,1,Player_45,Player_51,0,0,0
34,1,16,2,Player_44,Player_58,3,0,3
34,1,16,3,Player_1,Player_88,1,0,1
34,1,16,4,Player_24,Player_58,0,0,0
34,1,16,5,Player_21,Player_51,6,0,6
34,1,16,6,Player_39,Player_79,0,0,0
34,1,17,1,Player_43,Player_59,1,1,2
34,1,17,2,Player_21,Player_71,1,0,1
34,1,17,3,Player_10,Player_92,0,0,0
34,1,17,4,Player_37,Player_68,3,0,3
34,1,17,5,Player_30,Player_91,0,0,0
34,1,17,6,Player_47,Player_91,0,0,0
34,1,18,1,Player_39,Player_64,0,0,0
34,1,18,2,Player_36,Player_99,0,0,0
34,1,18,3,Player_37,Player_76,0,0,0
34,1,18,4,Player_45,Player_90,0,0,0
34,1,18,5,Player_33,Player_92,0,0,0
34,1,18,6,Player_41,Player_89,2,0,2
34,1,19,1,Player_32,Player_92,0,0,0
34,1,19,2,Player_4,Player_78,3,0,3
34,1,19,3,Player_47,Player_56,0,0,0
34,1,19,4,Player_9,Player_72,1,0,1
34,1,19,5,Player_44,Player_80,1,0,1
34,1,19,6,Player_38,Player_54,1,0,1
34,1,20,1,Player_31,Player_67,0,0,0
34,1,20,2,Player_36,Player_60,2,0,2
34,1,20,3,Player_18,Player_99,3,0,3
34,1,20,4,Player_23,Player_81,1,0,1
34,1,20,5,Player_22,Player_76,1,0,1
34,1,20,6,Player_14,Player_61,0,0,0
34,2,1,1,Player_29,Player_74,1,0,1
34,2,1,2,Player_2,Player_72,4,0,4
34,2,1,3,Player_6,Player_67,1,0,1
34,2,1,4,Player_41,Player_83,1,1,2
34,2,1,5,Player_18,Player_79,4,0,4
34,2,1,6,Player_41,Player_90,0,0,0
34,2,2,1,Player_36,Player_94,1,0,1
34,2,2,2,Player_4,Player_93,0,0,0
34,2,2,3,Player_16,Player_51,0,0,0
34,2,2,4,Player_19,Player_77,0,0,0
34,2,2,5,Player_49,Player_98,1,0,1
34,2,2,6,Player_41,Player_66,0,0,0
34,2,3,1,Player_2,Player_73,0,0,0
34,2,3,2,Player_12,Player_68,1,0,1
34,2,3,3,Player_43,Player_58,1,0,1
34,2,3,4,Player_48,Player_97,0,0,0
34,2,3,5,Player_28,Player_84,0,1,1
34,2,3,6,Player_48,Player_71,2,0,2
34,2,4,1,Player_36,Player_56,2,0,2
34,2,4,2,Player_18,Player_53,1,0,1
34,2,4,3,Player_39,Player_84,1,0,1
34,2,4,4,Player_47,Player_89,0,0,0
34,2,4,5,Player_10,Player_92,1,0,1
34,2,4,6,Player_4,Player_54,2,0,2
34,2,5,1,Player_20,Player_55,0,0,0
34,2,5,2,Player_3,Player_65,0,0,0
34,2,5,3,Player_47,Player_83,1,0,1
34,2,5,4,Player_16,Player_98,2,0,2
34,2,5,5,Player_35,Player_79,6,0,6
34,2,5,6,Player_21,Player_81,6,0,6
34,2,6,1,Player_23,Player_79,0,0,0
34,2,6,2,Player_14,Player_70,1,0,1
34,2,6,3,Player_45,Player_80,2,0,2
34,2,6,4,Player_48,Player_53,0,0,0
34,2,6,5,Player_11,Player_78,1,0,1
34,2,6,6,Player_11,Player_70,1,0,1
34,2,7,1,Player_35,Player_61,0,0,0
34,2,7,2,Player_48,Player_54,4,0,4
34,2,7,3,Player_12,Player_68,0,0,0
34,2,7,4,Player_23,Player_79,4,0,4
34,2,7,5,Player_37,Player_86,0,0,0
34,2,7,6,Player_28,Player_65,4,0,4
34,2,8,1,Player_48,Player_74,0,0,0
34,2,8,2,Player_23,Player_78,4,0,4
34,2,8,3,Player_27,Player_73,0,1,1
34,2,8,4,Player_1,Player_57,4,0,4
34,2,8,5,Player_27,Player_53,0,0,0
34,2,8,6,Player_11,Player_57,0,0,0
34,2,9,1,Player_25,Player_73,1,0,1
34,2,9,2,Player_27,Player_78,0,1,1
34,2,9,3,Player_14,Player_54,1,0,1
34,2,9,4,Player_28,Player_94,0,0,0
34,2,9,5,Player_28,Player_85,0,0,0
34,2,9,6,Player_12,Player_56,4,0,4
34,2,10,1,Player_1,Player_73,0,0,0
34,2,10,2,Player_32,Player_79,1,0,1
34,2,10,3,Player_21,Player_68,0,0,0
34,2,10,4,Player_30,Player_72,0,0,0
34,2,10,5,Player_3,Player_80,2,0,2
34,2,10,6,Player_38,Player_68,4,0,4
34,2,11,1,Player_17,Player_94,0,0,0
34,2,11,2,Player_20,Player_62,6,0,6
34,2,11,3,Player_42,Player_77,1,0,1
34,2,11,4,Player_29,Player_72,0,0,0
34,2,11,5,Player_32,Player_59,3,0,3
34,2,11,6,Player_11,Player_56,2,0,2
34,2,12,1,Player_38,Player_83,2,0,2
34,2,12,2,Player_16,Player_88,0,0,0
34,2,12,3,Player_23,Player_99,4,0,4
34,2,12,4,Player_42,Player_89,1,0,1
34,2,12,5,Player_11,Player_92,1,0,1
34,2,12,6,Player_47,Player_57,6,0,6
34,2,13,1,Player_3,Player_93,2,0,2
34,2,13,2,Player_30,Player_98,6,0,6
34,2,13,3,Player_33,Player_74,2,0,2
34,2,13,4,Player_38,Player_93,1,0,1
34,2,13,5,Player_18,Player_65,0,0,0
34,2,13,6,Player_14,Player_66,0,0,0
34,2,14,1,Player_6,Player_55,1,0,1
34,2,14,2,Player_46,Player_63,0,0,0
34,2,14,3,Player_17,Player_91,1,0,1
34,2,14,4,Player_30,Player_92,1,0,1
34,2,14,5,Player_23,Player_85,1,0,1
34,2,14,6,Player_17,Player_81,1,0,1
34,2,15,1,Player_27,Player_76,0,0,0
34,2,15,2,Player_14,Player_97,0,0,0
34,2,15,3,Player_30,Player_74,0,0,0
34,2,15,4,Player_11,Player_77,2,0,2
34,2,15,5,Player_26,Player_55,6,0,6
34,2,15,6,Player_6,Player_62,0,0,0
34,2,16,1,Player_34,Player_72,1,0,1
34,2,16,2,Player_48,Player_50,0,0,0
34,2,16,3,Player_17,Player_79,1,0,1
34,2,16,4,Player_34,Player_76,0,0,0
34,2,16,5,Player_35,Player_58,0,0,0
34,2,16,6,Player_39,Player_76,4,0,4
34,2,17,1,Player_24,Player_64,0,0,0
34,2,17,2,Player_35,Player_97,1,0,1
34,2,17,3,Player_29,Player_72,0,0,0
34,2,17,4,Player_3,Player_75,0,0,0
34,2,17,5,Player_21,Player_58,0,0,0
34,2,17,6,Player_44,Player_95,0,0,0
34,2,18,1,Player_24,Player_87,2,0,2
34,2,18,2,Player_44,Player_97,0,0,0
34,2,18,3,Player_48,Player_75,1,0,1
34,2,18,4,Player_9,Player_52,2,0,2
34,2,18,5,Player_43,Player_67,0,0,0
34,2,18,6,Player_39,Player_82,1,0,1
34,2,19,1,Player_35,Player_51,4,0,4
34,2,19,2,Player_23,Player_54,1,0,1
34,2,19,3,Player_40,Player_77,0,1,1
34,2,19,4,Player_7,Player_71,6,0,6
34,2,19,5,Player_45,Player_81,2,0,2
34,2,19,6,Player_45,Player_53,3,0,3
34,2,20,1,Player_11,Player_58,1,0,1
34,2,20,2,Player_9,Player_87,1,0,1
34,2,20,3,Player_16,Player_58,0,0,0
34,2,20,4,Player_16,Player_74,0,0,0
34,2,20,5,Player_7,Player_83,4,0,4
34,2,20,6,Player_17,Player_62,1,0,1
35,1,1,1,Player_30,Player_53,0,0,0
35,1,1,2,Player_11,Player_89,2,0,2
35,1,1,3,Player_3,Player_91,6,0,6
35,1,1,4,Player_12,Player_50,4,0,4
35,1,1,5,Player_46,Player_59,4,0,4
35,1,1,6,Player_22,Player_65,3,1,4
35,1,2,1,Player_11,Player_63,0,0,0
35,1,2,2,Player_20,Player_69,1,0,1
35,1,2,3,Player_47,Player_59,0,0,0
35,1,2,4,Player_47,Player_83,1,1,2
35,1,2,5,Player_23,Player_85,4,0,4
35,1,2,6,Player_45,Player_51,3,0,3
35,1,3,1,Player_2,Player_98,0,0,0
35,1,3,2,Player_38,Player_98,0,0,0
35,1,3,3,Player_43,Player_81,0,0,0
35,1,3,4,Player_2,Player_53,0,0,0
35,1,3,5,Player_7,Player_71,1,0,1
35,1,3,6,Player_20,Player_84,0,1,1
35,1,4,1,Player_45,Player_63,1,0,1
35,1,4,2,Player_30,Player_78,0,0,0
35,1,4,3,Player_7,Player_81,0,0,0
35,1,4,4,Player_14,Player_55,0,0,0
35,1,4,5,Player_21,Player_93,1,0,1
35,1,4,6,Player_1,Player_59,0,0,0
35,1,5,1,Player_35,Player_80,0,0,0
35,1,5,2,Player_2,Player_93,6,0,6
35,1,5,3,Player_48,Player_50,0,0,0
35,1,5,4,Player_11,Player_82,1,0,1
35,1,5,5,Player_34,Player_95,0,0,0
35,1,5,6,Player_22,Player_75,1,0,1
35,1,6,1,Player_37,Player_54,1,0,1
35,1,6,2,Player_44,Player_71,1,0,1
35,1,6,3,Player_15,Player_66,0,0,0
35,1,6,4,Player_25,Player_70,1,0,1
35,1,6,5,Player_32,Player_52,4,0,4
35,1,6,6,Player_12,Player_78,1,0,1
35,1,7,1,Player_32,Player_69,1,0,1
35,1,7,2,Player_17,Player_68,4,0,4
35,1,7,3,Player_22,Player_51,0,0,0
35,1,7,4,Player_40,Player_78,4,0,4
35,1,7,5,Player_12,Player_77,0,0,0
35,1,7,6,Player_12,Player_74,1,0,1
35,1,8,1,Player_24,Player_57,0,0,0
35,1,8,2,Player_26,Player_94,1,0,1
35,1,8,3,Player_3,Player_50,0,0,0
35,1,8,4,Player_15,Player_86,3,0,3
35,1,8,5,Player_40,Player_84,1,0,1
35,1,8,6,Player_48,Player_75,1,0,1
35,1,9,1,Player_35,Player_60,2,0,2
35,1,9,2,Player_4,Player_66,0,0,0
35,1,9,3,Player_18,Player_74,1,0,1
35,1,9,4,Player_10,Player_85,1,1,2
35,1,9,5,Player_1,Player_65,1,0,1
35,1,9,6,Player_39,Player_99,0,0,0
35,1,10,1,Player_40,Player_54,4,0,4
35,1,10,2,Player_5,Player_54,0,0,0
35,1,10,3,Player_33,Player_71,3,1,4
35,1,10,4,Player_7,Player_72,0,0,0
35,1,10,5,Player_20,Player_75,2,0,2
35,1,10,6,Player_49,Player_62,1,0,1
35,1,11,1,Player_11,Player_86,3,1,4
35,1,11,2,Player_31,Player_74,1,0,1
35,1,11,3,Player_15,Player_54,1,0,1
35,1,11,4,Player_29,Player_89,0,0,0
35,1,11,5,Player_46,Player_89,1,0,1
35,1,11,6,Player_5,Player_82,0,0,0
35,1,12,1,Player_24,Player_77,1,0,1
35,1,12,2,Player_16,Player_84,0,0,0
35,1,12,3,Player_28,Player_50,0,0,0
35,1,12,4,Player_22,Player_53,0,0,0
35,1,12,5,Player_48,Player_56,0,0,0
35,1,12,6,Player_37,Player_99,0,0,0
35,1,13,1,Player_16,Player_64,0,0,0
35,1,13,2,Player_23,Player_94,0,0,0
35,1,13,3,Player_33,Player_97,4,0,4
35,1,13,4,Player_30,Player_67,0,0,0
35,1,13,5,Player_32,Player_63,4,0,4
35,1,13,6,Player_22,Player_69,1,0,1
35,1,14,1,Player_41,Player_79,0,0,0
35,1,14,2,Player_20,Player_68,1,0,1
35,1,14,3,Player_45,Player_87,1,0,1
35,1,14,4,Player_23,Player_79,3,0,3
35,1,14,5,Player_23,Player_82,4,0,4
35,1,14,6,Player_27,Player_55,0,1,1
35,1,15,1,Player_13,Player_82,2,0,2
35,1,15,2,Player_41,Player_91,1,0,1
35,1,15,3,Player_4,Player_83,1,0,1
35,1,15,4,Player_32,Player_72,1,0,1
35,1,15,5,Player_2,Player_70,6,0,6
35,1,15,6,Player_49,Player_76,1,0,1
35,1,16,1,Player_21,Player_71,1,0,1
35,1,16,2,Player_12,Player_66,6,0,6
35,1,16,3,Player_49,Player_89,0,0,0
35,1,16,4,Player_6,Player_74,4,0,4
35,1,16,5,Player_29,Player_85,3,0,3
35,1,16,6,Player_26,Player_67,4,1,5
35,1,17,1,Player_23,Player_90,0,0,0
35,1,17,2,Player_46,Player_97,2,0,2
35,1,17,3,Player_30,Player_93,1,0,1
35,1,17,4,Player_8,Player_84,0,0,0
35,1,17,5,Player_30,Player_84,0,0,0
35,1,17,6,Player_46,Player_80,0,0,0
35,1,18,1,Player_3,Player_97,1,0,1
35,1,18,2,Player_12,Player_50,0,0,0
35,1,18,3,Player_29,Player_96,0,0,0
35,1,18,4,Player_25,Player_65,0,0,0
35,1,18,5,Player_49,Player_54,0,0,0
35,1,18,6,Player_29,Player_64,2,0,2
35,1,19,1,Player_15,Player_73,4,0,4
35,1,19,2,Player_11,Player_67,1,0,1
35,1,19,3,Player_24,Player_88,0,0,0
35,1,19,4,Player_42,Player_56,0,0,0
35,1,19,5,Player_4,Player_86,0,0,0
35,1,19,6,Player_11,Player_80,0,0,0
35,1,20,1,Player_25,Player_96,2,0,2
35,1,20,2,Player_7,Player_77,0,0,0
35,1,20,3,Player_40,Player_92,1,0,1
35,1,20,4,Player_10,Player_93,1,0,1
35,1,20,5,Player_21,Player_70,0,0,0
35,1,20,6,Player_32,Player_90,0,0,0
35,2,1,1,Player_10,Player_89,2,0,2
35,2,1,2,Player_10,Player_64,1,0,1
35,2,1,3,Player_35,Player_76,0,0,0
35,2,1,4,Player_39,Player_81,2,0,2
35,2,1,5,Player_9,Player_99,4,0,4
35,2,1,6,Player_26,Player_83,0,0,0
35,2,2,1,Player_41,Player_56,1,0,1
35,2,2,2,Player_44,Player_63,0,0,0
35,2,2,3,Player_32,Player_90,0,0,0
35,2,2,4,Player_31,Player_51,6,0,6
35,2,2,5,Player_45,Player_83,2,0,2
35,2,2,6,Player_3,Player_64,3,0,3
35,2,3,1,Player_38,Player_71,1,0,1
35,2,3,2,Player_38,Player_64,1,0,1
35,2,3,3,Player_12,Player_91,0,0,0
35,2,3,4,Player_10,Player_92,1,0,1
35,2,3,5,Player_34,Player_98,1,0,1
35,2,3,6,Player_27,Player_52,0,0,0
35,2,4,1,Player_35,Player_99,3,0,3
35,2,4,2,Player_33,Player_91,1,0,1
35,2,4,3,Player_22,Player_71,1,0,1
35,2,4,4,Player_25,Player_61,4,0,4
35,2,4,5,Player_47,Player_75,0,0,0
35,2,4,6,Player_20,Player_92,1,0,1
35,2,5,1,Player_23,Player_96,3,0,3
35,2,5,2,Player_36,Player_55,0,0,0
35,2,5,3,Player_32,Player_79,0,0,0
35,2,5,4,Player_15,Player_92,0,0,0
35,2,5,5,Player_37,Player_51,1,0,1
35,2,5,6,Player_14,Player_56,0,0,0
35,2,6,1,Player_46,Player_88,6,0,6
35,2,6,2,Player_49,Player_74,0,0,0
35,2,6,3,Player_29,Player_67,4,0,4
35,2,6,4,Player_12,Player_87,1,0,1
35,2,6,5,Player_47,Player_82,0,0,0
35,2,6,6,Player_14,Player_85,2,0,2
35,2,7,1,Player_18,Player_91,4,0,4
35,2,7,2,Player_25,Player_69,1,0,1
35,2,7,3,Player_18,Player_57,1,0,1
35,2,7,4,Player_2,Player_84,0,0,0
35,2,7,5,Player_42,Player_60,0,0,0
35,2,7,6,Player_2,Player_92,1,0,1
35,2,8,1,Player_5,Player_70,0,0,0
35,2,8,2,Player_8,Player_70,4,0,4
35,2,8,3,Player_19,Player_78,2,0,2
35,2,8,4,Player_5,Player_81,1,0,1
35,2,8,5,Player_47,Player_82,0,0,0
35,2,8,6,Player_15,Player_84,3,0,3
35,2,9,1,Player_22,Player_66,0,0,0
35,2,9,2,Player_6,Player_52,0,0,0
35,2,9,3,Player_27,Player_71,6,0,6
35,2,9,4,Player_31,Player_92,1,0,1
35,2,9,5,Player_47,Player_90,1,0,1
35,2,9,6,Player_26,Player_76,4,0,4
35,2,10,1,Player_46,Player_80,2,0,2
35,2,10,2,Player_41,Player_74,1,0,1
35,2,10,3,Player_2,Player_61,1,0,1
35,2,10,4,Player_34,Player_63,3,0,3
35,2,10,5,Player_29,Player_65,1,0,1
35,2,10,6,Player_33,Player_78,1,0,1
35,2,11,1,Player_6,Player_51,0,0,0
35,2,11,2,Player_32,Player_85,6,0,6
35,2,11,3,Player_21,Player_50,6,0,6
35,2,11,4,Player_11,Player_86,1,0,1
35,2,11,5,Player_19,Player_54,2,0,2
35,2,11,6,Player_2,Player_66,0,0,0
35,2,12,1,Player_29,Player_81,0,0,0
35,2,12,2,Player_10,Player_74,0,0,0
35,2,12,3,Player_39,Player_75,0,0,0
35,2,12,4,Player_46,Player_77,6,0,6
35,2,12,5,Player_22,Player_99,0,0,0
35,2,12,6,Player_45,Player_57,0,0,0
35,2,13,1,Player_39,Player_61,6,0,6
35,2,13,2,Player_20,Player_83,1,0,1
35,2,13,3,Player_18,Player_73,1,0,1
35,2,13,4,Player_13,Player_81,1,0,1
35,2,13,5,Player_39,Player_76,2,0,2
35,2,13,6,Player_9,Player_70,4,0,4
35,2,14,1,Player_27,Player_57,1,0,1
35,2,14,2,Player_8,Player_98,2,0,2
35,2,14,3,Player_17,Player_62,0,0,0
35,2,14,4,Player_9,Player_76,1,0,1
35,2,14,5,Player_42,Player_71,1,1,2
35,2,14,6,Player_13,Player_50,4,0,4
35,2,15,1,Player_9,Player_88,0,0,0
35,2,15,2,Player_2,Player_67,1,0,1
35,2,15,3,Player_38,Player_63,1,0,1
35,2,15,4,Player_32,Player_80,1,0,1
35,2,15,5,Player_33,Player_82,1,0,1
35,2,15,6,Player_4,Player_79,1,1,2
35,2,16,1,Player_28,Player_81,2,0,2
35,2,16,2,Player_38,Player_91,4,0,4
35,2,16,3,Player_10,Player_71,4,0,4
35,2,16,4,Player_49,Player_95,1,1,2
35,2,16,5,Player_17,Player_80,0,0,0
35,2,16,6,Player_20,Player_98,3,0,3
35,2,17,1,Player_4,Player_73,1,0,1
35,2,17,2,Player_8,Player_71,4,0,4
35,2,17,3,Player_35,Player_81,0,0,0
35,2,17,4,Player_4,Player_72,2,0,2
35,2,17,5,Player_26,Player_56,0,0,0
35,2,17,6,Player_44,Player_75,4,0,4
35,2,18,1,Player_23,Player_87,0,0,0
35,2,18,2,Player_6,Player_94,1,0,1
35,2,18,3,Player_40,Player_94,0,0,0
35,2,18,4,Player_12,Player_66,4,0,4
35,2,18,5,Player_49,Player_87,4,0,4
35,2,18,6,Player_36,Player_93,0,0,0
35,2,19,1,Player_16,Player_73,2,0,2
35,2,19,2,Player_1,Player_76,0,0,0
35,2,19,3,Player_30,Player_91,0,0,0
35,2,19,4,Player_7,Player_80,2,0,2
35,2,19,5,Player_10,Player_71,1,0,1
35,2,19,6,Player_3,Player_73,0,0,0
35,2,20,1,Player_28,Player_84,3,0,3
35,2,20,2,Player_34,Player_67,2,0,2
35,2,20,3,Player_7,Player_53,3,0,3
35,2,20,4,Player_6,Player_69,0,0,0
35,2,20,5,Player_21,Player_67,1,0,1
35,2,20,6,Player_27,Player_87,1,0,1
36,1,1,1,Player_23,Player_92,4,0,4
36,1,1,2,Player_4,Player_68,2,0,2
36,1,1,3,Player_22,Player_58,0,0,0
36,1,1,4,Player_10,Player_85,1,0,1
36,1,1,5,Player_48,Player_68,3,0,3
36,1,1,6,Player_49,Player_73,4,0,4
36,1,2,1,Player_38,Player_88,0,0,0
36,1,2,2,Player_10,Player_50,0,0,0
36,1,2,3,Player_43,Player_98,4,0,4
36,1,2,4,Player_3,Player_88,0,0,0
36,1,2,5,Player_1,Player_54,1,0,1
36,1,2,6,Player_26,Player_92,0,0,0
36,1,3,1,Player_34,Player_90,0,0,0
36,1,3,2,Player_12,Player_58,0,0,0
36,1,3,3,Player_9,Player_99,1,0,1
36,1,3,4,Player_14,Player_85,3,0,3
36,1,3,5,Player_37,Player_90,1,0,1
36,1,3,6,Player_23,Player_65,0,0,0
36,1,4,1,Player_35,Player_97,0,0,0
36,1,4,2,Player_41,Player_54,4,1,5
36,1,4,3,Player_26,Player_93,0,0,0
36,1,4,4,Player_20,Player_88,1,0,1
36,1,4,5,Player_30,Player_51,2,0,2
36,1,4,6,Player_3,Player_57,2,0,2
36,1,5,1,Player_21,Player_54,0,0,0
36,1,5,2,Player_17,Player_86,1,0,1
36,1,5,3,Player_47,Player_89,2,0,2
36,1,5,4,Player_40,Player_50,1,0,1
36,1,5,5,Player_27,Player_96,0,0,0
36,1,5,6,Player_1,Player_63,1,1,2
36,1,6,1,Player_45,Player_76,0,0,0
36,1,6,2,Player_4,Player_86,2,1,3
36,1,6,3,Player_39,Player_59,0,0,0
36,1,6,4,Player_18,Player_61,0,0,0
36,1,6,5,Player_7,Player_64,1,0,1
36,1,6,6,Player_38,Player_82,2,0,2
36,1,7,1,Player_2,Player_74,0,0,0
36,1,7,2,Player_39,Player_53,4,0,4
36,1,7,3,Player_49,Player_76,0,0,0
36,1,7,4,Player_44,Player_69,4,0,4
36,1,7,5,Player_16,Player_60,4,0,4
36,1,7,6,Player_21,Player_64,0,0,0
36,1,8,1,Player_11,Player_81,6,0,6
36,1,8,2,Player_30,Player_59,3,1,4
36,1,8,3,Player_29,Player_50,0,0,0
36,1,8,4,Player_33,Player_87,1,0,1
36,1,8,5,Player_34,Player_66,4,0,4
36,1,8,6,Player_15,Player_66,1,0,1
36,1,9,1,Player_4,Player_51,0,0,0
36,1,9,2,Player_40,Player_82,1,0,1
36,1,9,3,Player_30,Player_71,1,0,1
36,1,9,4,Player_6,Player_75,0,0,0
36,1,9,5,Player_3,Player_55,1,0,1
36,1,9,6,Player_13,Player_87,0,0,0
36,1,10,1,Player_27,Player_57,6,0,6
36,1,10,2,Player_36,Player_87,1,1,2
36,1,10,3,Player_29,Player_71,0,0,0
36,1,10,4,Player_35,Player_72,0,0,0
36,1,10,5,Player_31,Player_77,1,0,1
36,1,10,6,Player_9,Player_78,6,0,6
36,1,11,1,Player_37,Player_96,0,0,0
36,1,11,2,Player_23,Player_77,1,0,1
36,1,11,3,Player_6,Player_91,0,0,0
36,1,11,4,Player_13,Player_99,0,0,0
36,1,11,5,Player_2,Player_85,0,1,1
36,1,11,6,Player_14,Player_76,0,0,0
36,1,12,1,Player_43,Player_82,1,0,1
36,1,12,2,Player_44,Player_97,4,0,4
36,1,12,3,Player_2,Player_78,0,0,0
36,1,12,4,Player_18,Player_58,1,0,1
36,1,12,5,Player_48,Player_63,0,0,0
36,1,12,6,Player_20,Player_72,1,0,1
36,1,13,1,Player_16,Player_94,1,0,1
36,1,13,2,Player_47,Player_91,0,0,0
36,1,13,3,Player_39,Player_78,0,0,0
36,1,13,4,Player_36,Player_82,6,0,6
36,1,13,5,Player_26,Player_92,6,0,6
36,1,13,6,Player_11,Player_91,0,0,0
36,1,14,1,Player_33,Player_76,3,0,3
36,1,14,2,Player_46,Player_67,1,0,1
36,1,14,3,Player_42,Player_83,2,0,2
36,1,14,4,Player_4,Player_74,0,0,0
36,1,14,5,Player_25,Player_52,0,0,0
36,1,14,6,Player_14,Player_71,3,1,4
36,1,15,1,Player_37,Player_94,0,0,0
36,1,15,2,Player_14,Player_69,0,0,0
36,1,15,3,Player_26,Player_90,0,0,0
36,1,15,4,Player_40,Player_88,0,0,0
36,1,15,5,Player_20,Player_87,2,0,2
36,1,15,6,Player_4,Player_51,2,0,2
36,1,16,1,Player_18,Player_71,1,0,1
36,1,16,2,Player_41,Player_84,0,0,0
36,1,16,3,Player_42,Player_81,6,0,6
36,1,16,4,Player_17,Player_85,1,0,1
36,1,16,5,Player_15,Player_77,4,0,4
36,1,16,6,Player_45,Player_62,0,0,0
36,1,17,1,Player_31,Player_56,0,0,0
36,1,17,2,Player_26,Player_80,0,0,0
36,1,17,3,Player_33,Player_52,1,1,2
36,1,17,4,Player_19,Player_68,1,0,1
36,1,17,5,Player_13,Player_71,0,0,0
36,1,17,6,Player_24,Player_75,4,0,4
36,1,18,1,Player_3,Player_56,0,1,1
36,1,18,2,Player_2,Player_82,0,0,0
36,1,18,3,Player_10,Player_90,1,0,1
36,1,18,4,Player_4,Player_89,3,0,3
36,1,18,5,Player_48,Player_70,3,0,3
36,1,18,6,Player_13,Player_89,1,0,1
36,1,19,1,Player_5,Player_99,1,0,1
36,1,19,2,Player_10,Player_60,6,0,6
36,1,19,3,Player_30,Player_53,1,0,1
36,1,19,4,Player_23,Player_94,3,0,3
36,1,19,5,Player_42,Player_78,4,0,4
36,1,19,6,Player_4,Player_85,4,0,4
36,1,20,1,Player_28,Player_85,0,0,0
36,1,20,2,Player_31,Player_61,1,0,1
36,1,20,3,Player_29,Player_68,1,0,1
36,1,20,4,Player_45,Player_89,1,0,1
36,1,20,5,Player_8,Player_62,4,0,4
36,1,20,6,Player_7,Player_97,6,0,6
36,2,1,1,Player_12,Player_89,1,0,1
36,2,1,2,Player_17,Player_87,2,0,2
36,2,1,3,Player_45,Player_55,1,0,1
36,2,1,4,Player_33,Player_59,0,0,0
36,2,1,5,Player_48,Player_58,4,0,4
36,2,1,6,Player_8,Player_76,0,0,0
36,2,2,1,Player_37,Player_90,1,0,1
36,2,2,2,Player_1,Player_69,0,0,0
36,2,2,3,Player_28,Player_54,0,0,0
36,2,2,4,Player_21,Player_91,1,0,1
36,2,2,5,Player_25,Player_52,0,0,0
36,2,2,6,Player_22,Player_94,3,0,3
36,2,3,1,Player_7,Player_52,0,1,1
36,2,3,2,Player_15,Player_75,0,0,0
36,2,3,3,Player_39,Player_90,1,0,1
36,2,3,4,Player_28,Player_73,6,0,6
36,2,3,5,Player_10,Player_56,6,0,6
36,2,3,6,Player_15,Player_50,1,0,1
36,2,4,1,Player_3,Player_85,0,1,1
36,2,4,2,Player_36,Player_93,0,0,0
36,2,4,3,Player_37,Player_93,0,0,0
36,2,4,4,Player_23,Player_71,0,0,0
36,2,4,5,Player_44,Player_51,0,0,0
36,2,4,6,Player_7,Player_53,0,0,0
36,2,5,1,Player_41,Player_54,1,0,1
36,2,5,2,Player_3,Player_91,0,0,0
36,2,5,3,Player_34,Player_95,0,0,0
36,2,5,4,Player_20,Player_78,0,0,0
36,2,5,5,Player_48,Player_76,1,0,1
36,2,5,6,Player_33,Player_79,3,0,3
36,2,6,1,Player_23,Player_52,0,0,0
36,2,6,2,Player_49,Player_64,1,0,1
36,2,6,3,Player_40,Player_97,0,0,0
36,2,6,4,Player_7,Player_96,1,0,1
36,2,6,5,Player_46,Player_94,3,0,3
36,2,6,6,Player_22,Player_80,0,0,0
36,2,7,1,Player_2,Player_71,3,0,3
36,2,7,2,Player_20,Player_73,1,0,1
36,2,7,3,Player_8,Player_54,4,0,4
36,2,7,4,Player_35,Player_83,0,0,0
36,2,7,5,Player_6,Player_96,0,0,0
36,2,7,6,Player_38,Player_84,1,0,1
36,2,8,1,Player_22,Player_81,6,0,6
36,2,8,2,Player_16,Player_96,0,0,0
36,2,8,3,Player_11,Player_59,1,0,1
36,2,8,4,Player_27,Player_73,1,0,1
36,2,8,5,Player_19,Player_57,4,0,4
36,2,8,6,Player_13,Player_82,0,0,0
36,2,9,1,Player_49,Player_59,0,0,0
36,2,9,2,Player_1,Player_70,2,0,2
36,2,9,3,Player_16,Player_77,0,0,0
36,2,9,4,Player_36,Player_88,0,0,0
36,2,9,5,Player_14,Player_97,0,0,0
36,2,9,6,Player_11,Player_94,0,0,0
36,2,10,1,Player_12,Player_70,0,0,0
36,2,10,2,Player_4,Player_75,0,0,0
36,2,10,3,Player_20,Player_68,0,0,0
36,2,10,4,Player_25,Player_68,0,0,0
36,2,10,5,Player_24,Player_65,1,0,1
36,2,10,6,Player_49,Player_53,6,0,6
36,2,11,1,Player_2,Player_51,0,0,0
36,2,11,2,Player_48,Player_92,6,0,6
36,2,11,3,Player_21,Player_79,0,1,1
36,2,11,4,Player_14,Player_77,1,0,1
36,2,11,5,Player_14,Player_74,2,1,3
36,2,11,6,Player_40,Player_69,2,0,2
36,2,12,1,Player_9,Player_53,1,0,1
36,2,12,2,Player_12,Player_96,0,0,0
36,2,12,3,Player_34,Player_68,0,0,0
36,2,12,4,Player_34,Player_96,0,0,0
36,2,12,5,Player_1,Player_95,4,0,4
36,2,12,6,Player_39,Player_94,1,0,1
36,2,13,1,Player_20,Player_69,0,0,0
36,2,13,2,Player_27,Player_77,1,0,1
36,2,13,3,Player_9,Player_68,1,1,2
36,2,13,4,Player_16,Player_51,0,0,0
36,2,13,5,Player_34,Player_95,1,0,1
36,2,13,6,Player_15,Player_66,3,0,3
36,2,14,1,Player_32,Player_96,2,0,2
36,2,14,2,Player_27,Player_85,0,0,0
36,2,14,3,Player_26,Player_79,0,0,0
36,2,14,4,Player_31,Player_70,1,0,1
36,2,14,5,Player_26,Player_67,0,0,0
36,2,14,6,Player_43,Player_98,0,0,0
36,2,15,1,Player_42,Player_73,1,0,1
36,2,15,2,Player_13,Player_80,0,0,0
36,2,15,3,Player_41,Player_70,0,1,1
36,2,15,4,Player_41,Player_90,0,0,0
36,2,15,5,Player_11,Player_73,0,0,0
36,2,15,6,Player_46,Player_89,0,0,0
36,2,16,1,Player_17,Player_52,4,0,4
36,2,16,2,Player_31,Player_91,0,0,0
36,2,16,3,Player_8,Player_66,1,0,1
36,2,16,4,Player_45,Player_82,3,0,3
36,2,16,5,Player_6,Player_97,1,0,1
36,2,16,6,Player_28,Player_66,1,0,1
36,2,17,1,Player_25,Player_79,0,0,0
36,2,17,2,Player_49,Player_86,0,0,0
36,2,17,3,Player_26,Player_62,0,0,0
36,2,17,4,Player_9,Player_80,1,0,1
36,2,17,5,Player_29,Player_94,2,0,2
36,2,17,6,Player_22,Player_66,0,0,0
36,2,18,1,Player_2,Player_81,6,1,7
36,2,18,2,Player_22,Player_96,0,0,0
36,2,18,3,Player_23,Player_62,0,0,0
36,2,18,4,Player_29,Player_81,0,0,0
36,2,18,5,Player_12,Player_88,0,0,0
36,2,18,6,Player_7,Player_51,4,0,4
36,2,19,1,Player_32,Player_94,2,0,2
36,2,19,2,Player_49,Player_89,4,0,4
36,2,19,3,Player_8,Player_95,1,0,1
36,2,19,4,Player_41,Player_64,2,0,2
36,2,19,5,Player_41,Player_97,0,0,0
36,2,19,6,Player_27,Player_96,0,0,0
36,2,20,1,Player_14,Player_52,0,0,0
36,2,20,2,Player_32,Player_73,0,0,0
36,2,20,3,Player_1,Player_91,0,0,0
36,2,20,4,Player_41,Player_79,0,0,0
36,2,20,5,Player_45,Player_57,1,0,1
36,2,20,6,Player_24,Player_64,4,0,4
37,1,1,1,Player_5,Player_88,1,0,1
37,1,1,2,Player_29,Player_78,1,0,1
37,1,1,3,Player_24,Player_64,4,0,4
37,1,1,4,Player_13,Player_90,2,0,2
37,1,1,5,Player_23,Player_56,0,0,0
37,1,1,6,Player_7,Player_57,2,0,2
37,1,2,1,Player_7,Player_94,1,0,1
37,1,2,2,Player_18,Player_79,0,0,0
37,1,2,3,Player_37,Player_56,2,0,2
37,1,2,4,Player_39,Player_90,4,0,4
37,1,2,5,Player_49,Player_96,0,0,0
37,1,2,6,Player_25,Player_76,1,0,1
37,1,3,1,Player_44,Player_56,1,0,1
37,1,3,2,Player_28,Player_72,2,0,2
37,1,3,3,Player_34,Player_74,0,0,0
37,1,3,4,Player_31,Player_89,0,0,0
37,1,3,5,Player_6,Player_66,1,0,1
37,1,3,6,Player_18,Player_92,2,0,2
37,1,4,1,Player_15,Player_67,2,0,2
37,1,4,2,Player_46,Player_69,1,0,1
37,1,4,3,Player_38,Player_74,1,0,1
37,1,4,4,Player_33,Player_56,1,0,1
37,1,4,5,Player_46,Player_54,0,0,0
37,1,4,6,Player_8,Player_66,1,0,1
37,1,5,1,Player_27,Player_80,2,0,2
37,1,5,2,Player_17,Player_88,1,0,1
37,1,5,3,Player_12,Player_68,2,0,2
37,1,5,4,Player_7,Player_79,0,0,0
37,1,5,5,Player_6,Player_87,1,0,1
37,1,5,6,Player_5,Player_57,0,0,0
37,1,6,1,Player_19,Player_79,0,0,0
37,1,6,2,Player_22,Player_82,0,0,0
37,1,6,3,Player_12,Player_99,1,0,1
37,1,6,4,Player_29,Player_62,0,0,0
37,1,6,5,Player_12,Player_97,0,0,0
37,1,6,6,Player_10,Player_97,0,0,0
37,1,7,1,Player_36,Player_89,0,0,0
37,1,7,2,Player_27,Player_73,0,1,1
37,1,7,3,Player_3,Player_56,4,0,4
37,1,7,4,Player_17,Player_52,6,0,6
37,1,7,5,Player_17,Player_71,4,0,4
37,1,7,6,Player_16,Player_84,1,0,1
37,1,8,1,Player_26,Player_92,1,0,1
37,1,8,2,Player_37,Player_50,1,0,1
37,1,8,3,Player_18,Player_91,0,0,0
37,1,8,4,Player_12,Player_97,2,0,2
37,1,8,5,Player_16,Player_93,4,0,4
37,1,8,6,Player_37,Player_77,1,0,1
37,1,9,1,Player_12,Player_57,1,0,1
37,1,9,2,Player_24,Player_72,1,0,1
37,1,9,3,Player_3,Player_51,1,1,2
37,1,9,4,Player_14,Player_82,6,0,6
37,1,9,5,Player_2,Player_60,0,0,0
37,1,9,6,Player_44,Player_75,0,0,0
37,1,10,1,Player_10,Player_61,2,0,2
37,1,10,2,Player_31,Player_68,0,0,0
37,1,10,3,Player_8,Player_54,1,0,1
37,1,10,4,Player_33,Player_65,0,0,0
37,1,10,5,Player_26,Player_90,2,0,2
37,1,10,6,Player_27,Player_85,0,0,0
37,1,11,1,Player_38,Player_52,0,0,0
37,1,11,2,Player_38,Player_60,1,0,1
37,1,11,3,Player_34,Player_50,1,0,1
37,1,11,4,Player_35,Player_54,0,0,0
37,1,11,5,Player_5,Player_72,4,0,4
37,1,11,6,Player_14,Player_71,1,0,1
37,1,12,1,Player_4,Player_92,1,0,1
37,1,12,2,Player_17,Player_58,0,0,0
37,1,12,3,Player_4,Player_92,1,0,1
37,1,12,4,Player_32,Player_97,4,0,4
37,1,12,5,Player_25,Player_61,1,0,1
37,1,12,6,Player_14,Player_69,1,0,1
37,1,13,1,Player_19,Player_68,1,0,1
37,1,13,2,Player_8,Player_50,0,0,0
37,1,13,3,Player_10,Player_51,0,0,0
37,1,13,4,Player_2,Player_64,2,0,2
37,1,13,5,Player_24,Player_51,3,0,3
37,1,13,6,Player_14,Player_54,1,0,1
37,1,14,1,Player_45,Player_83,0,0,0
37,1,14,2,Player_15,Player_52,3,0,3
37,1,14,3,Player_38,Player_76,0,0,0
37,1,14,4,Player_40,Player_73,4,0,4
37,1,14,5,Player_20,Player_64,1,0,1
37,1,14,6,Player_33,Player_89,0,0,0
37,1,15,1,Player_18,Player_66,1,0,1
37,1,15,2,Player_11,Player_79,1,0,1
37,1,15,3,Player_15,Player_61,1,0,1
37,1,15,4,Player_14,Player_74,0,0,0
37,1,15,5,Player_27,Player_92,2,0,2
37,1,15,6,Player_25,Player_76,0,0,0
37,1,16,1,Player_30,Player_50,1,0,1
37,1,16,2,Player_7,Player_79,4,0,4
37,1,16,3,Player_25,Player_89,0,0,0
37,1,16,4,Player_8,Player_54,3,0,3
37,1,16,5,Player_46,Player_93,3,0,3
37,1,16,6,Player_27,Player_69,0,0,0
37,1,17,1,Player_30,Player_87,2,0,2
37,1,17,2,Player_33,Player_89,3,0,3
37,1,17,3,Player_45,Player_73,0,0,0
37,1,17,4,Player_49,Player_62,0,0,0
37,1,17,5,Player_11,Player_61,1,0,1
37,1,17,6,Player_25,Player_58,0,0,0
37,1,18,1,Player_11,Player_59,0,0,0
37,1,18,2,Player_29,Player_51,1,0,1
37,1,18,3,Player_4,Player_92,0,0,0
37,1,18,4,Player_24,Player_61,0,0,0
37,1,18,5,Player_35,Player_58,0,0,0
37,1,18,6,Player_24,Player_59,0,0,0
37,1,19,1,Player_19,Player_85,2,0,2
37,1,19,2,Player_9,Player_66,0,0,0
37,1,19,3,Player_43,Player_69,1,0,1
37,1,19,4,Player_10,Player_70,2,0,2
37,1,19,5,Player_28,Player_63,0,0,0
37,1,19,6,Player_41,Player_52,0,0,0
37,1,20,1,Player_15,Player_69,0,0,0
37,1,20,2,Player_28,Player_71,0,0,0
37,1,20,3,Player_1,Player_85,1,0,1
37,1,20,4,Player_26,Player_80,0,0,0
37,1,20,5,Player_31,Player_58,1,1,2
37,1,20,6,Player_45,Player_94,1,0,1
37,2,1,1,Player_25,Player_99,6,0,6
37,2,1,2,Player_13,Player_89,1,0,1
37,2,1,3,Player_33,Player_58,3,0,3
37,2,1,4,Player_32,Player_60,0,0,0
37,2,1,5,Player_31,Player_63,1,0,1
37,2,1,6,Player_25,Player_75,1,0,1
37,2,2,1,Player_35,Player_69,4,0,4
37,2,2,2,Player_46,Player_79,0,0,0
37,2,2,3,Player_25,Player_69,0,0,0
37,2,2,4,Player_21,Player_50,3,0,3
37,2,2,5,Player_6,Player_87,0,0,0
37,2,2,6,Player_16,Player_76,0,0,0
37,2,3,1,Player_28,Player_59,1,0,1
37,2,3,2,Player_11,Player_99,1,0,1
37,2,3,3,Player_17,Player_52,4,0,4
37,2,3,4,Player_1,Player_55,0,0,0
37,2,3,5,Player_13,Player_93,1,0,1
37,2,3,6,Player_26,Player_88,0,0,0
37,2,4,1,Player_26,Player_67,0,0,0
37,2,4,2,Player_25,Player_99,0,0,0
37,2,4,3,Player_21,Player_81,1,0,1
37,2,4,4,Player_18,Player_60,1,0,1
37,2,4,5,Player_31,Player_85,2,0,2
37,2,4,6,Player_2,Player_93,0,0,0
37,2,5,1,Player_36,Player_77,0,0,0
37,2,5,2,Player_14,Player_96,1,0,1
37,2,5,3,Player_6,Player_65,2,0,2
37,2,5,4,Player_41,Player_91,4,0,4
37,2,5,5,Player_31,Player_60,1,0,1
37,2,5,6,Player_12,Player_94,0,1,1
37,2,6,1,Player_28,Player_65,0,0,0
37,2,6,2,Player_32,Player_70,2,0,2
37,2,6,3,Player_48,Player_95,0,0,0
37,2,6,4,Player_12,Player_51,1,0,1
37,2,6,5,Player_14,Player_64,1,0,1
37,2,6,6,Player_28,Player_74,4,0,4
37,2,7,1,Player_37,Player_82,1,0,1
37,2,7,2,Player_8,Player_66,1,0,1
37,2,7,3,Player_11,Player_79,0,0,0
37,2,7,4,Player_21,Player_84,3,0,3
37,2,7,5,Player_46,Player_67,1,0,1
37,2,7,6,Player_46,Player_60,1,0,1
37,2,8,1,Player_16,Player_74,0,0,0
37,2,8,2,Player_19,Player_65,1,0,1
37,2,8,3,Player_34,Player_65,1,0,1
37,2,8,4,Player_32,Player_92,0,0,0
37,2,8,5,Player_8,Player_78,4,0,4
37,2,8,6,Player_47,Player_86,1,0,1
37,2,9,1,Player_31,Player_75,0,0,0
37,2,9,2,Player_20,Player_98,6,0,6
37,2,9,3,Player_23,Player_52,0,0,0
37,2,9,4,Player_7,Player_75,0,0,0
37,2,9,5,Player_39,Player_51,0,0,0
37,2,9,6,Player_26,Player_57,2,0,2
37,2,10,1,Player_24,Player_85,4,0,4
37,2,10,2,Player_44,Player_99,1,0,1
37,2,10,3,Player_45,Player_50,0,0,0
37,2,10,4,Player_16,Player_97,3,0,3
37,2,10,5,Player_2,Player_80,0,0,0
37,2,10,6,Player_14,Player_59,0,0,0
37,2,11,1,Player_34,Player_69,0,0,0
37,2,11,2,Player_4,Player_55,0,0,0
37,2,11,3,Player_5,Player_60,0,0,0
37,2,11,4,Player_11,Player_60,3,0,3
37,2,11,5,Player_47,Player_57,0,0,0
37,2,11,6,Player_20,Player_72,4,0,4
37,2,12,1,Player_31,Player_98,0,0,0
37,2,12,2,Player_27,Player_82,1,0,1
37,2,12,3,Player_5,Player_86,1,0,1
37,2,12,4,Player_39,Player_71,1,0,1
37,2,12,5,Player_6,Player_76,1,0,1
37,2,12,6,Player_26,Player_86,0,0,0
37,2,13,1,Player_8,Player_98,0,0,0
37,2,13,2,Player_40,Player_74,0,0,0
37,2,13,3,Player_1,Player_58,1,0,1
37,2,13,4,Player_30,Player_58,0,0,0
37,2,13,5,Player_29,Player_54,4,0,4
37,2,13,6,Player_29,Player_66,0,0,0
37,2,14,1,Player_24,Player_76,4,0,4
37,2,14,2,Player_13,Player_75,1,0,1
37,2,14,3,Player_33,Player_98,1,1,2
37,2,14,4,Player_13,Player_93,3,0,3
37,2,14,5,Player_30,Player_68,0,0,0
37,2,14,6,Player_49,Player_64,0,0,0
37,2,15,1,Player_41,Player_54,4,0,4
37,2,15,2,Player_19,Player_88,0,0,0
37,2,15,3,Player_27,Player_93,6,0,6
37,2,15,4,Player_48,Player_52,2,0,2
37,2,15,5,Player_20,Player_89,0,0,0
37,2,15,6,Player_28,Player_97,0,0,0
37,2,16,1,Player_18,Player_68,0,0,0
37,2,16,2,Player_45,Player_52,6,0,6
37,2,16,3,Player_39,Player_63,1,0,1
37,2,16,4,Player_32,Player_82,1,0,1
37,2,16,5,Player_5,Player_53,0,1,1
37,2,16,6,Player_27,Player_78,0,0,0
37,2,17,1,Player_47,Player_74,0,1,1
37,2,17,2,Player_15,Player_67,3,0,3
37,2,17,3,Player_22,Player_61,0,0,0
37,2,17,4,Player_47,Player_82,0,0,0
37,2,17,5,Player_32,Player_52,0,0,0
37,2,17,6,Player_46,Player_68,4,0,4
37,2,18,1,Player_21,Player_55,1,0,1
37,2,18,2,Player_2,Player_67,1,0,1
37,2,18,3,Player_36,Player_77,2,0,2
37,2,18,4,Player_18,Player_92,1,0,1
37,2,18,5,Player_8,Player_54,4,0,4
37,2,18,6,Player_37,Player_94,3,1,4
37,2,19,1,Player_14,Player_86,4,0,4
37,2,19,2,Player_22,Player_60,4,0,4
37,2,19,3,Player_16,Player_88,1,0,1
37,2,19,4,Player_5,Player_96,3,0,3
37,2,19,5,Player_2,Player_89,4,0,4
37,2,19,6,Player_11,Player_78,2,0,2
37,2,20,1,Player_28,Player_66,2,0,2
37,2,20,2,Player_15,Player_80,0,0,0
37,2,20,3,Player_30,Player_85,0,0,0
37,2,20,4,Player_6,Player_91,0,0,0
37,2,20,5,Player_6,Player_97,2,0,2
37,2,20,6,Player_38,Player_58,1,0,1
38,1,1,1,Player_40,Player_56,2,0,2
38,1,1,2,Player_24,Player_90,0,0,0
38,1,1,3,Player_37,Player_68,0,1,1
38,1,1,4,Player_25,Player_79,1,0,1
38,1,1,5,Player_24,Player_89,0,0,0
38,1,1,6,Player_15,Player_87,1,0,1
38,1,2,1,Player_11,Player_78,1,0,1
38,1,2,2,Player_29,Player_64,1,0,1
38,1,2,3,Player_40,Player_98,0,0,0
38,1,2,4,Player_25,Player_79,2,0,2
38,1,2,5,Player_37,Player_58,1,1,2
38,1,2,6,Player_27,Player_79,0,0,0
38,1,3,1,Player_9,Player_95,0,0,0
38,1,3,2,Player_20,Player_98,1,0,1
38,1,3,3,Player_45,Player_71,0,0,0
38,1,3,4,Player_14,Player_79,1,0,1
38,1,3,5,Player_35,Player_90,1,0,1
38,1,3,6,Player_46,Player_50,3,0,3
38,1,4,1,Player_20,Player_83,0,0,0
38,1,4,2,Player_24,Player_77,0,0,0
38,1,4,3,Player_16,Player_65,1,0,1
38,1,4,4,Player_11,Player_57,1,0,1
38,1,4,5,Player_28,Player_57,1,0,1
38,1,4,6,Player_22,Player_82,4,0,4
38,1,5,1,Player_7,Player_55,3,0,3
38,1,5,2,Player_27,Player_77,4,0,4
38,1,5,3,Player_9,Player_74,0,1,1
38,1,5,4,Player_13,Player_86,2,0,2
38,1,5,5,Player_14,Player_80,1,0,1
38,1,5,6,Player_31,Player_87,1,0,1
38,1,6,1,Player_4,Player_88,0,0,0
38,1,6,2,Player_2,Player_57,0,0,0
38,1,6,3,Player_4,Player_70,1,0,1
38,1,6,4,Player_27,Player_63,1,0,1
38,1,6,5,Player_9,Player_96,0,0,0
38,1,6,6,Player_18,Player_54,0,0,0
38,1,7,1,Player_44,Player_95,1,0,1
38,1,7,2,Player_20,Player_62,1,0,1
38,1,7,3,Player_48,Player_92,0,0,0
38,1,7,4,Player_26,Player_89,1,1,2
38,1,7,5,Player_20,Player_91,4,0,4
38,1,7,6,Player_10,Player_98,0,0,0
38,1,8,1,Player_49,Player_89,2,0,2
38,1,8,2,Player_19,Player_63,0,0,0
38,1,8,3,Player_23,Player_75,0,0,0
38,1,8,4,Player_12,Player_50,0,0,0
38,1,8,5,Player_23,Player_56,4,0,4
38,1,8,6,Player_25,Player_91,0,0,0
38,1,9,1,Player_15,Player_64,1,0,1
38,1,9,2,Player_32,Player_95,1,0,1
38,1,9,3,Player_38,Player_58,0,0,0
38,1,9,4,Player_20,Player_84,6,0,6
38,1,9,5,Player_41,Player_71,0,0,0
38,1,9,6,Player_44,Player_76,0,0,0
38,1,10,1,Player_28,Player_76,1,0,1
38,1,10,2,Player_38,Player_78,0,0,0
38,1,10,3,Player_33,Player_81,0,0,0
38,1,10,4,Player_43,Player_65,0,0,0
38,1,10,5,Player_34,Player_53,0,0,0
38,1,10,6,Player_1,Player_71,0,0,0
38,1,11,1,Player_48,Player_85,0,0,0
38,1,11,2,Player_33,Player_71,0,0,0
38,1,11,3,Player_6,Player_97,0,0,0
38,1,11,4,Player_9,Player_73,1,0,1
38,1,11,5,Player_30,Player_89,0,0,0
38,1,11,6,Player_32,Player_98,1,0,1
38,1,12,1,Player_14,Player_75,0,0,0
38,1,12,2,Player_13,Player_81,0,1,1
38,1,12,3,Player_41,Player_69,1,0,1
38,1,12,4,Player_6,Player_84,1,0,1
38,1,12,5,Player_38,Player_89,0,0,0
38,1,12,6,Player_15,Player_89,0,1,1
38,1,13,1,Player_15,Player_94,1,0,1
38,1,13,2,Player_19,Player_64,1,0,1
38,1,13,3,Player_14,Player_53,3,0,3
38,1,13,4,Player_35,Player_86,1,0,1
38,1,13,5,Player_33,Player_82,1,0,1
38,1,13,6,Player_46,Player_60,0,0,0
38,1,14,1,Player_23,Player_59,1,0,1
38,1,14,2,Player_22,Player_66,0,0,0
38,1,14,3,Player_40,Player_78,1,0,1
38,1,14,4,Player_30,Player_71,0,0,0
38,1,14,5,Player_28,Player_79,0,0,0
38,1,14,6,Player_14,Player_87,1,0,1
38,1,15,1,Player_6,Player_66,4,0,4
38,1,15,2,Player_10,Player_98,0,0,0
38,1,15,3,Player_24,Player_91,0,0,0
38,1,15,4,Player_30,Player_92,2,0,2
38,1,15,5,Player_22,Player_60,1,0,1
38,1,15,6,Player_8,Player_72,3,0,3
38,1,16,1,Player_8,Player_94,0,0,0
38,1,16,2,Player_37,Player_66,6,0,6
38,1,16,3,Player_14,Player_93,2,0,2
38,1,16,4,Player_33,Player_54,2,0,2
38,1,16,5,Player_29,Player_96,1,0,1
38,1,16,6,Player_48,Player_90,0,0,0
38,1,17,1,Player_43,Player_55,1,0,1
38,1,17,2,Player_40,Player_76,2,0,2
38,1,17,3,Player_31,Player_50,1,1,2
38,1,17,4,Player_5,Player_98,0,1,1
38,1,17,5,Player_15,Player_62,4,0,4
38,1,17,6,Player_27,Player_87,1,0,1
38,1,18,1,Player_13,Player_69,1,0,1
38,1,18,2,Player_17,Player_84,0,0,0
38,1,18,3,Player_25,Player_64,4,0,4
38,1,18,4,Player_18,Player_50,0,0,0
38,1,18,5,Player_38,Player_56,1,0,1
38,1,18,6,Player_25,Player_76,1,0,1
38,1,19,1,Player_17,Player_84,0,0,0
38,1,19,2,Player_31,Player_65,3,0,3
38,1,19,3,Player_35,Player_56,6,0,6
38,1,19,4,Player_30,Player_67,0,1,1
38,1,19,5,Player_2,Player_92,4,0,4
38,1,19,6,Player_49,Player_59,3,0,3
38,1,20,1,Player_42,Player_73,3,0,3
38,1,20,2,Player_42,Player_62,1,0,1
38,1,20,3,Player_1,Player_60,1,1,2
38,1,20,4,Player_13,Player_81,0,0,0
38,1,20,5,Player_23,Player_79,1,0,1
38,1,20,6,Player_30,Player_86,0,0,0
38,2,1,1,Player_32,Player_61,0,0,0
38,2,1,2,Player_35,Player_97,6,0,6
38,2,1,3,Player_41,Player_51,1,0,1
38,2,1,4,Player_42,Player_75,0,0,0
38,2,1,5,Player_38,Player_74,3,0,3
38,2,1,6,Player_34,Player_65,1,0,1
38,2,2,1,Player_36,Player_77,1,0,1
38,2,2,2,Player_15,Player_83,4,1,5
38,2,2,3,Player_44,Player_76,2,1,3
38,2,2,4,Player_34,Player_70,0,0,0
38,2,2,5,Player_4,Player_57,0,0,0
38,2,2,6,Player_35,Player_54,1,0,1
38,2,3,1,Player_24,Player_91,6,0,6
38,2,3,2,Player_30,Player_95,0,0,0
38,2,3,3,Player_37,Player_98,0,0,0
38,2,3,4,Player_18,Player_66,0,0,0
38,2,3,5,Player_29,Player_66,1,0,1
38,2,3,6,Player_4,Player_73,4,0,4
38,2,4,1,Player_48,Player_84,0,0,0
38,2,4,2,Player_36,Player_70,6,0,6
38,2,4,3,Player_21,Player_74,4,0,4
38,2,4,4,Player_18,Player_83,4,0,4
38,2,4,5,Player_32,Player_58,1,0,1
38,2,4,6,Player_41,Player_90,3,0,3
38,2,5,1,Player_34,Player_75,1,0,1
38,2,5,2,Player_6,Player_69,0,0,0
38,2,5,3,Player_18,Player_54,3,0,3
38,2,5,4,Player_6,Player_63,1,0,1
38,2,5,5,Player_10,Player_72,1,1,2
38,2,5,6,Player_4,Player_81,1,0,1
38,2,6,1,Player_35,Player_90,0,0,0
38,2,6,2,Player_2,Player_89,0,0,0
38,2,6,3,Player_47,Player_85,0,0,0
38,2,6,4,Player_20,Player_71,1,0,1
38,2,6,5,Player_44,Player_53,0,0,0
38,2,6,6,Player_37,Player_53,1,0,1
38,2,7,1,Player_49,Player_74,0,0,0
38,2,7,2,Player_4,Player_83,0,0,0
38,2,7,3,Player_19,Player_96,4,0,4
38,2,7,4,Player_5,Player_62,2,0,2
38,2,7,5,Player_14,Player_79,1,0,1
38,2,7,6,Player_1,Player_73,4,0,4
38,2,8,1,Player_17,Player_79,3,0,3
38,2,8,2,Player_7,Player_84,3,0,3
38,2,8,3,Player_30,Player_50,0,0,0
38,2,8,4,Player_8,Player_69,1,0,1
38,2,8,5,Player_10,Player_72,0,0,0
38,2,8,6,Player_11,Player_53,1,0,1
38,2,9,1,Player_5,Player_67,4,0,4
38,2,9,2,Player_49,Player_57,0,0,0
38,2,9,3,Player_2,Player_88,0,0,0
38,2,9,4,Player_38,Player_69,0,0,0
38,2,9,5,Player_27,Player_93,1,0,1
38,2,9,6,Player_29,Player_59,6,0,6
38,2,10,1,Player_13,Player_94,0,0,0
38,2,10,2,Player_35,Player_96,0,0,0
38,2,10,3,Player_40,Player_75,4,0,4
38,2,10,4,Player_23,Player_60,1,0,1
38,2,10,5,Player_49,Player_97,0,0,0
38,2,10,6,Player_33,Player_99,1,0,1
38,2,11,1,Player_34,Player_58,0,0,0
38,2,11,2,Player_46,Player_56,1,0,1
38,2,11,3,Player_26,Player_81,0,0,0
38,2,11,4,Player_45,Player_61,6,0,6
38,2,11,5,Player_8,Player_53,0,0,0
38,2,11,6,Player_16,Player_97,0,0,0
38,2,12,1,Player_5,Player_86,1,0,1
38,2,12,2,Player_28,Player_53,0,0,0
38,2,12,3,Player_9,Player_85,0,0,0
38,2,12,4,Player_48,Player_97,0,0,0
38,2,12,5,Player_9,Player_82,0,0,0
38,2,12,6,Player_37,Player_99,2,0,2
38,2,13,1,Player_39,Player_90,6,0,6
38,2,13,2,Player_20,Player_89,1,0,1
38,2,13,3,Player_42,Player_84,1,0,1
38,2,13,4,Player_22,Player_50,0,0,0
38,2,13,5,Player_41,Player_63,6,0,6
38,2,13,6,Player_6,Player_75,0,0,0
38,2,14,1,Player_44,Player_92,4,0,4
38,2,14,2,Player_8,Player_74,0,0,0
38,2,14,3,Player_30,Player_56,3,0,3
38,2,14,4,Player_9,Player_65,1,1,2
38,2,14,5,Player_22,Player_68,2,0,2
38,2,14,6,Player_21,Player_61,0,0,0
38,2,15,1,Player_6,Player_91,0,0,0
38,2,15,2,Player_13,Player_75,1,0,1
38,2,15,3,Player_1,Player_95,1,0,1
38,2,15,4,Player_10,Player_59,1,0,1
38,2,15,5,Player_38,Player_96,0,0,0
38,2,15,6,Player_27,Player_91,1,0,1
38,2,16,1,Player_29,Player_85,1,0,1
38,2,16,2,Player_45,Player_69,1,0,1
38,2,16,3,Player_34,Player_70,0,0,0
38,2,16,4,Player_10,Player_94,0,0,0
38,2,16,5,Player_33,Player_51,0,0,0
38,2,16,6,Player_28,Player_94,0,0,0
38,2,17,1,Player_10,Player_83,0,0,0
38,2,17,2,Player_18,Player_84,4,0,4
38,2,17,3,Player_30,Player_86,1,0,1
38,2,17,4,Player_35,Player_75,3,0,3
38,2,17,5,Player_24,Player_63,3,0,3
38,2,17,6,Player_47,Player_67,0,0,0
38,2,18,1,Player_5,Player_67,0,0,0
38,2,18,2,Player_13,Player_98,0,0,0
38,2,18,3,Player_12,Player_73,4,0,4
38,2,18,4,Player_28,Player_86,1,1,2
38,2,18,5,Player_32,Player_98,1,0,1
38,2,18,6,Player_49,Player_95,0,0,0
38,2,19,1,Player_43,Player_67,2,0,2
38,2,19,2,Player_41,Player_52,0,0,0
38,2,19,3,Player_35,Player_70,0,0,0
38,2,19,4,Player_49,Player_50,4,0,4
38,2,19,5,Player_32,Player_91,0,0,0
38,2,19,6,Player_12,Player_63,4,0,4
38,2,20,1,Player_7,Player_65,6,0,6
38,2,20,2,Player_32,Player_57,0,0,0
38,2,20,3,Player_3,Player_76,2,0,2
38,2,20,4,Player_37,Player_89,0,0,0
38,2,20,5,Player_2,Player_96,1,0,1
38,2,20,6,Player_19,Player_82,6,0,6
39,1,1,1,Player_14,Player_64,2,0,2
39,1,1,2,Player_18,Player_98,0,0,0
39,1,1,3,Player_9,Player_92,1,0,1
39,1,1,4,Player_15,Player_69,0,0,0
39,1,1,5,Player_26,Player_55,1,0,1
39,1,1,6,Player_28,Player_58,2,0,2
39,1,2,1,Player_4,Player_65,3,0,3
39,1,2,2,Player_41,Player_53,2,0,2
39,1,2,3,Player_24,Player_55,0,1,1
39,1,2,4,Player_14,Player_99,4,0,4
39,1,2,5,Player_23,Player_69,2,0,2
39,1,2,6,Player_40,Player_77,4,0,4
39,1,3,1,Player_20,Player_66,6,0,6
39,1,3,2,Player_45,Player_88,0,0,0
39,1,3,3,Player_23,Player_67,1,0,1
39,1,3,4,Player_7,Player_85,0,0,0
39,1,3,5,Player_49,Player_84,1,0,1
39,1,3,6,Player_9,Player_86,1,0,1
39,1,4,1,Player_25,Player_61,0,0,0
39,1,4,2,Player_4,Player_94,0,0,0
39,1,4,3,Player_39,Player_59,1,0,1
39,1,4,4,Player_29,Player_57,1,0,1
39,1,4,5,Player_6,Player_78,6,0,6
39,1,4,6,Player_14,Player_55,1,0,1
39,1,5,1,Player_37,Player_97,1,0,1
39,1,5,2,Player_13,Player_51,3,0,3
39,1,5,3,Player_32,Player_54,0,0,0
39,1,5,4,Player_40,Player_93,3,0,3
39,1,5,5,Player_6,Player_99,2,0,2
39,1,5,6,Player_46,Player_51,0,0,0
39,1,6,1,Player_24,Player_80,0,0,0
39,1,6,2,Player_21,Player_87,0,0,0
39,1,6,3,Player_42,Player_53,0,0,0
39,1,6,4,Player_4,Player_68,2,0,2
39,1,6,5,Player_18,Player_97,1,0,1
39,1,6,6,Player_17,Player_52,3,0,3
39,1,7,1,Player_26,Player_97,4,0,4
39,1,7,2,Player_7,Player_95,4,0,4
39,1,7,3,Player_17,Player_58,1,0,1
39,1,7,4,Player_42,Player_61,4,0,4
39,1,7,5,Player_47,Player_73,6,0,6
39,1,7,6,Player_29,Player_72,0,0,0
39,1,8,1,Player_39,Player_61,1,0,1
39,1,8,2,Player_6,Player_52,0,0,0
39,1,8,3,Player_6,Player_82,3,0,3
39,1,8,4,Player_2,Player_87,2,0,2
39,1,8,5,Player_24,Player_70,1,0,1
39,1,8,6,Player_11,Player_52,0,0,0
39,1,9,1,Player_23,Player_71,6,0,6
39,1,9,2,Player_2,Player_66,4,0,4
39,1,9,3,Player_11,Player_66,1,0,1
39,1,9,4,Player_8,Player_78,2,0,2
39,1,9,5,Player_20,Player_96,0,0,0
39,1,9,6,Player_40,Player_66,2,0,2
39,1,10,1,Player_4,Player_74,0,0,0
39,1,10,2,Player_22,Player_77,3,0,3
39,1,10,3,Player_10,Player_99,0,0,0
39,1,10,4,Player_46,Player_91,0,0,0
39,1,10,5,Player_10,Player_51,0,0,0
39,1,10,6,Player_11,Player_59,0,0,0
39,1,11,1,Player_41,Player_62,0,0,0
39,1,11,2,Player_27,Player_96,4,0,4
39,1,11,3,Player_9,Player_97,1,0,1
39,1,11,4,Player_6,Player_64,0,0,0
39,1,11,5,Player_9,Player_93,0,0,0
39,1,11,6,Player_32,Player_68,1,1,2
39,1,12,1,Player_12,Player_96,0,0,0
39,1,12,2,Player_7,Player_60,1,0,1
39,1,12,3,Player_18,Player_97,2,0,2
39,1,12,4,Player_4,Player_97,3,0,3
39,1,12,5,Player_43,Player_76,2,0,2
39,1,12,6,Player_30,Player_75,0,0,0
39,1,13,1,Player_33,Player_83,3,1,4
39,1,13,2,Player_4,Player_59,0,1,1
39,1,13,3,Player_9,Player_71,0,0,0
39,1,13,4,Player_13,Player_73,1,1,2
39,1,13,5,Player_44,Player_96,1,0,1
39,1,13,6,Player_6,Player_57,3,1,4
39,1,14,1,Player_49,Player_59,2,0,2
39,1,14,2,Player_20,Player_83,1,0,1
39,1,14,3,Player_5,Player_51,1,0,1
39,1,14,4,Player_46,Player_96,1,0,1
39,1,14,5,Player_39,Player_97,6,0,6
39,1,14,6,Player_39,Player_89,0,0,0
39,1,15,1,Player_19,Player_67,1,0,1
39,1,15,2,Player_13,Player_83,0,1,1
39,1,15,3,Player_8,Player_92,0,0,0
39,1,15,4,Player_36,Player_87,0,0,0
39,1,15,5,Player_9,Player_76,1,0,1
39,1,15,6,Player_17,Player_86,0,0,0
39,1,16,1,Player_16,Player_60,0,0,0
39,1,16,2,Player_31,Player_83,0,0,0
39,1,16,3,Player_2,Player_76,4,0,4
39,1,16,4,Player_16,Player_50,0,0,0
39,1,16,5,Player_48,Player_81,1,0,1
39,1,16,6,Player_11,Player_80,0,0,0
39,1,17,1,Player_22,Player_50,0,0,0
39,1,17,2,Player_27,Player_78,0,0,0
39,1,17,3,Player_1,Player_52,0,0,0
39,1,17,4,Player_38,Player_98,0,0,0
39,1,17,5,Player_42,Player_95,3,0,3
39,1,17,6,Player_4,Player_98,0,0,0
39,1,18,1,Player_18,Player_90,2,0,2
39,1,18,2,Player_1,Player_68,0,0,0
39,1,18,3,Player_12,Player_93,0,0,0
39,1,18,4,Player_25,Player_95,2,0,2
39,1,18,5,Player_37,Player_66,0,1,1
39,1,18,6,Player_19,Player_53,4,0,4
39,1,19,1,Player_38,Player_94,0,0,0
39,1,19,2,Player_37,Player_76,1,0,1
39,1,19,3,Player_13,Player_84,0,0,0
39,1,19,4,Player_37,Player_97,1,0,1
39,1,19,5,Player_11,Player_53,0,0,0
39,1,19,6,Player_27,Player_97,3,0,3
39,1,20,1,Player_36,Player_51,0,0,0
39,1,20,2,Player_33,Player_99,0,0,0
39,1,20,3,Player_42,Player_99,4,0,4
39,1,20,4,Player_27,Player_50,1,0,1
39,1,20,5,Player_46,Player_73,0,0,0
39,1,20,6,Player_36,Player_73,0,0,0
39,2,1,1,Player_8,Player_88,1,0,1
39,2,1,2,Player_42,Player_88,0,0,0
39,2,1,3,Player_48,Player_63,1,0,1
39,2,1,4,Player_48,Player_84,2,1,3
39,2,1,5,Player_2,Player_56,0,0,0
39,2,1,6,Player_16,Player_78,2,0,2
39,2,2,1,Player_10,Player_53,0,0,0
39,2,2,2,Player_17,Player_89,0,0,0
39,2,2,3,Player_24,Player_50,0,0,0
39,2,2,4,Player_36,Player_76,0,0,0
39,2,2,5,Player_26,Player_74,1,0,1
39,2,2,6,Player_13,Player_74,2,0,2
39,2,3,1,Player_21,Player_64,1,0,1
39,2,3,2,Player_47,Player_66,2,0,2
39,2,3,3,Player_41,Player_57,0,0,0
39,2,3,4,Player_43,Player_57,4,0,4
39,2,3,5,Player_34,Player_69,2,0,2
39,2,3,6,Player_13,Player_55,1,0,1
39,2,4,1,Player_47,Player_80,1,0,1
39,2,4,2,Player_17,Player_87,0,0,0
39,2,4,3,Player_5,Player_73,0,0,0
39,2,4,4,Player_31,Player_77,1,0,1
39,2,4,5,Player_29,Player_53,1,0,1
39,2,4,6,Player_9,Player_96,1,0,1
39,2,5,1,Player_33,Player_80,4,0,4
39,2,5,2,Player_5,Player_78,1,0,1
39,2,5,3,Player_21,Player_61,0,0,0
39,2,5,4,Player_43,Player_91,6,0,6
39,2,5,5,Player_27,Player_90,0,0,0
39,2,5,6,Player_17,Player_69,1,0,1
39,2,6,1,Player_5,Player_62,0,0,0
39,2,6,2,Player_19,Player_74,1,0,1
39,2,6,3,Player_26,Player_96,2,0,2
39,2,6,4,Player_15,Player_50,0,0,0
39,2,6,5,Player_42,Player_65,1,0,1
39,2,6,6,Player_10,Player_79,0,0,0
39,2,7,1,Player_44,Player_59,1,0,1
39,2,7,2,Player_19,Player_93,4,0,4
39,2,7,3,Player_48,Player_84,1,0,1
39,2,7,4,Player_33,Player_96,2,0,2
39,2,7,5,Player_9,Player_50,1,0,1
39,2,7,6,Player_40,Player_73,0,0,0
39,2,8,1,Player_44,Player_97,0,0,0
39,2,8,2,Player_3,Player_67,0,0,0
39,2,8,3,Player_31,Player_70,2,0,2
39,2,8,4,Player_48,Player_69,3,0,3
39,2,8,5,Player_46,Player_79,0,0,0
39,2,8,6,Player_7,Player_54,4,0,4
39,2,9,1,Player_13,Player_93,0,0,0
39,2,9,2,Player_26,Player_68,0,0,0
39,2,9,3,Player_17,Player_97,1,0,1
39,2,9,4,Player_22,Player_59,0,0,0
39,2,9,5,Player_29,Player_60,4,0,4
39,2,9,6,Player_27,Player_68,0,0,0
39,2,10,1,Player_4,Player_86,4,0,4
39,2,10,2,Player_40,Player_85,1,0,1
39,2,10,3,Player_14,Player_62,1,0,1
39,2,10,4,Player_30,Player_93,1,0,1
39,2,10,5,Player_27,Player_66,0,0,0
39,2,10,6,Player_35,Player_64,0,0,0
39,2,11,1,Player_26,Player_84,1,0,1
39,2,11,2,Player_5,Player_58,4,0,4
39,2,11,3,Player_43,Player_97,6,0,6
39,2,11,4,Player_21,Player_59,0,0,0
39,2,11,5,Player_21,Player_86,2,0,2
39,2,11,6,Player_46,Player_63,0,0,0
39,2,12,1,Player_27,Player_86,1,0,1
39,2,12,2,Player_35,Player_93,0,0,0
39,2,12,3,Player_12,Player_83,2,0,2
39,2,12,4,Player_30,Player_52,1,0,1
39,2,12,5,Player_16,Player_91,3,0,3
39,2,12,6,Player_43,Player_75,0,0,0
39,2,13,1,Player_5,Player_58,1,0,1
39,2,13,2,Player_43,Player_62,1,0,1
39,2,13,3,Player_9,Player_67,1,0,1
39,2,13,4,Player_44,Player_75,0,0,0
39,2,13,5,Player_41,Player_91,0,0,0
39,2,13,6,Player_10,Player_77,0,0,0
39,2,14,1,Player_17,Player_83,0,0,0
39,2,14,2,Player_34,Player_68,0,0,0
39,2,14,3,Player_20,Player_88,2,0,2
39,2,14,4,Player_7,Player_82,0,0,0
39,2,14,5,Player_23,Player_67,0,1,1
39,2,14,6,Player_15,Player_54,6,0,6
39,2,15,1,Player_11,Player_51,1,0,1
39,2,15,2,Player_4,Player_64,0,0,0
39,2,15,3,Player_32,Player_85,6,0,6
39,2,15,4,Player_9,Player_61,2,0,2
39,2,15,5,Player_14,Player_98,0,0,0
39,2,15,6,Player_43,Player_51,1,0,1
39,2,16,1,Player_1,Player_71,3,0,3
39,2,16,2,Player_34,Player_61,0,0,0
39,2,16,3,Player_12,Player_76,2,0,2
39,2,16,4,Player_43,Player_51,0,0,0
39,2,16,5,Player_25,Player_87,1,0,1
39,2,16,6,Player_39,Player_68,3,0,3
39,2,17,1,Player_17,Player_55,0,0,0
39,2,17,2,Player_5,Player_72,0,0,0
39,2,17,3,Player_4,Player_61,0,1,1
39,2,17,4,Player_30,Player_99,0,0,0
39,2,17,5,Player_9,Player_67,1,0,1
39,2,17,6,Player_4,Player_90,2,0,2
39,2,18,1,Player_42,Player_59,0,0,0
39,2,18,2,Player_16,Player_95,3,1,4
39,2,18,3,Player_40,Player_72,0,0,0
39,2,18,4,Player_28,Player_69,0,0,0
39,2,18,5,Player_43,Player_62,2,0,2
39,2,18,6,Player_45,Player_71,0,0,0
39,2,19,1,Player_3,Player_64,3,0,3
39,2,19,2,Player_17,Player_72,1,0,1
39,2,19,3,Player_17,Player_50,0,0,0
39,2,19,4,Player_16,Player_65,0,0,0
39,2,19,5,Player_44,Player_75,0,0,0
39,2,19,6,Player_44,Player_53,0,0,0
39,2,20,1,Player_21,Player_66,0,0,0
39,2,20,2,Player_18,Player_69,1,0,1
39,2,20,3,Player_44,Player_80,0,0,0
39,2,20,4,Player_13,Player_72,3,0,3
39,2,20,5,Player_28,Player_81,4,0,4
39,2,20,6,Player_29,Player_91,6,0,6
40,1,1,1,Player_42,Player_78,2,0,2
40,1,1,2,Player_4,Player_54,0,0,0
40,1,1,3,Player_34,Player_74,1,1,2
40,1,1,4,Player_36,Player_81,0,0,0
40,1,1,5,Player_2,Player_95,2,0,2
40,1,1,6,Player_38,Player_77,1,0,1
40,1,2,1,Player_33,Player_88,0,0,0
40,1,2,2,Player_15,Player_72,3,1,4
40,1,2,3,Player_10,Player_77,3,0,3
40,1,2,4,Player_5,Player_53,0,0,0
40,1,2,5,Player_26,Player_72,1,0,1
40,1,2,6,Player_35,Player_97,2,0,2
40,1,3,1,Player_33,Player_56,0,0,0
40,1,3,2,Player_48,Player_93,4,0,4
40,1,3,3,Player_49,Player_57,1,0,1
40,1,3,4,Player_39,Player_92,4,0,4
40,1,3,5,Player_39,Player_77,0,0,0
40,1,3,6,Player_48,Player_69,1,0,1
40,1,4,1,Player_8,Player_75,3,0,3
40,1,4,2,Player_41,Player_90,0,0,0
40,1,4,3,Player_41,Player_74,2,0,2
40,1,4,4,Player_12,Player_60,0,0,0
40,1,4,5,Player_44,Player_53,0,0,0
40,1,4,6,Player_43,Player_95,0,0,0
40,1,5,1,Player_44,Player_78,1,0,1
40,1,5,2,Player_20,Player_96,1,0,1
40,1,5,3,Player_26,Player_69,1,1,2
40,1,5,4,Player_23,Player_60,0,0,0
40,1,5,5,Player_14,Player_50,0,0,0
40,1,5,6,Player_26,Player_52,2,0,2
40,1,6,1,Player_6,Player_89,0,0,0
40,1,6,2,Player_28,Player_81,0,0,0
40,1,6,3,Player_32,Player_75,2,0,2
40,1,6,4,Player_19,Player_90,2,0,2
40,1,6,5,Player_14,Player_67,1,0,1
40,1,6,6,Player_39,Player_91,0,0,0
40,1,7,1,Player_6,Player_75,1,0,1
40,1,7,2,Player_26,Player_66,0,0,0
40,1,7,3,Player_21,Player_56,0,0,0
40,1,7,4,Player_36,Player_92,1,0,1
40,1,7,5,Player_30,Player_60,0,0,0
40,1,7,6,Player_48,Player_51,1,0,1
40,1,8,1,Player_49,Player_69,1,0,1
40,1,8,2,Player_2,Player_79,6,0,6
40,1,8,3,Player_8,Player_63,0,0,0
40,1,8,4,Player_24,Player_81,1,0,1
40,1,8,5,Player_42,Player_88,1,0,1
40,1,8,6,Player_34,Player_87,1,0,1
40,1,9,1,Player_22,Player_65,0,0,0
40,1,9,2,Player_44,Player_96,0,0,0
40,1,9,3,Player_17,Player_90,1,0,1
40,1,9,4,Player_13,Player_51,0,0,0
40,1,9,5,Player_28,Player_97,1,0,1
40,1,9,6,Player_33,Player_67,4,0,4
40,1,10,1,Player_9,Player_93,1,0,1
40,1,10,2,Player_33,Player_76,1,0,1
40,1,10,3,Player_16,Player_91,1,0,1
40,1,10,4,Player_27,Player_64,0,0,0
40,1,10,5,Player_1,Player_50,1,0,1
40,1,10,6,Player_46,Player_65,1,0,1
40,1,11,1,Player_10,Player_74,2,0,2
40,1,11,2,Player_35,Player_63,4,0,4
40,1,11,3,Player_38,Player_50,2,0,2
40,1,11,4,Player_44,Player_81,0,0,0
40,1,11,5,Player_40,Player_94,4,0,4
40,1,11,6,Player_46,Player_75,1,0,1
40,1,12,1,Player_8,Player_54,0,0,0
40,1,12,2,Player_36,Player_70,0,0,0
40,1,12,3,Player_39,Player_60,0,0,0
40,1,12,4,Player_37,Player_56,1,0,1
40,1,12,5,Player_38,Player_83,0,1,1
40,1,12,6,Player_25,Player_78,1,0,1
40,1,13,1,Player_38,Player_56,0,0,0
40,1,13,2,Player_36,Player_68,0,0,0
40,1,13,3,Player_9,Player_51,0,1,1
40,1,13,4,Player_26,Player_74,6,0,6
40,1,13,5,Player_10,Player_74,4,0,4
40,1,13,6,Player_44,Player_98,1,0,1
40,1,14,1,Player_17,Player_64,3,0,3
40,1,14,2,Player_32,Player_78,1,0,1
40,1,14,3,Player_36,Player_50,2,0,2
40,1,14,4,Player_34,Player_85,1,0,1
40,1,14,5,Player_9,Player_92,0,0,0
40,1,14,6,Player_17,Player_62,1,1,2
40,1,15,1,Player_10,Player_74,2,0,2
40,1,15,2,Player_15,Player_76,0,0,0
40,1,15,3,Player_15,Player_94,0,0,0
40,1,15,4,Player_16,Player_73,4,0,4
40,1,15,5,Player_39,Player_97,0,1,1
40,1,15,6,Player_17,Player_68,1,0,1
40,1,16,1,Player_15,Player_69,0,0,0
40,1,16,2,Player_44,Player_55,1,0,1
40,1,16,3,Player_44,Player_88,0,0,0
40,1,16,4,Player_40,Player_97,1,1,2
40,1,16,5,Player_30,Player_87,4,0,4
40,1,16,6,Player_12,Player_51,0,0,0
40,1,17,1,Player_31,Player_77,2,0,2
40,1,17,2,Player_7,Player_95,1,0,1
40,1,17,3,Player_6,Player_70,4,0,4
40,1,17,4,Player_39,Player_98,4,0,4
40,1,17,5,Player_39,Player_70,2,0,2
40,1,17,6,Player_24,Player_60,1,0,1
40,1,18,1,Player_37,Player_85,3,0,3
40,1,18,2,Player_46,Player_65,0,0,0
40,1,18,3,Player_27,Player_59,3,0,3
40,1,18,4,Player_3,Player_92,0,0,0
40,1,18,5,Player_42,Player_82,0,0,0
40,1,18,6,Player_20,Player_66,1,0,1
40,1,19,1,Player_8,Player_56,0,0,0
40,1,19,2,Player_8,Player_54,1,1,2
40,1,19,3,Player_27,Player_89,4,0,4
40,1,19,4,Player_4,Player_77,2,0,2
40,1,19,5,Player_42,Player_52,4,0,4
40,1,19,6,Player_37,Player_86,4,1,5
40,1,20,1,Player_42,Player_87,0,0,0
40,1,20,2,Player_48,Player_92,4,0,4
40,1,20,3,Player_49,Player_61,4,0,4
40,1,20,4,Player_10,Player_73,1,0,1
40,1,20,5,Player_5,Player_75,6,0,6
40,1,20,6,Player_5,Player_75,1,0,1
40,2,1,1,Player_31,Player_80,1,0,1
40,2,1,2,Player_22,Player_63,1,0,1
40,2,1,3,Player_22,Player_81,0,0,0
40,2,1,4,Player_4,Player_94,0,0,0
40,2,1,5,Player_13,Player_69,6,0,6
40,2,1,6,Player_20,Player_85,0,1,1
40,2,2,1,Player_6,Player_51,0,1,1
40,2,2,2,Player_40,Player_93,1,0,1
40,2,2,3,Player_42,Player_60,0,0,0
40,2,2,4,Player_25,Player_70,0,0,0
40,2,2,5,Player_46,Player_77,0,1,1
40,2,2,6,Player_8,Player_83,4,0,4
40,2,3,1,Player_28,Player_60,1,0,1
40,2,3,2,Player_32,Player_81,1,0,1
40,2,3,3,Player_21,Player_71,1,0,1
40,2,3,4,Player_24,Player_52,0,0,0
40,2,3,5,Player_13,Player_53,1,0,1
40,2,3,6,Player_41,Player_67,0,0,0
40,2,4,1,Player_33,Player_74,4,0,4
40,2,4,2,Player_22,Player_98,0,0,0
40,2,4,3,Player_28,Player_62,0,0,0
40,2,4,4,Player_12,Player_52,4,0,4
40,2,4,5,Player_13,Player_56,6,0,6
40,2,4,6,Player_29,Player_94,1,0,1
40,2,5,1,Player_10,Player_57,1,0,1
40,2,5,2,Player_19,Player_61,3,1,4
40,2,5,3,Player_18,Player_52,1,0,1
40,2,5,4,Player_42,Player_89,3,0,3
40,2,5,5,Player_35,Player_79,3,1,4
40,2,5,6,Player_43,Player_77,0,0,0
40,2,6,1,Player_34,Player_80,1,0,1
40,2,6,2,Player_15,Player_69,0,0,0
40,2,6,3,Player_4,Player_67,4,0,4
40,2,6,4,Player_25,Player_54,0,0,0
40,2,6,5,Player_35,Player_55,2,0,2
40,2,6,6,Player_28,Player_68,2,0,2
40,2,7,1,Player_31,Player_91,1,0,1
40,2,7,2,Player_36,Player_66,6,1,7
40,2,7,3,Player_49,Player_66,1,0,1
40,2,7,4,Player_23,Player_79,0,0,0
40,2,7,5,Player_23,Player_96,2,0,2
40,2,7,6,Player_13,Player_87,1,0,1
40,2,8,1,Player_21,Player_64,1,0,1
40,2,8,2,Player_25,Player_73,0,0,0
40,2,8,3,Player_34,Player_90,1,0,1
40,2,8,4,Player_23,Player_87,0,0,0
40,2,8,5,Player_14,Player_56,4,0,4
40,2,8,6,Player_2,Player_90,1,0,1
40,2,9,1,Player_43,Player_75,1,0,1
40,2,9,2,Player_14,Player_74,6,0,6
40,2,9,3,Player_40,Player_57,3,0,3
40,2,9,4,Player_9,Player_81,2,0,2
40,2,9,5,Player_18,Player_94,0,0,0
40,2,9,6,Player_29,Player_72,0,0,0
40,2,10,1,Player_7,Player_94,1,0,1
40,2,10,2,Player_33,Player_92,4,0,4
40,2,10,3,Player_48,Player_92,6,0,6
40,2,10,4,Player_9,Player_90,0,0,0
40,2,10,5,Player_49,Player_91,0,0,0
40,2,10,6,Player_21,Player_54,6,0,6
40,2,11,1,Player_25,Player_56,4,0,4
40,2,11,2,Player_28,Player_55,0,0,0
40,2,11,3,Player_36,Player_51,0,0,0
40,2,11,4,Player_13,Player_80,0,0,0
40,2,11,5,Player_10,Player_87,1,0,1
40,2,11,6,Player_37,Player_81,1,0,1
40,2,12,1,Player_5,Player_59,2,0,2
40,2,12,2,Player_41,Player_91,0,0,0
40,2,12,3,Player_38,Player_86,0,0,0
40,2,12,4,Player_34,Player_93,0,0,0
40,2,12,5,Player_36,Player_58,0,0,0
40,2,12,6,Player_35,Player_55,0,0,0
40,2,13,1,Player_1,Player_58,1,0,1
40,2,13,2,Player_9,Player_93,0,0,0
40,2,13,3,Player_48,Player_57,1,0,1
40,2,13,4,Player_17,Player_84,1,0,1
40,2,13,5,Player_25,Player_95,0,0,0
40,2,13,6,Player_31,Player_84,1,0,1
40,2,14,1,Player_22,Player_85,0,0,0
40,2,14,2,Player_34,Player_56,0,1,1
40,2,14,3,Player_32,Player_66,1,0,1
40,2,14,4,Player_17,Player_81,0,0,0
40,2,14,5,Player_2,Player_88,6,0,6
40,2,14,6,Player_33,Player_91,0,0,0
40,2,15,1,Player_31,Player_86,0,0,0
40,2,15,2,Player_40,Player_73,4,0,4
40,2,15,3,Player_25,Player_52,0,0,0
40,2,15,4,Player_48,Player_62,0,0,0
40,2,15,5,Player_43,Player_73,1,0,1
40,2,15,6,Player_14,Player_73,0,0,0
40,2,16,1,Player_23,Player_55,0,0,0
40,2,16,2,Player_14,Player_66,4,0,4
40,2,16,3,Player_49,Player_87,1,0,1
40,2,16,4,Player_45,Player_57,4,0,4
40,2,16,5,Player_48,Player_86,6,0,6
40,2,16,6,Player_35,Player_83,1,0,1
40,2,17,1,Player_4,Player_98,0,0,0
40,2,17,2,Player_22,Player_59,2,0,2
40,2,17,3,Player_19,Player_75,0,0,0
40,2,17,4,Player_11,Player_65,1,0,1
40,2,17,5,Player_32,Player_90,0,0,0
40,2,17,6,Player_8,Player_87,0,0,0
40,2,18,1,Player_11,Player_91,3,0,3
40,2,18,2,Player_33,Player_64,0,0,0
40,2,18,3,Player_8,Player_98,0,1,1
40,2,18,4,Player_19,Player_52,6,0,6
40,2,18,5,Player_6,Player_87,1,0,1
40,2,18,6,Player_48,Player_52,1,0,1
40,2,19,1,Player_35,Player_60,1,0,1
40,2,19,2,Player_5,Player_57,0,0,0
40,2,19,3,Player_10,Player_77,0,0,0
40,2,19,4,Player_38,Player_86,0,0,0
40,2,19,5,Player_6,Player_79,6,0,6
40,2,19,6,Player_49,Player_63,3,0,3
40,2,20,1,Player_31,Player_93,1,0,1
40,2,20,2,Player_10,Player_62,0,0,0
40,2,20,3,Player_22,Player_58,0,1,1
40,2,20,4,Player_7,Player_64,4,0,4
40,2,20,5,Player_48,Player_51,1,0,1
40,2,20,6,Player_11,Player_54,0,0,0
41,1,1,1,Player_23,Player_79,0,0,0
41,1,1,2,Player_22,Player_92,4,0,4
41,1,1,3,Player_40,Player_95,3,0,3
41,1,1,4,Player_15,Player_96,1,0,1
41,1,1,5,Player_19,Player_93,4,0,4
41,1,1,6,Player_43,Player_52,0,0,0
41,1,2,1,Player_41,Player_87,0,0,0
41,1,2,2,Player_35,Player_61,1,0,1
41,1,2,3,Player_8,Player_76,6,0,6
41,1,2,4,Player_23,Player_78,1,0,1
41,1,2,5,Player_9,Player_75,2,0,2
41,1,2,6,Player_16,Player_62,2,0,2
41,1,3,1,Player_36,Player_71,0,0,0
41,1,3,2,Player_46,Player_69,0,0,0
41,1,3,3,Player_36,Player_59,1,0,1
41,1,3,4,Player_40,Player_58,0,0,0
41,1,3,5,Player_15,Player_81,3,0,3
41,1,3,6,Player_39,Player_65,1,0,1
41,1,4,1,Player_6,Player_87,1,0,1
41,1,4,2,Player_40,Player_56,0,0,0
41,1,4,3,Player_16,Player_96,1,0,1
41,1,4,4,Player_20,Player_63,3,0,3
41,1,4,5,Player_3,Player_51,0,0,0
41,1,4,6,Player_5,Player_93,0,0,0
41,1,5,1,Player_39,Player_93,0,0,0
41,1,5,2,Player_16,Player_76,1,0,1
41,1,5,3,Player_33,Player_99,0,0,0
41,1,5,4,Player_15,Player_71,3,0,3
41,1,5,5,Player_36,Player_98,2,0,2
41,1,5,6,Player_20,Player_96,0,0,0
41,1,6,1,Player_45,Player_56,0,0,0
41,1,6,2,Player_11,Player_89,1,0,1
41,1,6,3,Player_18,Player_80,1,0,1
41,1,6,4,Player_26,Player_55,1,0,1
41,1,6,5,Player_47,Player_58,0,0,0
41,1,6,6,Player_7,Player_80,0,0,0
41,1,7,1,Player_20,Player_54,1,0,1
41,1,7,2,Player_35,Player_72,0,0,0
41,1,7,3,Player_14,Player_63,0,0,0
41,1,7,4,Player_4,Player_96,0,0,0
41,1,7,5,Player_20,Player_65,4,0,4
41,1,7,6,Player_20,Player_70,1,0,1
41,1,8,1,Player_5,Player_70,1,0,1
41,1,8,2,Player_10,Player_76,0,0,0
41,1,8,3,Player_31,Player_91,3,0,3
41,1,8,4,Player_19,Player_98,0,0,0
41,1,8,5,Player_37,Player_96,0,0,0
41,1,8,6,Player_5,Player_82,0,0,0
41,1,9,1,Player_25,Player_92,1,0,1
41,1,9,2,Player_30,Player_97,1,0,1
41,1,9,3,Player_46,Player_80,3,0,3
41,1,9,4,Player_33,Player_66,0,0,0
41,1,9,5,Player_28,Player_66,0,0,0
41,1,9,6,Player_17,Player_65,0,0,0
41,1,10,1,Player_20,Player_98,0,0,0
41,1,10,2,Player_33,Player_80,2,0,2
41,1,10,3,Player_1,Player_55,0,1,1
41,1,10,4,Player_30,Player_66,1,0,1
41,1,10,5,Player_28,Player_94,0,0,0
41,1,10,6,Player_19,Player_73,1,0,1
41,1,11,1,Player_9,Player_71,6,0,6
41,1,11,2,Player_16,Player_54,1,0,1
41,1,11,3,Player_3,Player_58,0,0,0
41,1,11,4,Player_36,Player_74,6,0,6
41,1,11,5,Player_21,Player_78,0,1,1
41,1,11,6,Player_11,Player_68,1,0,1
41,1,12,1,Player_21,Player_94,0,0,0
41,1,12,2,Player_47,Player_68,1,0,1
41,1,12,3,Player_11,Player_87,1,0,1
41,1,12,4,Player_47,Player_54,0,0,0
41,1,12,5,Player_35,Player_97,2,0,2
41,1,12,6,Player_21,Player_79,1,0,1
41,1,13,1,Player_9,Player_98,1,0,1
41,1,13,2,Player_33,Player_71,0,0,0
41,1,13,3,Player_5,Player_56,3,0,3
41,1,13,4,Player_24,Player_86,0,0,0
41,1,13,5,Player_25,Player_76,0,0,0
41,1,13,6,Player_7,Player_95,4,0,4
41,1,14,1,Player_16,Player_57,6,0,6
41,1,14,2,Player_36,Player_71,0,0,0
41,1,14,3,Player_6,Player_71,1,0,1
41,1,14,4,Player_27,Player_50,2,0,2
41,1,14,5,Player_39,Player_55,0,0,0
41,1,14,6,Player_36,Player_72,0,0,0
41,1,15,1,Player_27,Player_51,3,1,4
41,1,15,2,Player_24,Player_97,3,0,3
41,1,15,3,Player_30,Player_94,0,0,0
41,1,15,4,Player_43,Player_89,1,0,1
41,1,15,5,Player_6,Player_91,4,0,4
41,1,15,6,Player_15,Player_68,4,0,4
41,1,16,1,Player_47,Player_69,0,0,0
41,1,16,2,Player_39,Player_86,0,0,0
41,1,16,3,Player_12,Player_54,2,0,2
41,1,16,4,Player_39,Player_69,4,0,4
41,1,16,5,Player_15,Player_55,0,0,0
41,1,16,6,Player_10,Player_50,1,1,2
41,1,17,1,Player_28,Player_71,0,0,0
41,1,17,2,Player_2,Player_74,1,0,1
41,1,17,3,Player_17,Player_89,0,0,0
41,1,17,4,Player_47,Player_94,4,0,4
41,1,17,5,Player_25,Player_73,1,0,1
41,1,17,6,Player_35,Player_99,0,0,0
41,1,18,1,Player_7,Player_75,2,0,2
41,1,18,2,Player_39,Player_99,3,0,3
41,1,18,3,Player_8,Player_70,0,0,0
41,1,18,4,Player_17,Player_65,3,0,3
41,1,18,5,Player_17,Player_50,2,0,2
41,1,18,6,Player_26,Player_61,1,0,1
41,1,19,1,Player_2,Player_63,4,1,5
41,1,19,2,Player_13,Player_98,1,0,1
41,1,19,3,Player_14,Player_87,4,0,4
41,1,19,4,Player_41,Player_64,2,0,2
41,1,19,5,Player_37,Player_68,1,0,1
41,1,19,6,Player_18,Player_76,3,0,3
41,1,20,1,Player_42,Player_55,1,0,1
41,1,20,2,Player_18,Player_73,0,0,0
41,1,20,3,Player_16,Player_91,0,0,0
41,1,20,4,Player_29,Player_64,3,0,3
41,1,20,5,Player_9,Player_95,0,0,0
41,1,20,6,Player_44,Player_63,3,0,3
41,2,1,1,Player_6,Player_84,1,0,1
41,2,1,2,Player_2,Player_87,0,0,0
41,2,1,3,Player_30,Player_76,6,0,6
41,2,1,4,Player_42,Player_55,0,0,0
41,2,1,5,Player_14,Player_69,1,0,1
41,2,1,6,Player_37,Player_89,0,0,0
41,2,2,1,Player_8,Player_79,4,0,4
41,2,2,2,Player_47,Player_54,0,1,1
41,2,2,3,Player_8,Player_95,2,0,2
41,2,2,4,Player_5,Player_79,4,0,4
41,2,2,5,Player_19,Player_79,1,1,2
41,2,2,6,Player_1,Player_66,4,0,4
41,2,3,1,Player_26,Player_85,0,0,0
41,2,3,2,Player_15,Player_61,0,0,0
41,2,3,3,Player_8,Player_80,0,0,0
41,2,3,4,Player_28,Player_74,0,0,0
41,2,3,5,Player_37,Player_59,0,0,0
41,2,3,6,Player_27,Player_66,1,0,1
41,2,4,1,Player_9,Player_85,1,0,1
41,2,4,2,Player_41,Player_72,2,0,2
41,2,4,3,Player_24,Player_96,0,0,0
41,2,4,4,Player_24,Player_91,3,0,3
41,2,4,5,Player_16,Player_85,0,0,0
41,2,4,6,Player_24,Player_68,4,0,4
41,2,5,1,Player_16,Player_50,0,0,0
41,2,5,2,Player_30,Player_69,2,0,2
41,2,5,3,Player_15,Player_78,2,0,2
41,2,5,4,Player_1,Player_94,1,0,1
41,2,5,5,Player_3,Player_89,4,0,4
41,2,5,6,Player_28,Player_64,1,0,1
41,2,6,1,Player_37,Player_70,1,0,1
41,2,6,2,Player_6,Player_60,6,0,6
41,2,6,3,Player_27,Player_55,0,0,0
41,2,6,4,Player_34,Player_54,6,1,7
41,2,6,5,Player_21,Player_56,0,0,0
41,2,6,6,Player_29,Player_55,0,1,1
41,2,7,1,Player_37,Player_59,4,0,4
41,2,7,2,Player_7,Player_51,0,0,0
41,2,7,3,Player_16,Player_59,1,0,1
41,2,7,4,Player_12,Player_62,1,0,1
41,2,7,5,Player_18,Player_59,0,0,0
41,2,7,6,Player_49,Player_55,4,0,4
41,2,8,1,Player_26,Player_53,0,1,1
41,2,8,2,Player_47,Player_75,0,0,0
41,2,8,3,Player_6,Player_54,3,0,3
41,2,8,4,Player_37,Player_52,0,0,0
41,2,8,5,Player_46,Player_59,4,0,4
41,2,8,6,Player_3,Player_65,0,0,0
41,2,9,1,Player_43,Player_89,0,0,0
41,2,9,2,Player_46,Player_57,0,0,0
41,2,9,3,Player_2,Player_69,0,0,0
41,2,9,4,Player_18,Player_62,0,0,0
41,2,9,5,Player_28,Player_54,0,0,0
41,2,9,6,Player_13,Player_55,0,0,0
41,2,10,1,Player_29,Player_87,0,0,0
41,2,10,2,Player_32,Player_72,1,0,1
41,2,10,3,Player_21,Player_75,2,0,2
41,2,10,4,Player_15,Player_82,4,0,4
41,2,10,5,Player_29,Player_97,1,0,1
41,2,10,6,Player_22,Player_76,1,0,1
41,2,11,1,Player_10,Player_71,1,0,1
41,2,11,2,Player_28,Player_86,0,1,1
41,2,11,3,Player_1,Player_83,1,0,1
41,2,11,4,Player_12,Player_63,1,0,1
41,2,11,5,Player_40,Player_80,0,0,0
41,2,11,6,Player_15,Player_62,1,0,1
41,2,12,1,Player_15,Player_93,0,0,0
41,2,12,2,Player_25,Player_76,0,1,1
41,2,12,3,Player_5,Player_72,0,0,0
41,2,12,4,Player_44,Player_92,1,0,1
41,2,12,5,Player_39,Player_72,0,0,0
41,2,12,6,Player_16,Player_97,0,0,0
41,2,13,1,Player_29,Player_88,1,1,2
41,2,13,2,Player_18,Player_71,0,0,0
41,2,13,3,Player_36,Player_57,0,0,0
41,2,13,4,Player_8,Player_79,1,0,1
41,2,13,5,Player_42,Player_98,0,0,0
41,2,13,6,Player_2,Player_50,6,0,6
41,2,14,1,Player_29,Player_59,0,0,0
41,2,14,2,Player_1,Player_75,0,0,0
41,2,14,3,Player_13,Player_76,0,0,0
41,2,14,4,Player_31,Player_54,0,0,0
41,2,14,5,Player_1,Player_52,1,0,1
41,2,14,6,Player_21,Player_94,2,0,2
41,2,15,1,Player_31,Player_92,0,0,0
41,2,15,2,Player_32,Player_54,2,0,2
41,2,15,3,Player_22,Player_88,0,0,0
41,2,15,4,Player_45,Player_53,0,0,0
41,2,15,5,Player_28,Player_91,1,0,1
41,2,15,6,Player_3,Player_56,4,0,4
41,2,16,1,Player_7,Player_56,0,0,0
41,2,16,2,Player_3,Player_92,2,0,2
41,2,16,3,Player_33,Player_65,1,0,1
41,2,16,4,Player_41,Player_89,1,0,1
41,2,16,5,Player_25,Player_56,1,0,1
41,2,16,6,Player_41,Player_82,4,0,4
41,2,17,1,Player_41,Player_81,1,0,1
41,2,17,2,Player_22,Player_51,0,0,0
41,2,17,3,Player_33,Player_59,4,0,4
41,2,17,4,Player_46,Player_88,0,0,0
41,2,17,5,Player_6,Player_94,2,0,2
41,2,17,6,Player_34,Player_91,0,0,0
41,2,18,1,Player_21,Player_59,4,0,4
41,2,18,2,Player_34,Player_80,4,0,4
41,2,18,3,Player_32,Player_93,1,0,1
41,2,18,4,Player_36,Player_86,1,0,1
41,2,18,5,Player_42,Player_85,0,0,0
41,2,18,6,Player_37,Player_92,1,0,1
41,2,19,1,Player_30,Player_67,0,0,0
41,2,19,2,Player_39,Player_61,4,0,4
41,2,19,3,Player_16,Player_91,0,0,0
41,2,19,4,Player_15,Player_97,1,0,1
41,2,19,5,Player_11,Player_65,1,0,1
41,2,19,6,Player_38,Player_99,0,0,0
41,2,20,1,Player_19,Player_83,1,0,1
41,2,20,2,Player_17,Player_65,4,0,4
41,2,20,3,Player_6,Player_79,3,0,3
41,2,20,4,Player_31,Player_74,1,0,1
41,2,20,5,Player_4,Player_92,2,0,2
41,2,20,6,Player_27,Player_85,0,0,0
42,1,1,1,Player_6,Player_92,0,0,0
42,1,1,2,Player_38,Player_58,2,0,2
42,1,1,3,Player_30,Player_56,1,0,1
42,1,1,4,Player_4,Player_77,1,0,1
42,1,1,5,Player_2,Player_90,0,0,0
42,1,1,6,Player_38,Player_50,0,1,1
42,1,2,1,Player_9,Player_89,4,0,4
42,1,2,2,Player_24,Player_67,0,0,0
42,1,2,3,Player_24,Player_55,0,0,0
42,1,2,4,Player_36,Player_58,0,0,0
42,1,2,5,Player_7,Player_75,1,0,1
42,1,2,6,Player_19,Player_95,0,0,0
42,1,3,1,Player_38,Player_70,0,0,0
42,1,3,2,Player_41,Player_98,2,0,2
42,1,3,3,Player_1,Player_59,0,1,1
42,1,3,4,Player_9,Player_66,0,0,0
42,1,3,5,Player_35,Player_53,1,0,1
42,1,3,6,Player_11,Player_93,0,0,0
42,1,4,1,Player_6,Player_84,1,0,1
42,1,4,2,Player_23,Player_91,1,0,1
42,1,4,3,Player_38,Player_60,0,0,0
42,1,4,4,Player_43,Player_73,0,0,0
42,1,4,5,Player_5,Player_94,1,0,1
42,1,4,6,Player_32,Player_79,1,0,1
42,1,5,1,Player_10,Player_92,2,0,2
42,1,5,2,Player_3,Player_72,3,0,3
42,1,5,3,Player_17,Player_55,1,0,1
42,1,5,4,Player_21,Player_82,0,0,0
42,1,5,5,Player_13,Player_83,6,0,6
42,1,5,6,Player_13,Player_50,1,0,1
42,1,6,1,Player_20,Player_62,0,0,0
42,1,6,2,Player_34,Player_83,4,0,4
42,1,6,3,Player_32,Player_70,3,0,3
42,1,6,4,Player_41,Player_73,0,0,0
42,1,6,5,Player_41,Player_78,1,0,1
42,1,6,6,Player_28,Player_68,2,0,2
42,1,7,1,Player_28,Player_84,3,0,3
42,1,7,2,Player_40,Player_95,3,0,3
42,1,7,3,Player_35,Player_84,0,0,0
42,1,7,4,Player_49,Player_95,2,0,2
42,1,7,5,Player_37,Player_74,0,0,0
42,1,7,6,Player_23,Player_58,0,0,0
42,1,8,1,Player_39,Player_72,0,0,0
42,1,8,2,Player_9,Player_60,1,0,1
42,1,8,3,Player_30,Player_54,4,0,4
42,1,8,4,Player_13,Player_76,0,0,0
42,1,8,5,Player_2,Player_61,0,0,0
42,1,8,6,Player_22,Player_89,4,0,4
42,1,9,1,Player_49,Player_84,0,0,0
42,1,9,2,Player_39,Player_97,1,0,1
42,1,9,3,Player_34,Player_76,1,0,1
42,1,9,4,Player_18,Player_86,0,0,0
42,1,9,5,Player_22,Player_97,2,0,2
42,1,9,6,Player_33,Player_62,1,0,1
42,1,10,1,Player_42,Player_87,4,0,4
42,1,10,2,Player_49,Player_82,6,0,6
42,1,10,3,Player_47,Player_85,2,0,2
42,1,10,4,Player_22,Player_53,0,0,0
42,1,10,5,Player_22,Player_74,2,0,2
42,1,10,6,Player_17,Player_65,2,0,2
42,1,11,1,Player_15,Player_66,0,0,0
42,1,11,2,Player_39,Player_67,3,0,3
42,1,11,3,Player_7,Player_59,1,0,1
42,1,11,4,Player_18,Player_96,1,0,1
42,1,11,5,Player_14,Player_72,1,0,1
42,1,11,6,Player_9,Player_82,0,0,0
42,1,12,1,Player_42,Player_69,0,0,0
42,1,12,2,Player_21,Player_96,4,0,4
42,1,12,3,Player_27,Player_74,4,0,4
42,1,12,4,Player_33,Player_74,2,0,2
42,1,12,5,Player_46,Player_58,0,0,0
42,1,12,6,Player_47,Player_93,2,0,2
42,1,13,1,Player_31,Player_73,1,0,1
42,1,13,2,Player_3,Player_65,6,0,6
42,1,13,3,Player_44,Player_73,0,0,0
42,1,13,4,Player_23,Player_87,4,0,4
42,1,13,5,Player_29,Player_59,1,0,1
42,1,13,6,Player_16,Player_72,0,0,0
42,1,14,1,Player_36,Player_69,4,0,4
42,1,14,2,Player_26,Player_71,1,1,2
42,1,14,3,Player_49,Player_92,4,0,4
42,1,14,4,Player_2,Player_55,2,0,2
42,1,14,5,Player_35,Player_62,0,0,0
42,1,14,6,Player_6,Player_77,4,0,4
42,1,15,1,Player_15,Player_96,0,0,0
42,1,15,2,Player_2,Player_98,0,0,0
42,1,15,3,Player_28,Player_55,3,0,3
42,1,15,4,Player_47,Player_67,1,0,1
42,1,15,5,Player_44,Player_98,1,0,1
42,1,15,6,Player_12,Player_66,0,0,0
42,1,16,1,Player_46,Player_63,3,0,3
42,1,16,2,Player_49,Player_99,0,0,0
42,1,16,3,Player_38,Player_75,3,0,3
42,1,16,4,Player_6,Player_90,0,0,0
42,1,16,5,Player_24,Player_79,3,0,3
42,1,16,6,Player_49,Player_58,0,0,0
42,1,17,1,Player_7,Player_91,6,0,6
42,1,17,2,Player_21,Player_75,0,0,0
42,1,17,3,Player_11,Player_57,0,0,0
42,1,17,4,Player_15,Player_87,2,0,2
42,1,17,5,Player_41,Player_59,0,0,0
42,1,17,6,Player_24,Player_75,0,1,1
42,1,18,1,Player_39,Player_54,1,0,1
42,1,18,2,Player_10,Player_82,2,0,2
42,1,18,3,Player_38,Player_99,0,1,1
42,1,18,4,Player_36,Player_85,0,0,0
42,1,18,5,Player_47,Player_99,0,0,0
42,1,18,6,Player_11,Player_65,0,0,0
42,1,19,1,Player_49,Player_80,4,0,4
42,1,19,2,Player_30,Player_94,0,0,0
42,1,19,3,Player_38,Player_94,2,0,2
42,1,19,4,Player_36,Player_58,0,0,0
42,1,19,5,Player_40,Player_94,0,0,0
42,1,19,6,Player_11,Player_91,1,0,1
42,1,20,1,Player_46,Player_68,2,0,2
42,1,20,2,Player_32,Player_75,2,0,2
42,1,20,3,Player_45,Player_63,1,0,1
42,1,20,4,Player_40,Player_67,0,0,0
42,1,20,5,Player_27,Player_73,2,0,2
42,1,20,6,Player_43,Player_81,0,0,0
42,2,1,1,Player_45,Player_84,6,0,6
42,2,1,2,Player_10,Player_50,0,0,0
42,2,1,3,Player_37,Player_74,0,0,0
42,2,1,4,Player_40,Player_94,4,1,5
42,2,1,5,Player_40,Player_54,2,0,2
42,2,1,6,Player_1,Player_77,0,0,0
42,2,2,1,Player_29,Player_85,4,0,4
42,2,2,2,Player_46,Player_58,4,0,4
42,2,2,3,Player_4,Player_90,2,0,2
42,2,2,4,Player_45,Player_50,2,0,2
42,2,2,5,Player_27,Player_62,4,0,4
42,2,2,6,Player_16,Player_78,4,0,4
42,2,3,1,Player_19,Player_88,6,0,6
42,2,3,2,Player_44,Player_68,0,0,0
42,2,3,3,Player_3,Player_53,1,0,1
42,2,3,4,Player_18,Player_84,4,0,4
42,2,3,5,Player_33,Player_57,2,0,2
42,2,3,6,Player_20,Player_92,1,0,1
42,2,4,1,Player_7,Player_71,2,0,2
42,2,4,2,Player_32,Player_73,0,0,0
42,2,4,3,Player_39,Player_56,3,0,3
42,2,4,4,Player_6,Player_89,1,0,1
42,2,4,5,Player_10,Player_95,0,0,0
42,2,4,6,Player_35,Player_93,0,0,0
42,2,5,1,Player_36,Player_57,0,0,0
42,2,5,2,Player_12,Player_54,4,0,4
42,2,5,3,Player_22,Player_80,1,0,1
42,2,5,4,Player_43,Player_60,0,0,0
42,2,5,5,Player_32,Player_59,1,0,1
42,2,5,6,Player_18,Player_96,0,0,0
42,2,6,1,Player_3,Player_50,2,0,2
42,2,6,2,Player_11,Player_63,1,0,1
42,2,6,3,Player_36,Player_60,6,0,6
42,2,6,4,Player_40,Player_53,0,0,0
42,2,6,5,Player_19,Player_80,0,0,0
42,2,6,6,Player_41,Player_97,2,0,2
42,2,7,1,Player_45,Player_91,6,0,6
42,2,7,2,Player_3,Player_51,4,0,4
42,2,7,3,Player_21,Player_74,3,0,3
42,2,7,4,Player_47,Player_72,1,1,2
42,2,7,5,Player_23,Player_64,6,0,6
42,2,7,6,Player_28,Player_75,0,0,0
42,2,8,1,Player_30,Player_95,0,0,0
42,2,8,2,Player_27,Player_72,0,0,0
42,2,8,3,Player_33,Player_87,1,0,1
42,2,8,4,Player_2,Player_99,2,0,2
42,2,8,5,Player_15,Player_89,3,0,3
42,2,8,6,Player_8,Player_92,0,0,0
42,2,9,1,Player_38,Player_83,0,0,0
42,2,9,2,Player_24,Player_95,1,0,1
42,2,9,3,Player_39,Player_67,4,0,4
42,2,9,4,Player_24,Player_75,1,0,1
42,2,9,5,Player_41,Player_98,0,0,0
42,2,9,6,Player_21,Player_60,1,0,1
42,2,10,1,Player_6,Player_66,0,0,0
42,2,10,2,Player_6,Player_52,3,0,3
42,2,10,3,Player_26,Player_53,6,0,6
42,2,10,4,Player_18,Player_81,0,0,0
42,2,10,5,Player_26,Player_66,1,0,1
42,2,10,6,Player_30,Player_99,0,0,0
42,2,11,1,Player_10,Player_55,1,0,1
42,2,11,2,Player_4,Player_62,0,0,0
42,2,11,3,Player_6,Player_75,1,0,1
42,2,11,4,Player_10,Player_89,0,0,0
42,2,11,5,Player_35,Player_95,0,0,0
42,2,11,6,Player_44,Player_64,4,0,4
42,2,12,1,Player_39,Player_72,1,0,1
42,2,12,2,Player_45,Player_81,2,0,2
42,2,12,3,Player_7,Player_52,1,0,1
42,2,12,4,Player_23,Player_72,4,0,4
42,2,12,5,Player_18,Player_73,0,0,0
42,2,12,6,Player_48,Player_65,0,0,0
42,2,13,1,Player_11,Player_75,4,0,4
42,2,13,2,Player_43,Player_50,4,0,4
42,2,13,3,Player_3,Player_58,0,0,0
42,2,13,4,Player_31,Player_50,0,1,1
42,2,13,5,Player_41,Player_91,0,0,0
42,2,13,6,Player_35,Player_53,4,0,4
42,2,14,1,Player_19,Player_70,2,0,2
42,2,14,2,Player_7,Player_54,1,0,1
42,2,14,3,Player_3,Player_64,2,0,2
42,2,14,4,Player_9,Player_72,1,1,2
42,2,14,5,Player_33,Player_65,1,0,1
42,2,14,6,Player_34,Player_80,2,1,3
42,2,15,1,Player_41,Player_62,4,0,4
42,2,15,2,Player_36,Player_99,1,0,1
42,2,15,3,Player_11,Player_63,1,0,1
42,2,15,4,Player_24,Player_66,2,0,2
42,2,15,5,Player_3,Player_57,0,0,0
42,2,15,6,Player_34,Player_92,0,0,0
42,2,16,1,Player_7,Player_95,4,0,4
42,2,16,2,Player_41,Player_91,0,0,0
42,2,16,3,Player_18,Player_55,1,0,1
42,2,16,4,Player_41,Player_73,1,0,1
42,2,16,5,Player_24,Player_85,1,0,1
42,2,16,6,Player_42,Player_81,0,0,0
42,2,17,1,Player_25,Player_62,1,0,1
42,2,17,2,Player_5,Player_80,1,0,1
42,2,17,3,Player_41,Player_95,0,0,0
42,2,17,4,Player_22,Player_54,4,0,4
42,2,17,5,Player_29,Player_76,0,0,0
42,2,17,6,Player_8,Player_93,0,0,0
42,2,18,1,Player_24,Player_83,1,0,1
42,2,18,2,Player_46,Player_53,1,0,1
42,2,18,3,Player_26,Player_62,0,0,0
42,2,18,4,Player_1,Player_89,1,0,1
42,2,18,5,Player_45,Player_98,0,0,0
42,2,18,6,Player_39,Player_72,0,0,0
42,2,19,1,Player_27,Player_54,0,0,0
42,2,19,2,Player_10,Player_93,0,0,0
42,2,19,3,Player_34,Player_56,4,0,4
42,2,19,4,Player_16,Player_88,1,0,1
42,2,19,5,Player_35,Player_96,6,0,6
42,2,19,6,Player_35,Player_79,0,0,0
42,2,20,1,Player_21,Player_63,0,0,0
42,2,20,2,Player_36,Player_90,6,0,6
42,2,20,3,Player_20,Player_69,0,0,0
42,2,20,4,Player_46,Player_61,0,0,0
42,2,20,5,Player_37,Player_61,1,0,1
42,2,20,6,Player_26,Player_89,0,0,0
43,1,1,1,Player_42,Player_94,0,0,0
43,1,1,2,Player_11,Player_89,2,0,2
43,1,1,3,Player_38,Player_91,1,0,1
43,1,1,4,Player_4,Player_68,0,0,0
43,1,1,5,Player_6,Player_80,1,0,1
43,1,1,6,Player_12,Player_93,2,0,2
43,1,2,1,Player_42,Player_53,0,0,0
43,1,2,2,Player_28,Player_62,2,0,2
43,1,2,3,Player_10,Player_54,0,0,0
43,1,2,4,Player_22,Player_95,0,0,0
43,1,2,5,Player_48,Player_52,1,0,1
43,1,2,6,Player_17,Player_53,1,0,1
43,1,3,1,Player_20,Player_91,0,0,0
43,1,3,2,Player_12,Player_58,0,0,0
43,1,3,3,Player_1,Player_52,3,0,3
43,1,3,4,Player_47,Player_57,3,0,3
43,1,3,5,Player_5,Player_93,6,0,6
43,1,3,6,Player_41,Player_64,0,0,0
43,1,4,1,Player_44,Player_86,0,0,0
43,1,4,2,Player_6,Player_66,1,0,1
43,1,4,3,Player_39,Player_97,2,0,2
43,1,4,4,Player_47,Player_85,1,0,1
43,1,4,5,Player_7,Player_95,0,0,0
43,1,4,6,Player_24,Player_63,0,0,0
43,1,5,1,Player_46,Player_62,0,0,0
43,1,5,2,Player_26,Player_97,1,0,1
43,1,5,3,Player_25,Player_66,2,0,2
43,1,5,4,Player_46,Player_58,1,0,1
43,1,5,5,Player_20,Player_72,0,0,0
43,1,5,6,Player_44,Player_61,0,0,0
43,1,6,1,Player_4,Player_73,4,0,4
43,1,6,2,Player_39,Player_51,0,0,0
43,1,6,3,Player_36,Player_58,0,0,0
43,1,6,4,Player_13,Player_91,3,0,3
43,1,6,5,Player_34,Player_70,4,0,4
43,1,6,6,Player_36,Player_58,6,0,6
43,1,7,1,Player_48,Player_85,0,0,0
43,1,7,2,Player_11,Player_85,1,0,1
43,1,7,3,Player_21,Player_81,0,0,0
43,1,7,4,Player_8,Player_82,1,0,1
43,1,7,5,Player_39,Player_50,0,0,0
43,1,7,6,Player_5,Player_61,1,0,1
43,1,8,1,Player_36,Player_96,1,1,2
43,1,8,2,Player_29,Player_90,1,0,1
43,1,8,3,Player_19,Player_59,0,0,0
43,1,8,4,Player_44,Player_51,0,0,0
43,1,8,5,Player_27,Player_56,0,0,0
43,1,8,6,Player_4,Player_79,2,0,2
43,1,9,1,Player_4,Player_53,1,1,2
43,1,9,2,Player_16,Player_68,1,0,1
43,1,9,3,Player_27,Player_97,1,0,1
43,1,9,4,Player_36,Player_88,1,0,1
43,1,9,5,Player_8,Player_52,2,0,2
43,1,9,6,Player_31,Player_66,3,0,3
43,1,10,1,Player_11,Player_58,1,1,2
43,1,10,2,Player_14,Player_80,0,0,0
43,1,10,3,Player_2,Player_88,1,0,1
43,1,10,4,Player_3,Player_92,1,0,1
43,1,10,5,Player_29,Player_72,0,0,0
43,1,10,6,Player_11,Player_77,2,0,2
43,1,11,1,Player_40,Player_57,2,0,2
43,1,11,2,Player_22,Player_58,0,0,0
43,1,11,3,Player_22,Player_52,0,0,0
43,1,11,4,Player_8,Player_55,0,0,0
43,1,11,5,Player_41,Player_70,6,0,6
43,1,11,6,Player_43,Player_69,1,0,1
43,1,12,1,Player_28,Player_55,0,0,0
43,1,12,2,Player_3,Player_94,0,0,0
43,1,12,3,Player_7,Player_66,1,0,1
43,1,12,4,Player_4,Player_93,1,0,1
43,1,12,5,Player_46,Player_77,0,0,0
43,1,12,6,Player_22,Player_55,0,0,0
43,1,13,1,Player_28,Player_66,1,0,1
43,1,13,2,Player_40,Player_61,1,0,1
43,1,13,3,Player_2,Player_78,4,0,4
43,1,13,4,Player_21,Player_71,0,0,0
43,1,13,5,Player_9,Player_90,0,0,0
43,1,13,6,Player_41,Player_99,3,0,3
43,1,14,1,Player_19,Player_71,3,0,3
43,1,14,2,Player_30,Player_55,0,1,1
43,1,14,3,Player_40,Player_91,2,0,2
43,1,14,4,Player_20,Player_52,1,0,1
43,1,14,5,Player_12,Player_99,0,0,0
43,1,14,6,Player_45,Player_70,0,0,0
43,1,15,1,Player_3,Player_50,4,0,4
43,1,15,2,Player_41,Player_50,1,0,1
43,1,15,3,Player_7,Player_59,1,0,1
43,1,15,4,Player_39,Player_64,6,0,6
43,1,15,5,Player_46,Player_67,2,0,2
43,1,15,6,Player_22,Player_90,0,0,0
43,1,16,1,Player_8,Player_50,6,0,6
43,1,16,2,Player_33,Player_67,3,0,3
43,1,16,3,Player_1,Player_71,0,0,0
43,1,16,4,Player_44,Player_95,0,0,0
43,1,16,5,Player_16,Player_68,6,0,6
43,1,16,6,Player_5,Player_54,0,0,0
43,1,17,1,Player_28,Player_96,0,0,0
43,1,17,2,Player_14,Player_55,0,0,0
43,1,17,3,Player_37,Player_71,0,0,0
43,1,17,4,Player_3,Player_62,1,0,1
43,1,17,5,Player_45,Player_55,2,0,2
43,1,17,6,Player_29,Player_50,0,0,0
43,1,18,1,Player_30,Player_75,0,0,0
43,1,18,2,Player_6,Player_92,0,0,0
43,1,18,3,Player_37,Player_65,1,0,1
43,1,18,4,Player_31,Player_94,1,0,1
43,1,18,5,Player_16,Player_69,1,0,1
43,1,18,6,Player_48,Player_72,0,0,0
43,1,19,1,Player_13,Player_74,0,0,0
43,1,19,2,Player_6,Player_64,0,0,0
43,1,19,3,Player_4,Player_77,0,0,0
43,1,19,4,Player_48,Player_90,1,1,2
43,1,19,5,Player_49,Player_62,0,0,0
43,1,19,6,Player_40,Player_95,2,0,2
43,1,20,1,Player_12,Player_86,6,0,6
43,1,20,2,Player_16,Player_65,0,0,0
43,1,20,3,Player_46,Player_52,4,0,4
43,1,20,4,Player_14,Player_71,0,0,0
43,1,20,5,Player_21,Player_54,0,0,0
43,1,20,6,Player_2,Player_52,0,0,0
43,2,1,1,Player_30,Player_83,1,0,1
43,2,1,2,Player_23,Player_77,2,0,2
43,2,1,3,Player_9,Player_52,0,1,1
43,2,1,4,Player_38,Player_72,1,0,1
43,2,1,5,Player_45,Player_54,1,1,2
43,2,1,6,Player_19,Player_83,2,0,2
43,2,2,1,Player_10,Player_89,0,0,0
43,2,2,2,Player_27,Player_58,4,0,4
43,2,2,3,Player_33,Player_97,0,0,0
43,2,2,4,Player_4,Player_66,1,0,1
43,2,2,5,Player_12,Player_75,2,0,2
43,2,2,6,Player_7,Player_82,0,0,0
43,2,3,1,Player_20,Player_86,0,0,0
43,2,3,2,Player_2,Player_92,1,0,1
43,2,3,3,Player_22,Player_61,2,0,2
43,2,3,4,Player_34,Player_67,4,0,4
43,2,3,5,Player_25,Player_79,1,0,1
43,2,3,6,Player_31,Player_93,1,0,1
43,2,4,1,Player_47,Player_80,0,0,0
43,2,4,2,Player_19,Player_72,0,0,0
43,2,4,3,Player_49,Player_76,2,0,2
43,2,4,4,Player_8,Player_68,4,0,4
43,2,4,5,Player_22,Player_66,0,0,0
43,2,4,6,Player_35,Player_85,3,0,3
43,2,5,1,Player_21,Player_69,6,0,6
43,2,5,2,Player_12,Player_57,0,0,0
43,2,5,3,Player_7,Player_59,1,0,1
43,2,5,4,Player_14,Player_61,6,0,6
43,2,5,5,Player_1,Player_96,1,0,1
43,2,5,6,Player_43,Player_91,0,0,0
43,2,6,1,Player_20,Player_92,1,0,1
43,2,6,2,Player_25,Player_83,0,0,0
43,2,6,3,Player_31,Player_87,1,0,1
43,2,6,4,Player_24,Player_99,1,0,1
43,2,6,5,Player_47,Player_83,0,0,0
43,2,6,6,Player_20,Player_53,1,0,1
43,2,7,1,Player_10,Player_93,0,0,0
43,2,7,2,Player_1,Player_67,1,0,1
43,2,7,3,Player_49,Player_55,1,0,1
43,2,7,4,Player_42,Player_79,1,0,1
43,2,7,5,Player_31,Player_96,0,0,0
43,2,7,6,Player_10,Player_71,0,0,0
43,2,8,1,Player_42,Player_53,1,0,1
43,2,8,2,Player_8,Player_50,1,0,1
43,2,8,3,Player_41,Player_97,0,0,0
43,2,8,4,Player_45,Player_86,4,0,4
43,2,8,5,Player_12,Player_99,1,0,1
43,2,8,6,Player_19,Player_75,0,0,0
43,2,9,1,Player_43,Player_80,0,0,0
43,2,9,2,Player_43,Player_88,1,0,1
43,2,9,3,Player_44,Player_62,4,0,4
43,2,9,4,Player_35,Player_61,0,0,0
43,2,9,5,Player_14,Player_70,0,0,0
43,2,9,6,Player_45,Player_77,0,0,0
43,2,10,1,Player_6,Player_85,0,0,0
43,2,10,2,Player_13,Player_61,1,0,1
43,2,10,3,Player_29,Player_52,4,0,4
43,2,10,4,Player_19,Player_53,1,0,1
43,2,10,5,Player_31,Player_51,1,0,1
43,2,10,6,Player_5,Player_97,1,0,1
43,2,11,1,Player_25,Player_84,0,0,0
43,2,11,2,Player_36,Player_88,0,0,0
43,2,11,3,Player_6,Player_83,6,0,6
43,2,11,4,Player_28,Player_85,1,0,1
43,2,11,5,Player_31,Player_65,3,0,3
43,2,11,6,Player_5,Player_61,0,0,0
43,2,12,1,Player_4,Player_91,0,0,0
43,2,12,2,Player_5,Player_60,0,0,0
43,2,12,3,Player_22,Player_60,0,0,0
43,2,12,4,Player_14,Player_84,1,0,1
43,2,12,5,Player_22,Player_51,1,1,2
43,2,12,6,Player_22,Player_58,3,0,3
43,2,13,1,Player_10,Player_87,2,0,2
43,2,13,2,Player_25,Player_76,0,0,0
43,2,13,3,Player_33,Player_81,1,0,1
43,2,13,4,Player_23,Player_78,0,0,0
43,2,13,5,Player_19,Player_72,0,0,0
43,2,13,6,Player_35,Player_97,1,0,1
43,2,14,1,Player_36,Player_97,1,0,1
43,2,14,2,Player_15,Player_85,0,0,0
43,2,14,3,Player_29,Player_99,0,0,0
43,2,14,4,Player_22,Player_96,0,0,0
43,2,14,5,Player_42,Player_88,1,0,1
43,2,14,6,Player_44,Player_50,1,0,1
43,2,15,1,Player_20,Player_54,0,0,0
43,2,15,2,Player_49,Player_85,0,0,0
43,2,15,3,Player_32,Player_74,0,0,0
43,2,15,4,Player_28,Player_93,0,0,0
43,2,15,5,Player_23,Player_89,4,0,4
43,2,15,6,Player_3,Player_65,1,0,1
43,2,16,1,Player_44,Player_90,4,0,4
43,2,16,2,Player_37,Player_56,1,0,1
43,2,16,3,Player_21,Player_83,2,0,2
43,2,16,4,Player_8,Player_83,2,0,2
43,2,16,5,Player_12,Player_71,1,0,1
43,2,16,6,Player_22,Player_57,0,0,0
43,2,17,1,Player_32,Player_60,3,0,3
43,2,17,2,Player_14,Player_61,0,0,0
43,2,17,3,Player_7,Player_88,3,0,3
43,2,17,4,Player_1,Player_88,0,0,0
43,2,17,5,Player_18,Player_62,4,0,4
43,2,17,6,Player_8,Player_82,0,0,0
43,2,18,1,Player_19,Player_96,2,0,2
43,2,18,2,Player_3,Player_83,0,0,0
43,2,18,3,Player_18,Player_82,4,0,4
43,2,18,4,Player_17,Player_62,0,0,0
43,2,18,5,Player_37,Player_59,1,0,1
43,2,18,6,Player_36,Player_84,3,0,3
43,2,19,1,Player_5,Player_93,0,0,0
43,2,19,2,Player_34,Player_80,1,0,1
43,2,19,3,Player_32,Player_77,0,0,0
43,2,19,4,Player_45,Player_57,0,0,0
43,2,19,5,Player_10,Player_55,1,0,1
43,2,19,6,Player_16,Player_76,0,0,0
43,2,20,1,Player_22,Player_84,1,0,1
43,2,20,2,Player_23,Player_87,2,0,2
43,2,20,3,Player_19,Player_54,1,0,1
43,2,20,4,Player_41,Player_99,1,0,1
43,2,20,5,Player_48,Player_65,0,0,0
43,2,20,6,Player_45,Player_74,0,0,0
44,1,1,1,Player_9,Player_67,4,0,4
44,1,1,2,Player_30,Player_67,3,0,3
44,1,1,3,Player_22,Player_97,1,0,1
44,1,1,4,Player_22,Player_79,1,0,1
44,1,1,5,Player_12,Player_56,1,0,1
44,1,1,6,Player_35,Player_53,1,0,1
44,1,2,1,Player_12,Player_66,0,0,0
44,1,2,2,Player_37,Player_90,0,0,0
44,1,2,3,Player_37,Player_59,0,0,0
44,1,2,4,Player_16,Player_99,0,0,0
44,1,2,5,Player_18,Player_86,1,0,1
44,1,2,6,Player_7,Player_92,2,0,2
44,1,3,1,Player_32,Player_56,4,0,4
44,1,3,2,Player_32,Player_75,1,0,1
44,1,3,3,Player_28,Player_75,0,0,0
44,1,3,4,Player_2,Player_81,0,0,0
44,1,3,5,Player_28,Player_95,4,0,4
44,1,3,6,Player_10,Player_55,1,0,1
44,1,4,1,Player_46,Player_62,1,0,1
44,1,4,2,Player_20,Player_81,6,0,6
44,1,4,3,Player_13,Player_83,0,0,0
44,1,4,4,Player_34,Player_97,0,0,0
44,1,4,5,Player_32,Player_62,2,0,2
44,1,4,6,Player_39,Player_62,1,0,1
44,1,5,1,Player_20,Player_52,2,0,2
44,1,5,2,Player_28,Player_93,1,0,1
44,1,5,3,Player_20,Player_89,0,0,0
44,1,5,4,Player_45,Player_96,1,0,1
44,1,5,5,Player_5,Player_72,1,0,1
44,1,5,6,Player_35,Player_50,3,1,4
44,1,6,1,Player_11,Player_83,0,0,0
44,1,6,2,Player_43,Player_69,1,0,1
44,1,6,3,Player_37,Player_52,2,0,2
44,1,6,4,Player_2,Player_72,0,0,0
44,1,6,5,Player_12,Player_76,4,0,4
44,1,6,6,Player_28,Player_99,0,0,0
44,1,7,1,Player_42,Player_81,6,0,6
44,1,7,2,Player_37,Player_69,0,0,0
44,1,7,3,Player_45,Player_65,1,0,1
44,1,7,4,Player_25,Player_98,0,0,0
44,1,7,5,Player_41,Player_85,2,1,3
44,1,7,6,Player_22,Player_60,1,1,2
44,1,8,1,Player_6,Player_56,4,0,4
44,1,8,2,Player_22,Player_97,0,0,0
44,1,8,3,Player_33,Player_89,1,0,1
44,1,8,4,Player_3,Player_51,4,0,4
44,1,8,5,Player_24,Player_99,0,0,0
44,1,8,6,Player_31,Player_99,0,0,0
44,1,9,1,Player_43,Player_78,0,0,0
44,1,9,2,Player_36,Player_84,0,0,0
44,1,9,3,Player_41,Player_50,1,0,1
44,1,9,4,Player_2,Player_96,2,0,2
44,1,9,5,Player_34,Player_62,1,1,2
44,1,9,6,Player_43,Player_63,4,0,4
44,1,10,1,Player_37,Player_95,4,0,4
44,1,10,2,Player_11,Player_76,0,0,0
44,1,10,3,Player_34,Player_69,4,0,4
44,1,10,4,Player_5,Player_56,1,0,1
44,1,10,5,Player_41,Player_53,0,0,0
44,1,10,6,Player_43,Player_62,1,0,1
44,1,11,1,Player_45,Player_74,1,0,1
44,1,11,2,Player_17,Player_75,0,0,0
44,1,11,3,Player_20,Player_59,3,0,3
44,1,11,4,Player_8,Player_54,0,0,0
44,1,11,5,Player_12,Player_73,0,0,0
44,1,11,6,Player_1,Player_91,0,0,0
44,1,12,1,Player_6,Player_64,0,0,0
44,1,12,2,Player_38,Player_87,0,0,0
44,1,12,3,Player_37,Player_65,0,0,0
44,1,12,4,Player_40,Player_78,1,0,1
44,1,12,5,Player_20,Player_95,0,0,0
44,1,12,6,Player_39,Player_86,0,0,0
44,1,13,1,Player_39,Player_90,4,0,4
44,1,13,2,Player_28,Player_70,1,0,1
44,1,13,3,Player_15,Player_86,1,0,1
44,1,13,4,Player_27,Player_81,2,0,2
44,1,13,5,Player_2,Player_87,2,0,2
44,1,13,6,Player_5,Player_67,1,0,1
44,1,14,1,Player_42,Player_84,0,0,0
44,1,14,2,Player_33,Player_56,0,0,0
44,1,14,3,Player_5,Player_53,0,0,0
44,1,14,4,Player_44,Player_57,6,0,6
44,1,14,5,Player_15,Player_95,1,0,1
44,1,14,6,Player_11,Player_78,1,0,1
44,1,15,1,Player_30,Player_87,0,0,0
44,1,15,2,Player_4,Player_53,3,0,3
44,1,15,3,Player_26,Player_96,1,0,1
44,1,15,4,Player_22,Player_82,3,0,3
44,1,15,5,Player_21,Player_76,0,1,1
44,1,15,6,Player_35,Player_85,0,0,0
44,1,16,1,Player_47,Player_72,2,0,2
44,1,16,2,Player_25,Player_51,1,0,1
44,1,16,3,Player_23,Player_54,1,0,1
44,1,16,4,Player_29,Player_87,4,1,5
44,1,16,5,Player_7,Player_71,0,0,0
44,1,16,6,Player_39,Player_61,1,0,1
44,1,17,1,Player_30,Player_64,4,0,4
44,1,17,2,Player_10,Player_57,1,0,1
44,1,17,3,Player_49,Player_52,1,0,1
44,1,17,4,Player_24,Player_65,0,0,0
44,1,17,5,Player_41,Player_63,0,0,0
44,1,17,6,Player_47,Player_83,0,0,0
44,1,18,1,Player_34,Player_67,0,0,0
44,1,18,2,Player_36,Player_91,0,0,0
44,1,18,3,Player_21,Player_85,0,0,0
44,1,18,4,Player_23,Player_61,0,0,0
44,1,18,5,Player_13,Player_82,0,0,0
44,1,18,6,Player_28,Player_68,0,0,0
44,1,19,1,Player_13,Player_78,1,0,1
44,1,19,2,Player_6,Player_81,0,0,0
44,1,19,3,Player_11,Player_70,1,0,1
44,1,19,4,Player_44,Player_84,0,0,0
44,1,19,5,Player_6,Player_85,0,0,0
44,1,19,6,Player_20,Player_71,4,0,4
44,1,20,1,Player_31,Player_81,0,0,0
44,1,20,2,Player_3,Player_81,0,0,0
44,1,20,3,Player_46,Player_89,2,0,2
44,1,20,4,Player_5,Player_60,0,0,0
44,1,20,5,Player_39,Player_90,1,0,1
44,1,20,6,Player_15,Player_53,0,0,0
44,2,1,1,Player_30,Player_98,0,0,0
44,2,1,2,Player_6,Player_76,1,0,1
44,2,1,3,Player_45,Player_70,4,0,4
44,2,1,4,Player_5,Player_86,2,0,2
44,2,1,5,Player_21,Player_65,0,0,0
44,2,1,6,Player_42,Player_65,1,0,1
44,2,2,1,Player_20,Player_89,2,0,2
44,2,2,2,Player_3,Player_70,1,0,1
44,2,2,3,Player_11,Player_66,1,0,1
44,2,2,4,Player_45,Player_78,1,0,1
44,2,2,5,Player_39,Player_84,0,0,0
44,2,2,6,Player_3,Player_80,0,0,0
44,2,3,1,Player_1,Player_99,2,0,2
44,2,3,2,Player_35,Player_78,4,0,4
44,2,3,3,Player_18,Player_78,0,0,0
44,2,3,4,Player_44,Player_81,0,0,0
44,2,3,5,Player_37,Player_91,3,0,3
44,2,3,6,Player_6,Player_71,2,0,2
44,2,4,1,Player_34,Player_96,0,0,0
44,2,4,2,Player_5,Player_88,2,0,2
44,2,4,3,Player_41,Player_96,0,0,0
44,2,4,4,Player_21,Player_77,6,0,6
44,2,4,5,Player_45,Player_96,6,0,6
44,2,4,6,Player_15,Player_73,0,0,0
44,2,5,1,Player_40,Player_71,1,0,1
44,2,5,2,Player_5,Player_55,1,0,1
44,2,5,3,Player_32,Player_68,0,0,0
44,2,5,4,Player_8,Player_92,1,0,1
44,2,5,5,Player_22,Player_71,0,0,0
44,2,5,6,Player_13,Player_88,1,0,1
44,2,6,1,Player_8,Player_61,2,0,2
44,2,6,2,Player_16,Player_82,1,0,1
44,2,6,3,Player_45,Player_68,1,0,1
44,2,6,4,Player_21,Player_65,0,0,0
44,2,6,5,Player_18,Player_85,1,0,1
44,2,6,6,Player_5,Player_70,1,0,1
44,2,7,1,Player_40,Player_76,4,0,4
44,2,7,2,Player_46,Player_84,2,0,2
44,2,7,3,Player_30,Player_91,0,0,0
44,2,7,4,Player_26,Player_78,2,0,2
44,2,7,5,Player_32,Player_73,1,1,2
44,2,7,6,Player_18,Player_52,6,0,6
44,2,8,1,Player_20,Player_83,2,0,2
44,2,8,2,Player_6,Player_66,1,0,1
44,2,8,3,Player_13,Player_91,1,0,1
44,2,8,4,Player_34,Player_52,4,0,4
44,2,8,5,Player_24,Player_67,0,0,0
44,2,8,6,Player_2,Player_54,0,0,0
44,2,9,1,Player_29,Player_84,1,0,1
44,2,9,2,Player_13,Player_70,0,0,0
44,2,9,3,Player_19,Player_77,0,0,0
44,2,9,4,Player_11,Player_98,1,0,1
44,2,9,5,Player_28,Player_51,4,0,4
44,2,9,6,Player_40,Player_76,0,0,0
44,2,10,1,Player_48,Player_87,3,0,3
44,2,10,2,Player_17,Player_86,1,0,1
44,2,10,3,Player_8,Player_92,4,0,4
44,2,10,4,Player_24,Player_94,2,0,2
44,2,10,5,Player_38,Player_92,1,0,1
44,2,10,6,Player_38,Player_93,2,0,2
44,2,11,1,Player_41,Player_97,6,0,6
44,2,11,2,Player_8,Player_96,2,0,2
44,2,11,3,Player_21,Player_86,1,0,1
44,2,11,4,Player_46,Player_88,0,0,0
44,2,11,5,Player_36,Player_69,0,0,0
44,2,11,6,Player_33,Player_78,2,0,2
44,2,12,1,Player_6,Player_96,2,0,2
44,2,12,2,Player_19,Player_87,0,0,0
44,2,12,3,Player_13,Player_67,0,1,1
44,2,12,4,Player_23,Player_56,4,0,4
44,2,12,5,Player_42,Player_90,1,0,1
44,2,12,6,Player_28,Player_63,2,0,2
44,2,13,1,Player_19,Player_72,0,0,0
44,2,13,2,Player_26,Player_57,1,0,1
44,2,13,3,Player_4,Player_87,2,0,2
44,2,13,4,Player_28,Player_90,0,0,0
44,2,13,5,Player_3,Player_62,1,0,1
44,2,13,6,Player_1,Player_77,0,1,1
44,2,14,1,Player_11,Player_92,0,0,0
44,2,14,2,Player_10,Player_66,1,0,1
44,2,14,3,Player_22,Player_50,1,0,1
44,2,14,4,Player_38,Player_74,2,0,2
44,2,14,5,Player_37,Player_83,0,0,0
44,2,14,6,Player_3,Player_67,1,1,2
44,2,15,1,Player_2,Player_76,6,0,6
44,2,15,2,Player_36,Player_54,1,0,1
44,2,15,3,Player_45,Player_73,0,0,0
44,2,15,4,Player_23,Player_63,1,0,1
44,2,15,5,Player_44,Player_86,0,0,0
44,2,15,6,Player_41,Player_55,1,0,1
44,2,16,1,Player_8,Player_65,1,0,1
44,2,16,2,Player_47,Player_75,2,0,2
44,2,16,3,Player_48,Player_53,3,0,3
44,2,16,4,Player_45,Player_64,4,0,4
44,2,16,5,Player_46,Player_89,0,1,1
44,2,16,6,Player_15,Player_78,6,0,6
44,2,17,1,Player_42,Player_95,2,0,2
44,2,17,2,Player_21,Player_60,3,0,3
44,2,17,3,Player_44,Player_66,2,0,2
44,2,17,4,Player_33,Player_87,4,0,4
44,2,17,5,Player_10,Player_91,2,0,2
44,2,17,6,Player_47,Player_71,1,0,1
44,2,18,1,Player_9,Player_72,1,0,1
44,2,18,2,Player_9,Player_87,0,0,0
44,2,18,3,Player_46,Player_71,1,0,1
44,2,18,4,Player_6,Player_85,0,0,0
44,2,18,5,Player_47,Player_82,0,0,0
44,2,18,6,Player_3,Player_62,0,0,0
44,2,19,1,Player_34,Player_77,1,0,1
44,2,19,2,Player_24,Player_50,0,0,0
44,2,19,3,Player_17,Player_56,1,0,1
44,2,19,4,Player_15,Player_98,1,0,1
44,2,19,5,Player_17,Player_68,6,0,6
44,2,19,6,Player_19,Player_57,1,0,1
44,2,20,1,Player_21,Player_78,1,0,1
44,2,20,2,Player_6,Player_66,0,0,0
44,2,20,3,Player_29,Player_80,0,0,0
44,2,20,4,Player_28,Player_97,1,0,1
44,2,20,5,Player_31,Player_68,1,1,2
44,2,20,6,Player_1,Player_60,1,0,1
45,1,1,1,Player_39,Player_83,1,0,1
45,1,1,2,Player_12,Player_82,1,0,1
45,1,1,3,Player_27,Player_91,6,0,6
45,1,1,4,Player_48,Player_53,0,0,0
45,1,1,5,Player_1,Player_69,0,0,0
45,1,1,6,Player_41,Player_50,0,0,0
45,1,2,1,Player_5,Player_98,3,0,3
45,1,2,2,Player_26,Player_74,0,0,0
45,1,2,3,Player_49,Player_88,0,0,0
45,1,2,4,Player_41,Player_56,1,0,1
45,1,2,5,Player_4,Player_50,2,0,2
45,1,2,6,Player_35,Player_95,0,0,0
45,1,3,1,Player_4,Player_74,1,0,1
45,1,3,2,Player_1,Player_79,1,0,1
45,1,3,3,Player_44,Player_81,1,0,1
45,1,3,4,Player_41,Player_66,1,0,1
45,1,3,5,Player_9,Player_61,0,0,0
45,1,3,6,Player_44,Player_99,6,0,6
45,1,4,1,Player_21,Player_89,0,0,0
45,1,4,2,Player_4,Player_75,0,0,0
45,1,4,3,Player_23,Player_90,4,0,4
45,1,4,4,Player_39,Player_93,0,0,0
45,1,4,5,Player_17,Player_72,2,0,2
45,1,4,6,Player_5,Player_74,0,0,0
45,1,5,1,Player_22,Player_93,0,0,0
45,1,5,2,Player_40,Player_69,0,0,0
45,1,5,3,Player_18,Player_77,0,0,0
45,1,5,4,Player_44,Player_67,0,0,0
45,1,5,5,Player_16,Player_79,6,0,6
45,1,5,6,Player_22,Player_96,0,0,0
45,1,6,1,Player_28,Player_88,0,0,0
45,1,6,2,Player_12,Player_66,0,0,0
45,1,6,3,Player_23,Player_57,0,0,0
45,1,6,4,Player_9,Player_96,1,0,1
45,1,6,5,Player_10,Player_74,0,0,0
45,1,6,6,Player_19,Player_99,1,0,1
45,1,7,1,Player_48,Player_63,1,0,1
45,1,7,2,Player_24,Player_65,0,0,0
45,1,7,3,Player_7,Player_77,1,0,1
45,1,7,4,Player_27,Player_63,2,0,2
45,1,7,5,Player_28,Player_72,3,0,3
45,1,7,6,Player_22,Player_75,0,0,0
45,1,8,1,Player_48,Player_79,0,0,0
45,1,8,2,Player_2,Player_80,1,0,1
45,1,8,3,Player_25,Player_57,1,0,1
45,1,8,4,Player_15,Player_89,1,0,1
45,1,8,5,Player_11,Player_66,1,0,1
45,1,8,6,Player_33,Player_78,0,0,0
45,1,9,1,Player_42,Player_87,4,0,4
45,1,9,2,Player_31,Player_64,1,0,1
45,1,9,3,Player_41,Player_99,1,0,1
45,1,9,4,Player_41,Player_68,3,0,3
45,1,9,5,Player_31,Player_88,1,0,1
45,1,9,6,Player_6,Player_96,4,0,4
45,1,10,1,Player_41,Player_53,0,0,0
45,1,10,2,Player_21,Player_59,1,0,1
45,1,10,3,Player_44,Player_77,1,0,1
45,1,10,4,Player_25,Player_62,4,0,4
45,1,10,5,Player_30,Player_63,1,0,1
45,1,10,6,Player_3,Player_94,0,1,1
45,1,11,1,Player_43,Player_63,1,0,1
45,1,11,2,Player_7,Player_57,1,0,1
45,1,11,3,Player_48,Player_74,6,0,6
45,1,11,4,Player_49,Player_67,0,0,0
45,1,11,5,Player_17,Player_94,1,0,1
45,1,11,6,Player_27,Player_66,6,0,6
45,1,12,1,Player_43,Player_97,2,0,2
45,1,12,2,Player_29,Player_63,1,0,1
45,1,12,3,Player_28,Player_62,0,0,0
45,1,12,4,Player_35,Player_64,0,0,0
45,1,12,5,Player_7,Player_67,6,0,6
45,1,12,6,Player_8,Player_69,0,0,0
45,1,13,1,Player_3,Player_87,1,0,1
45,1,13,2,Player_21,Player_71,0,0,0
45,1,13,3,Player_48,Player_88,0,0,0
45,1,13,4,Player_35,Player_80,0,0,0
45,1,13,5,Player_4,Player_80,1,0,1
45,1,13,6,Player_26,Player_66,4,0,4
45,1,14,1,Player_18,Player_54,6,0,6
45,1,14,2,Player_47,Player_75,1,0,1
45,1,14,3,Player_33,Player_96,1,0,1
45,1,14,4,Player_2,Player_66,0,0,0
45,1,14,5,Player_2,Player_82,2,0,2
45,1,14,6,Player_43,Player_85,0,0,0
45,1,15,1,Player_10,Player_86,1,0,1
45,1,15,2,Player_3,Player_87,1,0,1
45,1,15,3,Player_18,Player_52,0,0,0
45,1,15,4,Player_13,Player_74,1,0,1
45,1,15,5,Player_16,Player_92,3,0,3
45,1,15,6,Player_21,Player_80,1,0,1
45,1,16,1,Player_49,Player_85,0,0,0
45,1,16,2,Player_1,Player_77,0,0,0
45,1,16,3,Player_33,Player_81,1,0,1
45,1,16,4,Player_48,Player_66,0,0,0
45,1,16,5,Player_6,Player_96,0,0,0
45,1,16,6,Player_21,Player_94,1,0,1
45,1,17,1,Player_46,Player_51,4,0,4
45,1,17,2,Player_43,Player_83,1,0,1
45,1,17,3,Player_22,Player_97,1,0,1
45,1,17,4,Player_21,Player_56,0,0,0
45,1,17,5,Player_47,Player_76,3,0,3
45,1,17,6,Player_11,Player_78,4,0,4
45,1,18,1,Player_49,Player_97,4,1,5
45,1,18,2,Player_45,Player_94,1,1,2
45,1,18,3,Player_7,Player_92,1,1,2
45,1,18,4,Player_45,Player_52,1,0,1
45,1,18,5,Player_27,Player_78,0,0,0
45,1,18,6,Player_25,Player_81,1,0,1
45,1,19,1,Player_26,Player_71,1,0,1
45,1,19,2,Player_11,Player_59,0,0,0
45,1,19,3,Player_4,Player_92,0,0,0
45,1,19,4,Player_3,Player_99,1,0,1
45,1,19,5,Player_7,Player_94,1,0,1
45,1,19,6,Player_42,Player_86,1,0,1
45,1,20,1,Player_45,Player_57,1,0,1
45,1,20,2,Player_18,Player_71,0,0,0
45,1,20,3,Player_36,Player_78,4,0,4
45,1,20,4,Player_44,Player_92,0,0,0
45,1,20,5,Player_46,Player_67,1,0,1
45,1,20,6,Player_20,Player_88,0,0,0
45,2,1,1,Player_13,Player_66,0,0,0
45,2,1,2,Player_9,Player_51,3,0,3
45,2,1,3,Player_21,Player_95,1,0,1
45,2,1,4,Player_8,Player_79,3,0,3
45,2,1,5,Player_26,Player_57,1,0,1
45,2,1,6,Player_35,Player_80,1,0,1
45,2,2,1,Player_1,Player_90,0,0,0
45,2,2,2,Player_42,Player_56,0,0,0
45,2,2,3,Player_11,Player_91,0,0,0
45,2,2,4,Player_7,Player_66,0,0,0
45,2,2,5,Player_37,Player_85,4,0,4
45,2,2,6,Player_1,Player_78,1,0,1
45,2,3,1,Player_17,Player_90,0,0,0
45,2,3,2,Player_23,Player_78,1,0,1
45,2,3,3,Player_47,Player_91,2,0,2
45,2,3,4,Player_7,Player_92,0,0,0
45,2,3,5,Player_31,Player_68,2,0,2
45,2,3,6,Player_8,Player_50,0,0,0
45,2,4,1,Player_42,Player_58,0,0,0
45,2,4,2,Player_24,Player_86,1,0,1
45,2,4,3,Player_40,Player_74,2,0,2
45,2,4,4,Player_46,Player_60,2,0,2
45,2,4,5,Player_23,Player_52,2,1,3
45,2,4,6,Player_44,Player_61,0,0,0
45,2,5,1,Player_31,Player_78,0,0,0
45,2,5,2,Player_26,Player_60,0,1,1
45,2,5,3,Player_31,Player_88,1,0,1
45,2,5,4,Player_27,Player_70,1,1,2
45,2,5,5,Player_45,Player_73,1,1,2
45,2,5,6,Player_5,Player_84,1,0,1
45,2,6,1,Player_48,Player_99,0,0,0
45,2,6,2,Player_5,Player_80,1,0,1
45,2,6,3,Player_6,Player_72,1,0,1
45,2,6,4,Player_8,Player_53,2,0,2
45,2,6,5,Player_16,Player_83,1,0,1
45,2,6,6,Player_31,Player_73,0,0,0
45,2,7,1,Player_34,Player_71,0,0,0
45,2,7,2,Player_33,Player_72,1,0,1
45,2,7,3,Player_37,Player_82,1,0,1
45,2,7,4,Player_8,Player_70,0,0,0
45,2,7,5,Player_14,Player_87,2,0,2
45,2,7,6,Player_24,Player_76,0,0,0
45,2,8,1,Player_31,Player_52,0,1,1
45,2,8,2,Player_17,Player_55,0,0,0
45,2,8,3,Player_35,Player_76,2,1,3
45,2,8,4,Player_42,Player_83,0,0,0
45,2,8,5,Player_46,Player_95,1,0,1
45,2,8,6,Player_16,Player_95,0,0,0
45,2,9,1,Player_5,Player_75,0,0,0
45,2,9,2,Player_3,Player_81,6,0,6
45,2,9,3,Player_38,Player_94,1,0,1
45,2,9,4,Player_11,Player_65,0,0,0
45,2,9,5,Player_32,Player_57,3,0,3
45,2,9,6,Player_27,Player_57,1,0,1
45,2,10,1,Player_27,Player_86,1,0,1
45,2,10,2,Player_24,Player_94,0,0,0
45,2,10,3,Player_31,Player_76,1,0,1
45,2,10,4,Player_49,Player_64,1,0,1
45,2,10,5,Player_36,Player_65,0,0,0
45,2,10,6,Player_40,Player_92,0,0,0
45,2,11,1,Player_7,Player_61,6,0,6
45,2,11,2,Player_46,Player_98,1,0,1
45,2,11,3,Player_4,Player_79,1,0,1
45,2,11,4,Player_21,Player_56,0,0,0
45,2,11,5,Player_34,Player_72,1,0,1
45,2,11,6,Player_14,Player_90,1,0,1
45,2,12,1,Player_24,Player_52,0,0,0
45,2,12,2,Player_2,Player_89,0,0,0
45,2,12,3,Player_39,Player_88,0,0,0
45,2,12,4,Player_29,Player_76,0,0,0
45,2,12,5,Player_47,Player_97,1,0,1
45,2,12,6,Player_8,Player_58,0,0,0
45,2,13,1,Player_18,Player_81,1,0,1
45,2,13,2,Player_35,Player_91,6,0,6
45,2,13,3,Player_13,Player_90,0,0,0
45,2,13,4,Player_2,Player_51,1,0,1
45,2,13,5,Player_35,Player_95,1,0,1
45,2,13,6,Player_40,Player_64,0,0,0
45,2,14,1,Player_41,Player_83,6,0,6
45,2,14,2,Player_48,Player_81,0,0,0
45,2,14,3,Player_26,Player_94,1,0,1
45,2,14,4,Player_4,Player_74,0,0,0
45,2,14,5,Player_24,Player_73,0,0,0
45,2,14,6,Player_27,Player_51,0,0,0
45,2,15,1,Player_19,Player_98,4,0,4
45,2,15,2,Player_31,Player_93,4,0,4
45,2,15,3,Player_14,Player_85,4,0,4
45,2,15,4,Player_8,Player_61,1,0,1
45,2,15,5,Player_11,Player_91,0,0,0
45,2,15,6,Player_9,Player_57,6,0,6
45,2,16,1,Player_23,Player_72,4,0,4
45,2,16,2,Player_23,Player_58,0,0,0
45,2,16,3,Player_18,Player_83,1,0,1
45,2,16,4,Player_19,Player_83,1,0,1
45,2,16,5,Player_31,Player_92,0,0,0
45,2,16,6,Player_47,Player_72,0,0,0
45,2,17,1,Player_15,Player_75,0,0,0
45,2,17,2,Player_30,Player_81,0,0,0
45,2,17,3,Player_44,Player_81,0,0,0
45,2,17,4,Player_33,Player_68,1,0,1
45,2,17,5,Player_46,Player_63,2,0,2
45,2,17,6,Player_25,Player_60,1,1,2
45,2,18,1,Player_37,Player_78,0,0,0
45,2,18,2,Player_11,Player_72,4,0,4
45,2,18,3,Player_47,Player_95,4,0,4
45,2,18,4,Player_5,Player_84,1,0,1
45,2,18,5,Player_1,Player_65,1,0,1
45,2,18,6,Player_6,Player_87,0,0,0
45,2,19,1,Player_11,Player_50,0,0,0
45,2,19,2,Player_36,Player_57,1,0,1
45,2,19,3,Player_24,Player_98,0,0,0
45,2,19,4,Player_1,Player_72,6,0,6
45,2,19,5,Player_28,Player_78,0,0,0
45,2,19,6,Player_38,Player_98,1,0,1
45,2,20,1,Player_44,Player_53,0,0,0
45,2,20,2,Player_3,Player_69,3,0,3
45,2,20,3,Player_2,Player_74,0,0,0
45,2,20,4,Player_16,Player_64,2,0,2
45,2,20,5,Player_18,Player_74,6,0,6
45,2,20,6,Player_48,Player_70,0,0,0
46,1,1,1,Player_34,Player_79,0,0,0
46,1,1,2,Player_4,Player_75,6,0,6
46,1,1,3,Player_37,Player_87,1,1,2
46,1,1,4,Player_45,Player_91,0,0,0
46,1,1,5,Player_38,Player_87,0,0,0
46,1,1,6,Player_38,Player_61,2,0,2
46,1,2,1,Player_25,Player_91,0,0,0
46,1,2,2,Player_14,Player_54,0,0,0
46,1,2,3,Player_7,Player_67,4,0,4
46,1,2,4,Player_35,Player_56,0,0,0
46,1,2,5,Player_30,Player_79,2,0,2
46,1,2,6,Player_46,Player_59,4,0,4
46,1,3,1,Player_12,Player_83,2,0,2
46,1,3,2,Player_15,Player_91,3,0,3
46,1,3,3,Player_23,Player_85,0,0,0
46,1,3,4,Player_26,Player_92,0,0,0
46,1,3,5,Player_47,Player_82,0,0,0
46,1,3,6,Player_19,Player_56,1,0,1
46,1,4,1,Player_44,Player_72,2,0,2
46,1,4,2,Player_11,Player_57,1,0,1
46,1,4,3,Player_18,Player_64,1,0,1
46,1,4,4,Player_21,Player_67,0,0,0
46,1,4,5,Player_13,Player_65,1,0,1
46,1,4,6,Player_26,Player_71,1,0,1
46,1,5,1,Player_42,Player_93,0,0,0
46,1,5,2,Player_37,Player_74,2,0,2
46,1,5,3,Player_40,Player_99,2,0,2
46,1,5,4,Player_11,Player_76,1,0,1
46,1,5,5,Player_16,Player_67,1,0,1
46,1,5,6,Player_24,Player_84,0,0,0
46,1,6,1,Player_24,Player_64,2,0,2
46,1,6,2,Player_2,Player_88,0,0,0
46,1,6,3,Player_15,Player_84,4,0,4
46,1,6,4,Player_22,Player_89,4,0,4
46,1,6,5,Player_4,Player_56,0,0,0
46,1,6,6,Player_40,Player_83,1,0,1
46,1,7,1,Player_34,Player_78,1,0,1
46,1,7,2,Player_37,Player_51,1,0,1
46,1,7,3,Player_38,Player_82,2,0,2
46,1,7,4,Player_8,Player_95,1,0,1
46,1,7,5,Player_42,Player_99,1,0,1
46,1,7,6,Player_27,Player_62,6,0,6
46,1,8,1,Player_45,Player_72,2,0,2
46,1,8,2,Player_16,Player_91,1,0,1
46,1,8,3,Player_20,Player_88,0,0,0
46,1,8,4,Player_1,Player_83,0,0,0
46,1,8,5,Player_6,Player_87,1,0,1
46,1,8,6,Player_16,Player_84,1,0,1
46,1,9,1,Player_36,Player_87,1,1,2
46,1,9,2,Player_41,Player_80,2,0,2
46,1,9,3,Player_24,Player_75,1,0,1
46,1,9,4,Player_37,Player_76,4,0,4
46,1,9,5,Player_28,Player_81,1,0,1
46,1,9,6,Player_32,Player_87,0,0,0
46,1,10,1,Player_15,Player_55,0,0,0
46,1,10,2,Player_46,Player_55,0,0,0
46,1,10,3,Player_7,Player_94,0,0,0
46,1,10,4,Player_36,Player_63,4,0,4
46,1,10,5,Player_33,Player_69,4,0,4
46,1,10,6,Player_13,Player_97,1,0,1
46,1,11,1,Player_45,Player_86,0,0,0
46,1,11,2,Player_24,Player_76,2,0,2
46,1,11,3,Player_38,Player_97,0,1,1
46,1,11,4,Player_13,Player_92,0,0,0
46,1,11,5,Player_23,Player_65,6,0,6
46,1,11,6,Player_24,Player_96,1,0,1
46,1,12,1,Player_49,Player_71,4,0,4
46,1,12,2,Player_10,Player_96,1,0,1
46,1,12,3,Player_29,Player_71,0,0,0
46,1,12,4,Player_49,Player_81,3,0,3
46,1,12,5,Player_31,Player_78,4,0,4
46,1,12,6,Player_31,Player_63,1,0,1
46,1,13,1,Player_2,Player_53,1,0,1
46,1,13,2,Player_6,Player_50,0,0,0
46,1,13,3,Player_37,Player_94,1,0,1
46,1,13,4,Player_33,Player_64,1,0,1
46,1,13,5,Player_15,Player_56,0,0,0
46,1,13,6,Player_23,Player_63,4,0,4
46,1,14,1,Player_35,Player_80,3,0,3
46,1,14,2,Player_36,Player_62,1,0,1
46,1,14,3,Player_34,Player_91,1,0,1
46,1,14,4,Player_47,Player_84,1,0,1
46,1,14,5,Player_33,Player_84,0,0,0
46,1,14,6,Player_25,Player_66,0,0,0
46,1,15,1,Player_30,Player_77,0,0,0
46,1,15,2,Player_37,Player_71,2,0,2
46,1,15,3,Player_12,Player_90,0,0,0
46,1,15,4,Player_29,Player_78,1,0,1
46,1,15,5,Player_7,Player_66,0,0,0
46,1,15,6,Player_18,Player_90,0,0,0
46,1,16,1,Player_34,Player_52,6,0,6
46,1,16,2,Player_12,Player_64,3,0,3
46,1,16,3,Player_29,Player_55,6,0,6
46,1,16,4,Player_13,Player_93,1,0,1
46,1,16,5,Player_25,Player_71,6,0,6
46,1,16,6,Player_41,Player_65,1,0,1
46,1,17,1,Player_47,Player_71,1,0,1
46,1,17,2,Player_4,Player_99,0,0,0
46,1,17,3,Player_8,Player_86,0,0,0
46,1,17,4,Player_29,Player_70,1,0,1
46,1,17,5,Player_19,Player_52,1,0,1
46,1,17,6,Player_47,Player_85,0,0,0
46,1,18,1,Player_14,Player_56,0,0,0
46,1,18,2,Player_31,Player_71,2,0,2
46,1,18,3,Player_17,Player_86,1,0,1
46,1,18,4,Player_49,Player_74,0,0,0
46,1,18,5,Player_15,Player_69,4,0,4
46,1,18,6,Player_31,Player_67,1,0,1
46,1,19,1,Player_47,Player_53,1,0,1
46,1,19,2,Player_47,Player_99,3,0,3
46,1,19,3,Player_39,Player_70,0,0,0
46,1,19,4,Player_39,Player_95,4,1,5
46,1,19,5,Player_19,Player_78,0,0,0
46,1,19,6,Player_10,Player_64,0,0,0
46,1,20,1,Player_48,Player_84,0,0,0
46,1,20,2,Player_34,Player_94,2,0,2
46,1,20,3,Player_24,Player_52,0,0,0
46,1,20,4,Player_33,Player_78,0,0,0
46,1,20,5,Player_34,Player_65,0,0,0
46,1,20,6,Player_42,Player_52,0,0,0
46,2,1,1,Player_49,Player_63,4,0,4
46,2,1,2,Player_41,Player_64,1,0,1
46,2,1,3,Player_35,Player_88,2,0,2
46,2,1,4,Player_47,Player_77,1,1,2
46,2,1,5,Player_19,Player_50,0,0,0
46,2,1,6,Player_26,Player_83,2,0,2
46,2,2,1,Player_47,Player_76,0,0,0
46,2,2,2,Player_7,Player_57,0,0,0
46,2,2,3,Player_25,Player_56,2,0,2
46,2,2,4,Player_30,Player_50,1,0,1
46,2,2,5,Player_22,Player_81,0,0,0
46,2,2,6,Player_2,Player_84,1,0,1
46,2,3,1,Player_15,Player_92,1,0,1
46,2,3,2,Player_18,Player_83,0,0,0
46,2,3,3,Player_38,Player_86,0,0,0
46,2,3,4,Player_29,Player_61,2,0,2
46,2,3,5,Player_40,Player_79,1,0,1
46,2,3,6,Player_43,Player_82,2,0,2
46,2,4,1,Player_33,Player_84,6,0,6
46,2,4,2,Player_28,Player_69,1,0,1
46,2,4,3,Player_4,Player_85,0,0,0
46,2,4,4,Player_31,Player_88,0,0,0
46,2,4,5,Player_30,Player_97,0,0,0
46,2,4,6,Player_12,Player_66,1,0,1
46,2,5,1,Player_28,Player_66,0,0,0
46,2,5,2,Player_15,Player_68,0,0,0
46,2,5,3,Player_44,Player_84,2,0,2
46,2,5,4,Player_47,Player_60,0,0,0
46,2,5,5,Player_36,Player_70,0,0,0
46,2,5,6,Player_15,Player_70,1,0,1
46,2,6,1,Player_31,Player_70,6,0,6
46,2,6,2,Player_22,Player_85,2,1,3
46,2,6,3,Player_14,Player_87,1,0,1
46,2,6,4,Player_20,Player_76,0,0,0
46,2,6,5,Player_23,Player_54,0,0,0
46,2,6,6,Player_5,Player_56,2,0,2
46,2,7,1,Player_44,Player_87,0,0,0
46,2,7,2,Player_29,Player_79,1,0,1
46,2,7,3,Player_8,Player_86,1,0,1
46,2,7,4,Player_6,Player_50,6,0,6
46,2,7,5,Player_31,Player_65,0,0,0
46,2,7,6,Player_15,Player_85,0,0,0
46,2,8,1,Player_8,Player_71,1,0,1
46,2,8,2,Player_12,Player_51,2,0,2
46,2,8,3,Player_22,Player_66,0,0,0
46,2,8,4,Player_45,Player_72,1,0,1
46,2,8,5,Player_19,Player_66,4,0,4
46,2,8,6,Player_11,Player_52,1,0,1
46,2,9,1,Player_28,Player_74,1,0,1
46,2,9,2,Player_12,Player_90,0,0,0
46,2,9,3,Player_37,Player_80,1,0,1
46,2,9,4,Player_30,Player_51,2,0,2
46,2,9,5,Player_45,Player_97,0,0,0
46,2,9,6,Player_3,Player_83,1,0,1
46,2,10,1,Player_27,Player_99,0,0,0
46,2,10,2,Player_33,Player_58,1,0,1
46,2,10,3,Player_28,Player_52,0,0,0
46,2,10,4,Player_44,Player_93,1,1,2
46,2,10,5,Player_13,Player_93,1,0,1
46,2,10,6,Player_6,Player_60,4,0,4
46,2,11,1,Player_35,Player_89,0,0,0
46,2,11,2,Player_7,Player_60,0,0,0
46,2,11,3,Player_6,Player_97,2,0,2
46,2,11,4,Player_2,Player_80,0,0,0
46,2,11,5,Player_21,Player_95,0,0,0
46,2,11,6,Player_5,Player_66,3,0,3
46,2,12,1,Player_35,Player_90,0,0,0
46,2,12,2,Player_20,Player_92,1,0,1
46,2,12,3,Player_21,Player_70,0,0,0
46,2,12,4,Player_10,Player_93,0,0,0
46,2,12,5,Player_24,Player_61,1,0,1
46,2,12,6,Player_5,Player_85,0,0,0
46,2,13,1,Player_36,Player_71,3,0,3
46,2,13,2,Player_7,Player_53,1,0,1
46,2,13,3,Player_24,Player_65,4,0,4
46,2,13,4,Player_32,Player_74,2,0,2
46,2,13,5,Player_17,Player_95,2,0,2
46,2,13,6,Player_18,Player_98,0,0,0
46,2,14,1,Player_32,Player_76,0,0,0
46,2,14,2,Player_16,Player_64,2,0,2
46,2,14,3,Player_32,Player_94,0,0,0
46,2,14,4,Player_30,Player_88,1,0,1
46,2,14,5,Player_19,Player_80,1,0,1
46,2,14,6,Player_37,Player_97,1,0,1
46,2,15,1,Player_22,Player_87,1,0,1
46,2,15,2,Player_40,Player_71,1,0,1
46,2,15,3,Player_20,Player_98,0,1,1
46,2,15,4,Player_18,Player_57,1,0,1
46,2,15,5,Player_45,Player_51,1,0,1
46,2,15,6,Player_4,Player_63,1,0,1
46,2,16,1,Player_44,Player_65,4,0,4
46,2,16,2,Player_17,Player_63,4,0,4
46,2,16,3,Player_20,Player_82,1,0,1
46,2,16,4,Player_17,Player_72,0,0,0
46,2,16,5,Player_14,Player_59,3,0,3
46,2,16,6,Player_39,Player_68,0,1,1
46,2,17,1,Player_9,Player_54,0,0,0
46,2,17,2,Player_8,Player_68,0,0,0
46,2,17,3,Player_38,Player_69,2,0,2
46,2,17,4,Player_18,Player_50,0,1,1
46,2,17,5,Player_32,Player_91,0,0,0
46,2,17,6,Player_22,Player_97,2,0,2
46,2,18,1,Player_18,Player_86,1,0,1
46,2,18,2,Player_4,Player_65,6,0,6
46,2,18,3,Player_31,Player_53,0,1,1
46,2,18,4,Player_38,Player_52,3,0,3
46,2,18,5,Player_29,Player_72,1,0,1
46,2,18,6,Player_22,Player_63,3,0,3
46,2,19,1,Player_45,Player_53,0,0,0
46,2,19,2,Player_20,Player_93,0,0,0
46,2,19,3,Player_44,Player_52,0,0,0
46,2,19,4,Player_20,Player_58,0,0,0
46,2,19,5,Player_35,Player_89,0,0,0
46,2,19,6,Player_3,Player_63,1,0,1
46,2,20,1,Player_30,Player_88,1,0,1
46,2,20,2,Player_13,Player_69,0,0,0
46,2,20,3,Player_7,Player_66,2,0,2
46,2,20,4,Player_42,Player_72,0,0,0
46,2,20,5,Player_47,Player_67,0,0,0
46,2,20,6,Player_30,Player_62,0,0,0
47,1,1,1,Player_40,Player_59,0,0,0
47,1,1,2,Player_11,Player_69,0,0,0
47,1,1,3,Player_10,Player_64,0,0,0
47,1,1,4,Player_18,Player_56,1,0,1
47,1,1,5,Player_30,Player_76,6,0,6
47,1,1,6,Player_48,Player_90,4,0,4
47,1,2,1,Player_28,Player_86,0,0,0
47,1,2,2,Player_20,Player_71,0,0,0
47,1,2,3,Player_21,Player_56,0,1,1
47,1,2,4,Player_30,Player_83,6,0,6
47,1,2,5,Player_49,Player_88,1,0,1
47,1,2,6,Player_32,Player_54,0,0,0
47,1,3,1,Player_27,Player_69,0,0,0
47,1,3,2,Player_11,Player_64,0,0,0
47,1,3,3,Player_24,Player_77,0,0,0
47,1,3,4,Player_16,Player_85,4,0,4
47,1,3,5,Player_24,Player_87,0,0,0
47,1,3,6,Player_23,Player_54,0,0,0
47,1,4,1,Player_49,Player_93,4,0,4
47,1,4,2,Player_38,Player_76,2,0,2
47,1,4,3,Player_43,Player_95,0,0,0
47,1,4,4,Player_46,Player_70,0,0,0
47,1,4,5,Player_26,Player_69,1,0,1
47,1,4,6,Player_2,Player_95,0,0,0
47,1,5,1,Player_31,Player_53,0,0,0
47,1,5,2,Player_10,Player_91,0,0,0
47,1,5,3,Player_49,Player_68,0,0,0
47,1,5,4,Player_13,Player_84,1,0,1
47,1,5,5,Player_28,Player_93,1,0,1
47,1,5,6,Player_37,Player_75,0,0,0
47,1,6,1,Player_14,Player_65,0,1,1
47,1,6,2,Player_28,Player_77,2,0,2
47,1,6,3,Player_9,Player_60,0,0,0
47,1,6,4,Player_2,Player_83,1,0,1
47,1,6,5,Player_29,Player_96,4,0,4
47,1,6,6,Player_37,Player_88,4,0,4
47,1,7,1,Player_1,Player_69,4,1,5
47,1,7,2,Player_47,Player_79,0,0,0
47,1,7,3,Player_5,Player_98,0,0,0
47,1,7,4,Player_15,Player_69,1,0,1
47,1,7,5,Player_37,Player_89,1,0,1
47,1,7,6,Player_31,Player_50,2,0,2
47,1,8,1,Player_19,Player_60,0,0,0
47,1,8,2,Player_8,Player_83,1,0,1
47,1,8,3,Player_34,Player_94,2,0,2
47,1,8,4,Player_10,Player_79,0,0,0
47,1,8,5,Player_11,Player_73,1,0,1
47,1,8,6,Player_18,Player_54,6,1,7
47,1,9,1,Player_2,Player_86,0,0,0
47,1,9,2,Player_25,Player_68,0,1,1
47,1,9,3,Player_11,Player_62,1,0,1
47,1,9,4,Player_40,Player_63,1,0,1
47,1,9,5,Player_24,Player_78,0,0,0
47,1,9,6,Player_1,Player_56,0,0,0
47,1,10,1,Player_35,Player_88,3,0,3
47,1,10,2,Player_16,Player_76,0,0,0
47,1,10,3,Player_33,Player_56,2,0,2
47,1,10,4,Player_43,Player_66,1,0,1
47,1,10,5,Player_36,Player_80,2,0,2
47,1,10,6,Player_6,Player_91,0,0,0
47,1,11,1,Player_24,Player_54,1,0,1
47,1,11,2,Player_4,Player_89,1,0,1
47,1,11,3,Player_32,Player_81,0,0,0
47,1,11,4,Player_2,Player_60,2,0,2
47,1,11,5,Player_40,Player_50,4,0,4
47,1,11,6,Player_16,Player_51,0,0,0
47,1,12,1,Player_7,Player_78,1,0,1
47,1,12,2,Player_35,Player_54,0,0,0
47,1,12,3,Player_17,Player_88,0,0,0
47,1,12,4,Player_14,Player_90,0,0,0
47,1,12,5,Player_18,Player_83,2,0,2
47,1,12,6,Player_1,Player_76,2,0,2
47,1,13,1,Player_14,Player_77,3,0,3
47,1,13,2,Player_24,Player_68,6,0,6
47,1,13,3,Player_44,Player_78,1,0,1
47,1,13,4,Player_24,Player_61,3,0,3
47,1,13,5,Player_6,Player_61,0,0,0
47,1,13,6,Player_38,Player_80,1,0,1
47,1,14,1,Player_27,Player_53,1,0,1
47,1,14,2,Player_37,Player_70,4,0,4
47,1,14,3,Player_38,Player_55,0,0,0
47,1,14,4,Player_40,Player_70,0,0,0
47,1,14,5,Player_5,Player_64,0,0,0
47,1,14,6,Player_16,Player_89,1,0,1
47,1,15,1,Player_21,Player_73,0,0,0
47,1,15,2,Player_2,Player_89,1,0,1
47,1,15,3,Player_20,Player_51,1,0,1
47,1,15,4,Player_21,Player_97,0,0,0
47,1,15,5,Player_6,Player_77,1,0,1
47,1,15,6,Player_28,Player_83,0,0,0
47,1,16,1,Player_35,Player_71,4,0,4
47,1,16,2,Player_35,Player_99,6,0,6
47,1,16,3,Player_9,Player_63,0,0,0
47,1,16,4,Player_47,Player_76,1,0,1
47,1,16,5,Player_39,Player_83,0,0,0
47,1,16,6,Player_30,Player_73,0,0,0
47,1,17,1,Player_27,Player_78,1,0,1
47,1,17,2,Player_40,Player_58,0,0,0
47,1,17,3,Player_28,Player_86,1,0,1
47,1,17,4,Player_28,Player_64,1,0,1
47,1,17,5,Player_37,Player_85,0,0,0
47,1,17,6,Player_23,Player_65,0,0,0
47,1,18,1,Player_27,Player_84,0,0,0
47,1,18,2,Player_3,Player_85,0,0,0
47,1,18,3,Player_48,Player_91,3,0,3
47,1,18,4,Player_17,Player_78,0,0,0
47,1,18,5,Player_24,Player_93,3,0,3
47,1,18,6,Player_42,Player_87,1,1,2
47,1,19,1,Player_43,Player_51,6,0,6
47,1,19,2,Player_5,Player_87,2,0,2
47,1,19,3,Player_11,Player_92,4,0,4
47,1,19,4,Player_42,Player_78,1,0,1
47,1,19,5,Player_27,Player_57,0,0,0
47,1,19,6,Player_46,Player_74,0,0,0
47,1,20,1,Player_31,Player_68,2,0,2
47,1,20,2,Player_17,Player_83,1,0,1
47,1,20,3,Player_25,Player_61,0,0,0
47,1,20,4,Player_1,Player_97,0,0,0
47,1,20,5,Player_16,Player_71,1,0,1
47,1,20,6,Player_26,Player_91,4,0,4
47,2,1,1,Player_39,Player_84,0,0,0
47,2,1,2,Player_4,Player_79,0,0,0
47,2,1,3,Player_26,Player_99,0,0,0
47,2,1,4,Player_32,Player_75,1,0,1
47,2,1,5,Player_2,Player_72,0,0,0
47,2,1,6,Player_22,Player_98,1,0,1
47,2,2,1,Player_17,Player_70,1,0,1
47,2,2,2,Player_24,Player_79,0,0,0
47,2,2,3,Player_21,Player_55,1,0,1
47,2,2,4,Player_10,Player_80,0,1,1
47,2,2,5,Player_21,Player_85,4,0,4
47,2,2,6,Player_32,Player_75,4,0,4
47,2,3,1,Player_27,Player_96,2,0,2
47,2,3,2,Player_44,Player_73,1,0,1
47,2,3,3,Player_14,Player_62,2,0,2
47,2,3,4,Player_46,Player_96,1,0,1
47,2,3,5,Player_12,Player_95,4,0,4
47,2,3,6,Player_35,Player_75,1,0,1
47,2,4,1,Player_5,Player_84,0,0,0
47,2,4,2,Player_17,Player_70,0,0,0
47,2,4,3,Player_15,Player_72,2,0,2
47,2,4,4,Player_21,Player_59,1,0,1
47,2,4,5,Player_1,Player_71,0,0,0
47,2,4,6,Player_13,Player_71,2,1,3
47,2,5,1,Player_21,Player_88,1,0,1
47,2,5,2,Player_13,Player_61,1,0,1
47,2,5,3,Player_18,Player_98,0,0,0
47,2,5,4,Player_28,Player_90,4,0,4
47,2,5,5,Player_36,Player_79,0,0,0
47,2,5,6,Player_28,Player_98,1,0,1
47,2,6,1,Player_47,Player_59,1,0,1
47,2,6,2,Player_28,Player_70,0,0,0
47,2,6,3,Player_20,Player_81,1,0,1
47,2,6,4,Player_21,Player_66,1,0,1
47,2,6,5,Player_2,Player_66,3,0,3
47,2,6,6,Player_44,Player_97,0,0,0
47,2,7,1,Player_1,Player_91,1,0,1
47,2,7,2,Player_49,Player_65,0,0,0
47,2,7,3,Player_6,Player_73,1,0,1
47,2,7,4,Player_48,Player_90,1,0,1
47,2,7,5,Player_29,Player_53,4,0,4
47,2,7,6,Player_26,Player_63,0,1,1
47,2,8,1,Player_24,Player_57,1,0,1
47,2,8,2,Player_15,Player_65,2,1,3
47,2,8,3,Player_7,Player_99,1,0,1
47,2,8,4,Player_4,Player_86,3,0,3
47,2,8,5,Player_33,Player_81,1,0,1
47,2,8,6,Player_32,Player_63,2,0,2
47,2,9,1,Player_7,Player_94,3,0,3
47,2,9,2,Player_24,Player_63,0,0,0
47,2,9,3,Player_44,Player_64,2,0,2
47,2,9,4,Player_45,Player_59,0,0,0
47,2,9,5,Player_10,Player_71,0,0,0
47,2,9,6,Player_17,Player_50,1,0,1
47,2,10,1,Player_1,Player_66,1,0,1
47,2,10,2,Player_44,Player_87,1,0,1
47,2,10,3,Player_29,Player_72,0,0,0
47,2,10,4,Player_16,Player_72,1,0,1
47,2,10,5,Player_12,Player_61,1,0,1
47,2,10,6,Player_47,Player_69,1,0,1
47,2,11,1,Player_41,Player_73,0,0,0
47,2,11,2,Player_36,Player_66,1,0,1
47,2,11,3,Player_3,Player_50,2,0,2
47,2,11,4,Player_4,Player_81,2,0,2
47,2,11,5,Player_49,Player_56,0,0,0
47,2,11,6,Player_35,Player_73,1,0,1
47,2,12,1,Player_49,Player_78,4,0,4
47,2,12,2,Player_14,Player_85,1,0,1
47,2,12,3,Player_7,Player_59,0,0,0
47,2,12,4,Player_23,Player_60,1,0,1
47,2,12,5,Player_44,Player_59,0,0,0
47,2,12,6,Player_7,Player_99,1,0,1
47,2,13,1,Player_36,Player_82,1,0,1
47,2,13,2,Player_7,Player_79,0,0,0
47,2,13,3,Player_46,Player_86,1,0,1
47,2,13,4,Player_40,Player_69,1,0,1
47,2,13,5,Player_30,Player_78,3,0,3
47,2,13,6,Player_27,Player_62,1,0,1
47,2,14,1,Player_16,Player_88,0,0,0
47,2,14,2,Player_20,Player_83,1,0,1
47,2,14,3,Player_29,Player_80,3,0,3
47,2,14,4,Player_46,Player_91,0,0,0
47,2,14,5,Player_9,Player_97,1,0,1
47,2,14,6,Player_42,Player_53,1,0,1
47,2,15,1,Player_43,Player_82,0,0,0
47,2,15,2,Player_38,Player_66,1,0,1
47,2,15,3,Player_41,Player_99,1,0,1
47,2,15,4,Player_6,Player_81,0,0,0
47,2,15,5,Player_13,Player_88,1,0,1
47,2,15,6,Player_4,Player_89,6,0,6
47,2,16,1,Player_7,Player_76,1,0,1
47,2,16,2,Player_5,Player_98,1,0,1
47,2,16,3,Player_27,Player_99,2,0,2
47,2,16,4,Player_30,Player_62,1,0,1
47,2,16,5,Player_15,Player_88,1,0,1
47,2,16,6,Player_39,Player_66,2,0,2
47,2,17,1,Player_17,Player_83,2,0,2
47,2,17,2,Player_30,Player_98,2,0,2
47,2,17,3,Player_31,Player_68,1,0,1
47,2,17,4,Player_13,Player_59,0,0,0
47,2,17,5,Player_18,Player_71,0,0,0
47,2,17,6,Player_40,Player_97,1,0,1
47,2,18,1,Player_14,Player_98,0,0,0
47,2,18,2,Player_3,Player_50,3,0,3
47,2,18,3,Player_33,Player_98,2,0,2
47,2,18,4,Player_31,Player_84,0,0,0
47,2,18,5,Player_38,Player_63,3,0,3
47,2,18,6,Player_49,Player_58,2,0,2
47,2,19,1,Player_47,Player_99,0,0,0
47,2,19,2,Player_37,Player_72,4,0,4
47,2,19,3,Player_36,Player_91,1,0,1
47,2,19,4,Player_13,Player_65,3,0,3
47,2,19,5,Player_13,Player_95,3,0,3
47,2,19,6,Player_20,Player_96,0,0,0
47,2,20,1,Player_26,Player_64,1,1,2
47,2,20,2,Player_30,Player_93,1,0,1
47,2,20,3,Player_18,Player_90,1,0,1
47,2,20,4,Player_19,Player_60,2,0,2
47,2,20,5,Player_44,Player_83,4,0,4
47,2,20,6,Player_11,Player_75,1,0,1
48,1,1,1,Player_27,Player_65,4,0,4
48,1,1,2,Player_10,Player_91,0,0,0
48,1,1,3,Player_2,Player_75,0,0,0
48,1,1,4,Player_24,Player_99,1,0,1
48,1,1,5,Player_38,Player_97,0,0,0
48,1,1,6,Player_48,Player_92,1,0,1
48,1,2,1,Player_23,Player_87,2,0,2
48,1,2,2,Player_2,Player_59,0,0,0
48,1,2,3,Player_43,Player_72,6,0,6
48,1,2,4,Player_13,Player_86,1,0,1
48,1,2,5,Player_1,Player_71,4,0,4
48,1,2,6,Player_10,Player_91,4,0,4
48,1,3,1,Player_23,Player_66,1,0,1
48,1,3,2,Player_4,Player_56,1,0,1
48,1,3,3,Player_22,Player_52,0,0,0
48,1,3,4,Player_14,Player_98,0,0,0
48,1,3,5,Player_47,Player_70,1,0,1
48,1,3,6,Player_4,Player_63,2,0,2
48,1,4,1,Player_36,Player_65,0,0,0
48,1,4,2,Player_35,Player_64,6,0,6
48,1,4,3,Player_10,Player_60,0,0,0
48,1,4,4,Player_47,Player_97,2,0,2
48,1,4,5,Player_20,Player_61,1,0,1
48,1,4,6,Player_46,Player_96,2,0,2
48,1,5,1,Player_31,Player_65,2,0,2
48,1,5,2,Player_43,Player_73,1,0,1
48,1,5,3,Player_23,Player_70,1,0,1
48,1,5,4,Player_48,Player_73,0,0,0
48,1,5,5,Player_34,Player_62,3,0,3
48,1,5,6,Player_35,Player_70,0,0,0
48,1,6,1,Player_43,Player_75,1,0,1
48,1,6,2,Player_47,Player_86,0,0,0
48,1,6,3,Player_36,Player_89,0,0,0
48,1,6,4,Player_40,Player_93,2,0,2
48,1,6,5,Player_46,Player_55,0,0,0
48,1,6,6,Player_18,Player_82,1,0,1
48,1,7,1,Player_44,Player_78,0,0,0
48,1,7,2,Player_25,Player_66,1,0,1
48,1,7,3,Player_24,Player_67,0,0,0
48,1,7,4,Player_41,Player_66,1,1,2
48,1,7,5,Player_4,Player_81,1,0,1
48,1,7,6,Player_28,Player_85,2,0,2
48,1,8,1,Player_26,Player_98,0,0,0
48,1,8,2,Player_38,Player_98,0,0,0
48,1,8,3,Player_21,Player_76,4,0,4
48,1,8,4,Player_7,Player_82,0,0,0
48,1,8,5,Player_17,Player_97,0,0,0
48,1,8,6,Player_36,Player_88,0,0,0
48,1,9,1,Player_12,Player_72,1,0,1
48,1,9,2,Player_28,Player_93,0,0,0
48,1,9,3,Player_2,Player_50,1,0,1
48,1,9,4,Player_29,Player_67,0,0,0
48,1,9,5,Player_44,Player_73,0,0,0
48,1,9,6,Player_40,Player_61,0,0,0
48,1,10,1,Player_27,Player_86,2,0,2
48,1,10,2,Player_38,Player_52,0,0,0
48,1,10,3,Player_31,Player_88,1,0,1
48,1,10,4,Player_44,Player_60,0,0,0
48,1,10,5,Player_4,Player_81,2,0,2
48,1,10,6,Player_8,Player_70,0,0,0
48,1,11,1,Player_5,Player_81,1,0,1
48,1,11,2,Player_26,Player_89,2,0,2
48,1,11,3,Player_42,Player_70,4,0,4
48,1,11,4,Player_32,Player_57,1,0,1
48,1,11,5,Player_12,Player_86,1,0,1
48,1,11,6,Player_37,Player_96,0,0,0
48,1,12,1,Player_6,Player_78,0,0,0
48,1,12,2,Player_46,Player_96,4,0,4
48,1,12,3,Player_32,Player_51,2,0,2
48,1,12,4,Player_19,Player_90,1,0,1
48,1,12,5,Player_36,Player_54,1,0,1
48,1,12,6,Player_10,Player_85,0,0,0
48,1,13,1,Player_29,Player_94,0,0,0
48,1,13,2,Player_11,Player_51,0,0,0
48,1,13,3,Player_31,Player_62,4,0,4
48,1,13,4,Player_29,Player_72,0,0,0
48,1,13,5,Player_26,Player_52,1,0,1
48,1,13,6,Player_9,Player_73,1,0,1
48,1,14,1,Player_43,Player_99,3,0,3
48,1,14,2,Player_25,Player_51,0,0,0
48,1,14,3,Player_47,Player_89,1,0,1
48,1,14,4,Player_34,Player_92,0,0,0
48,1,14,5,Player_29,Player_99,0,0,0
48,1,14,6,Player_48,Player_99,0,1,1
48,1,15,1,Player_22,Player_79,0,0,0
48,1,15,2,Player_45,Player_62,0,0,0
48,1,15,3,Player_14,Player_72,1,0,1
48,1,15,4,Player_2,Player_67,1,1,2
48,1,15,5,Player_30,Player_62,2,0,2
48,1,15,6,Player_26,Player_53,1,0,1
48,1,16,1,Player_40,Player_65,1,0,1
48,1,16,2,Player_27,Player_94,0,0,0
48,1,16,3,Player_44,Player_83,1,0,1
48,1,16,4,Player_34,Player_84,4,0,4
48,1,16,5,Player_45,Player_97,0,0,0
48,1,16,6,Player_21,Player_92,1,0,1
48,1,17,1,Player_42,Player_91,1,0,1
48,1,17,2,Player_17,Player_76,4,1,5
48,1,17,3,Player_4,Player_98,4,0,4
48,1,17,4,Player_4,Player_67,4,0,4
48,1,17,5,Player_48,Player_96,1,0,1
48,1,17,6,Player_9,Player_65,4,0,4
48,1,18,1,Player_49,Player_85,2,0,2
48,1,18,2,Player_28,Player_94,0,0,0
48,1,18,3,Player_14,Player_64,1,0,1
48,1,18,4,Player_11,Player_78,0,0,0
48,1,18,5,Player_41,Player_69,1,0,1
48,1,18,6,Player_16,Player_51,1,0,1
48,1,19,1,Player_38,Player_51,1,0,1
48,1,19,2,Player_44,Player_53,4,0,4
48,1,19,3,Player_17,Player_69,2,0,2
48,1,19,4,Player_26,Player_91,1,0,1
48,1,19,5,Player_28,Player_58,1,0,1
48,1,19,6,Player_31,Player_76,1,0,1
48,1,20,1,Player_32,Player_60,1,0,1
48,1,20,2,Player_1,Player_55,1,0,1
48,1,20,3,Player_5,Player_62,3,0,3
48,1,20,4,Player_35,Player_67,0,0,0
48,1,20,5,Player_8,Player_60,0,0,0
48,1,20,6,Player_38,Player_87,0,0,0
48,2,1,1,Player_9,Player_52,2,0,2
48,2,1,2,Player_26,Player_83,1,0,1
48,2,1,3,Player_3,Player_60,0,0,0
48,2,1,4,Player_12,Player_79,4,0,4
48,2,1,5,Player_20,Player_70,0,0,0
48,2,1,6,Player_44,Player_53,0,0,0
48,2,2,1,Player_11,Player_51,1,0,1
48,2,2,2,Player_7,Player_87,0,0,0
48,2,2,3,Player_28,Player_68,1,0,1
48,2,2,4,Player_11,Player_51,1,0,1
48,2,2,5,Player_40,Player_86,0,0,0
48,2,2,6,Player_9,Player_75,1,0,1
48,2,3,1,Player_49,Player_83,4,0,4
48,2,3,2,Player_40,Player_87,3,0,3
48,2,3,3,Player_44,Player_51,1,0,1
48,2,3,4,Player_18,Player_78,6,0,6
48,2,3,5,Player_22,Player_95,0,0,0
48,2,3,6,Player_21,Player_87,3,0,3
48,2,4,1,Player_37,Player_61,0,0,0
48,2,4,2,Player_38,Player_57,0,0,0
48,2,4,3,Player_30,Player_58,1,0,1
48,2,4,4,Player_29,Player_51,4,1,5
48,2,4,5,Player_22,Player_84,6,0,6
48,2,4,6,Player_23,Player_51,1,0,1
48,2,5,1,Player_12,Player_86,1,0,1
48,2,5,2,Player_3,Player_93,0,0,0
48,2,5,3,Player_38,Player_92,0,0,0
48,2,5,4,Player_12,Player_68,0,0,0
48,2,5,5,Player_18,Player_90,4,0,4
48,2,5,6,Player_36,Player_76,1,0,1
48,2,6,1,Player_43,Player_72,0,0,0
48,2,6,2,Player_7,Player_99,2,0,2
48,2,6,3,Player_39,Player_72,0,0,0
48,2,6,4,Player_8,Player_81,1,0,1
48,2,6,5,Player_10,Player_63,1,1,2
48,2,6,6,Player_4,Player_68,1,0,1
48,2,7,1,Player_33,Player_57,4,0,4
48,2,7,2,Player_36,Player_75,1,0,1
48,2,7,3,Player_33,Player_59,1,0,1
48,2,7,4,Player_39,Player_83,1,0,1
48,2,7,5,Player_36,Player_55,0,0,0
48,2,7,6,Player_24,Player_58,1,0,1
48,2,8,1,Player_27,Player_73,0,0,0
48,2,8,2,Player_33,Player_91,0,0,0
48,2,8,3,Player_23,Player_85,0,0,0
48,2,8,4,Player_26,Player_83,2,1,3
48,2,8,5,Player_42,Player_70,1,0,1
48,2,8,6,Player_48,Player_74,0,0,0
48,2,9,1,Player_27,Player_80,0,0,0
48,2,9,2,Player_20,Player_65,0,0,0
48,2,9,3,Player_8,Player_76,4,0,4
48,2,9,4,Player_31,Player_69,1,0,1
48,2,9,5,Player_19,Player_88,0,0,0
48,2,9,6,Player_14,Player_83,0,0,0
48,2,10,1,Player_20,Player_64,1,0,1
48,2,10,2,Player_16,Player_86,1,0,1
48,2,10,3,Player_35,Player_73,2,0,2
48,2,10,4,Player_46,Player_74,1,0,1
48,2,10,5,Player_32,Player_55,4,0,4
48,2,10,6,Player_24,Player_59,1,1,2
48,2,11,1,Player_38,Player_61,1,0,1
48,2,11,2,Player_35,Player_86,0,0,0
48,2,11,3,Player_18,Player_89,1,1,2
48,2,11,4,Player_42,Player_83,1,0,1
48,2,11,5,Player_4,Player_52,6,0,6
48,2,11,6,Player_28,Player_71,0,0,0
48,2,12,1,Player_33,Player_96,1,0,1
48,2,12,2,Player_47,Player_83,0,0,0
48,2,12,3,Player_1,Player_54,3,0,3
48,2,12,4,Player_35,Player_71,1,0,1
48,2,12,5,Player_1,Player_53,0,0,0
48,2,12,6,Player_14,Player_75,4,0,4
48,2,13,1,Player_25,Player_85,1,0,1
48,2,13,2,Player_42,Player_99,0,0,0
48,2,13,3,Player_46,Player_74,1,0,1
48,2,13,4,Player_25,Player_89,0,0,0
48,2,13,5,Player_5,Player_63,1,0,1
48,2,13,6,Player_44,Player_64,0,0,0
48,2,14,1,Player_45,Player_63,4,0,4
48,2,14,2,Player_14,Player_63,1,1,2
48,2,14,3,Player_19,Player_69,6,1,7
48,2,14,4,Player_1,Player_53,4,0,4
48,2,14,5,Player_14,Player_95,1,0,1
48,2,14,6,Player_16,Player_68,0,0,0
48,2,15,1,Player_29,Player_91,1,0,1
48,2,15,2,Player_47,Player_89,0,0,0
48,2,15,3,Player_21,Player_55,2,0,2
48,2,15,4,Player_36,Player_74,0,0,0
48,2,15,5,Player_28,Player_99,0,0,0
48,2,15,6,Player_5,Player_68,0,0,0
48,2,16,1,Player_32,Player_54,6,0,6
48,2,16,2,Player_45,Player_50,0,0,0
48,2,16,3,Player_32,Player_83,1,0,1
48,2,16,4,Player_28,Player_66,1,0,1
48,2,16,5,Player_26,Player_95,1,0,1
48,2,16,6,Player_43,Player_83,0,0,0
48,2,17,1,Player_2,Player_63,4,0,4
48,2,17,2,Player_39,Player_74,4,0,4
48,2,17,3,Player_49,Player_82,2,0,2
48,2,17,4,Player_48,Player_87,0,0,0
48,2,17,5,Player_1,Player_60,3,0,3
48,2,17,6,Player_32,Player_74,0,0,0
48,2,18,1,Player_34,Player_57,0,0,0
48,2,18,2,Player_19,Player_70,1,0,1
48,2,18,3,Player_22,Player_54,0,1,1
48,2,18,4,Player_39,Player_61,0,0,0
48,2,18,5,Player_45,Player_76,6,0,6
48,2,18,6,Player_21,Player_87,0,1,1
48,2,19,1,Player_36,Player_82,1,0,1
48,2,19,2,Player_20,Player_72,1,0,1
48,2,19,3,Player_48,Player_96,0,0,0
48,2,19,4,Player_20,Player_73,0,0,0
48,2,19,5,Player_10,Player_71,0,0,0
48,2,19,6,Player_18,Player_69,0,0,0
48,2,20,1,Player_21,Player_69,2,0,2
48,2,20,2,Player_20,Player_74,0,0,0
48,2,20,3,Player_10,Player_89,0,0,0
48,2,20,4,Player_48,Player_80,1,0,1
48,2,20,5,Player_11,Player_69,1,0,1
48,2,20,6,Player_17,Player_59,3,0,3
49,1,1,1,Player_32,Player_82,0,0,0
49,1,1,2,Player_14,Player_94,0,0,0
49,1,1,3,Player_36,Player_73,1,0,1
49,1,1,4,Player_13,Player_51,1,0,1
49,1,1,5,Player_48,Player_51,1,0,1
49,1,1,6,Player_39,Player_54,1,0,1
49,1,2,1,Player_29,Player_79,0,0,0
49,1,2,2,Player_7,Player_75,3,0,3
49,1,2,3,Player_24,Player_99,1,0,1
49,1,2,4,Player_48,Player_94,0,0,0
49,1,2,5,Player_46,Player_54,0,0,0
49,1,2,6,Player_6,Player_54,4,0,4
49,1,3,1,Player_20,Player_87,0,1,1
49,1,3,2,Player_13,Player_62,1,0,1
49,1,3,3,Player_38,Player_89,0,0,0
49,1,3,4,Player_2,Player_92,0,0,0
49,1,3,5,Player_10,Player_57,2,0,2
49,1,3,6,Player_15,Player_91,0,0,0
49,1,4,1,Player_24,Player_84,0,0,0
49,1,4,2,Player_9,Player_84,0,0,0
49,1,4,3,Player_36,Player_51,1,0,1
49,1,4,4,Player_18,Player_90,1,0,1
49,1,4,5,Player_35,Player_89,1,0,1
49,1,4,6,Player_48,Player_99,2,1,3
49,1,5,1,Player_42,Player_90,1,0,1
49,1,5,2,Player_3,Player_60,4,0,4
49,1,5,3,Player_38,Player_71,2,0,2
49,1,5,4,Player_10,Player_86,0,0,0
49,1,5,5,Player_17,Player_73,0,0,0
49,1,5,6,Player_17,Player_70,1,0,1
49,1,6,1,Player_39,Player_83,2,0,2
49,1,6,2,Player_4,Player_93,4,0,4
49,1,6,3,Player_6,Player_60,1,1,2
49,1,6,4,Player_34,Player_62,0,0,0
49,1,6,5,Player_30,Player_80,3,0,3
49,1,6,6,Player_12,Player_61,2,0,2
49,1,7,1,Player_21,Player_94,1,0,1
49,1,7,2,Player_5,Player_62,6,0,6
49,1,7,3,Player_8,Player_65,6,0,6
49,1,7,4,Player_42,Player_51,1,0,1
49,1,7,5,Player_4,Player_53,4,0,4
49,1,7,6,Player_29,Player_71,0,0,0
49,1,8,1,Player_15,Player_79,0,0,0
49,1,8,2,Player_13,Player_72,0,0,0
49,1,8,3,Player_20,Player_51,1,0,1
49,1,8,4,Player_7,Player_92,0,0,0
49,1,8,5,Player_28,Player_74,0,0,0
49,1,8,6,Player_48,Player_65,4,0,4
49,1,9,1,Player_42,Player_55,0,0,0
49,1,9,2,Player_47,Player_85,1,0,1
49,1,9,3,Player_2,Player_68,1,0,1
49,1,9,4,Player_21,Player_94,1,0,1
49,1,9,5,Player_1,Player_73,0,0,0
49,1,9,6,Player_17,Player_77,0,0,0
49,1,10,1,Player_29,Player_94,0,0,0
49,1,10,2,Player_44,Player_78,0,0,0
49,1,10,3,Player_10,Player_88,1,0,1
49,1,10,4,Player_23,Player_76,0,0,0
49,1,10,5,Player_17,Player_96,0,0,0
49,1,10,6,Player_17,Player_80,4,0,4
49,1,11,1,Player_19,Player_65,1,0,1
49,1,11,2,Player_43,Player_64,1,0,1
49,1,11,3,Player_42,Player_84,0,1,1
49,1,11,4,Player_49,Player_82,0,0,0
49,1,11,5,Player_9,Player_69,0,0,0
49,1,11,6,Player_29,Player_91,1,0,1
49,1,12,1,Player_49,Player_76,1,0,1
49,1,12,2,Player_31,Player_86,6,0,6
49,1,12,3,Player_48,Player_90,1,0,1
49,1,12,4,Player_9,Player_65,4,0,4
49,1,12,5,Player_24,Player_91,0,0,0
49,1,12,6,Player_9,Player_98,1,0,1
49,1,13,1,Player_13,Player_70,0,0,0
49,1,13,2,Player_42,Player_69,0,0,0
49,1,13,3,Player_15,Player_74,1,0,1
49,1,13,4,Player_8,Player_70,1,0,1
49,1,13,5,Player_6,Player_59,0,0,0
49,1,13,6,Player_21,Player_63,1,0,1
49,1,14,1,Player_33,Player_74,0,0,0
49,1,14,2,Player_47,Player_86,2,0,2
49,1,14,3,Player_5,Player_66,1,0,1
49,1,14,4,Player_46,Player_59,1,0,1
49,1,14,5,Player_41,Player_62,0,0,0
49,1,14,6,Player_9,Player_86,0,0,0
49,1,15,1,Player_6,Player_60,1,0,1
49,1,15,2,Player_10,Player_64,1,0,1
49,1,15,3,Player_28,Player_52,1,0,1
49,1,15,4,Player_36,Player_68,0,0,0
49,1,15,5,Player_12,Player_76,1,0,1
49,1,15,6,Player_26,Player_67,0,0,0
49,1,16,1,Player_37,Player_83,0,0,0
49,1,16,2,Player_37,Player_72,4,1,5
49,1,16,3,Player_30,Player_64,1,0,1
49,1,16,4,Player_4,Player_53,0,0,0
49,1,16,5,Player_8,Player_72,1,0,1
49,1,16,6,Player_4,Player_78,0,0,0
49,1,17,1,Player_49,Player_73,1,0,1
49,1,17,2,Player_41,Player_93,0,0,0
49,1,17,3,Player_16,Player_81,1,0,1
49,1,17,4,Player_35,Player_86,0,1,1
49,1,17,5,Player_18,Player_51,4,0,4
49,1,17,6,Player_28,Player_86,3,0,3
49,1,18,1,Player_8,Player_74,6,0,6
49,1,18,2,Player_33,Player_89,1,0,1
49,1,18,3,Player_5,Player_63,4,0,4
49,1,18,4,Player_23,Player_78,1,0,1
49,1,18,5,Player_14,Player_87,1,1,2
49,1,18,6,Player_3,Player_91,1,0,1
49,1,19,1,Player_7,Player_75,1,0,1
49,1,19,2,Player_36,Player_62,0,0,0
49,1,19,3,Player_22,Player_94,2,0,2
49,1,19,4,Player_23,Player_87,1,0,1
49,1,19,5,Player_28,Player_79,6,0,6
49,1,19,6,Player_18,Player_74,0,0,0
49,1,20,1,Player_12,Player_97,1,0,1
49,1,20,2,Player_2,Player_74,1,0,1
49,1,20,3,Player_5,Player_52,1,0,1
49,1,20,4,Player_28,Player_53,2,0,2
49,1,20,5,Player_16,Player_61,1,0,1
49,1,20,6,Player_30,Player_75,0,0,0
49,2,1,1,Player_33,Player_64,0,0,0
49,2,1,2,Player_16,Player_95,4,0,4
49,2,1,3,Player_35,Player_76,0,0,0
49,2,1,4,Player_17,Player_98,0,0,0
49,2,1,5,Player_35,Player_99,0,0,0
49,2,1,6,Player_10,Player_90,2,0,2
49,2,2,1,Player_33,Player_65,2,0,2
49,2,2,2,Player_10,Player_60,0,0,0
49,2,2,3,Player_40,Player_72,1,0,1
49,2,2,4,Player_13,Player_85,0,0,0
49,2,2,5,Player_28,Player_52,2,1,3
49,2,2,6,Player_38,Player_67,0,0,0
49,2,3,1,Player_9,Player_78,0,0,0
49,2,3,2,Player_33,Player_82,0,0,0
49,2,3,3,Player_18,Player_66,1,0,1
49,2,3,4,Player_44,Player_54,1,0,1
49,2,3,5,Player_15,Player_95,0,0,0
49,2,3,6,Player_6,Player_74,1,0,1
49,2,4,1,Player_34,Player_93,0,0,0
49,2,4,2,Player_9,Player_69,0,0,0
49,2,4,3,Player_34,Player_91,0,0,0
49,2,4,4,Player_34,Player_85,0,0,0
49,2,4,5,Player_33,Player_72,0,0,0
49,2,4,6,Player_42,Player_56,1,0,1
49,2,5,1,Player_30,Player_84,0,0,0
49,2,5,2,Player_43,Player_87,0,0,0
49,2,5,3,Player_46,Player_68,4,0,4
49,2,5,4,Player_32,Player_80,0,0,0
49,2,5,5,Player_46,Player_84,4,0,4
49,2,5,6,Player_29,Player_55,0,0,0
49,2,6,1,Player_4,Player_65,3,0,3
49,2,6,2,Player_20,Player_75,0,0,0
49,2,6,3,Player_40,Player_75,0,0,0
49,2,6,4,Player_7,Player_95,0,0,0
49,2,6,5,Player_34,Player_72,0,0,0
49,2,6,6,Player_40,Player_98,2,1,3
49,2,7,1,Player_25,Player_86,4,0,4
49,2,7,2,Player_32,Player_79,6,0,6
49,2,7,3,Player_46,Player_81,1,0,1
49,2,7,4,Player_9,Player_70,1,0,1
49,2,7,5,Player_25,Player_98,1,0,1
49,2,7,6,Player_48,Player_65,0,0,0
49,2,8,1,Player_7,Player_54,2,0,2
49,2,8,2,Player_30,Player_74,0,0,0
49,2,8,3,Player_44,Player_54,0,0,0
49,2,8,4,Player_13,Player_70,1,0,1
49,2,8,5,Player_21,Player_86,4,0,4
49,2,8,6,Player_3,Player_92,1,1,2
49,2,9,1,Player_48,Player_81,0,0,0
49,2,9,2,Player_42,Player_81,3,0,3
49,2,9,3,Player_25,Player_50,4,0,4
49,2,9,4,Player_16,Player_81,4,0,4
49,2,9,5,Player_19,Player_63,2,0,2
49,2,9,6,Player_40,Player_59,6,0,6
49,2,10,1,Player_37,Player_64,1,0,1
49,2,10,2,Player_6,Player_64,1,0,1
49,2,10,3,Player_19,Player_53,1,0,1
49,2,10,4,Player_6,Player_99,0,0,0
49,2,10,5,Player_24,Player_71,0,0,0
49,2,10,6,Player_6,Player_87,4,0,4
49,2,11,1,Player_5,Player_96,0,0,0
49,2,11,2,Player_45,Player_61,1,0,1
49,2,11,3,Player_26,Player_81,1,0,1
49,2,11,4,Player_25,Player_93,0,0,0
49,2,11,5,Player_39,Player_78,3,0,3
49,2,11,6,Player_14,Player_89,1,1,2
49,2,12,1,Player_30,Player_96,3,0,3
49,2,12,2,Player_5,Player_76,4,0,4
49,2,12,3,Player_40,Player_84,0,0,0
49,2,12,4,Player_46,Player_82,4,0,4
49,2,12,5,Player_10,Player_94,0,0,0
49,2,12,6,Player_38,Player_72,1,0,1
49,2,13,1,Player_10,Player_54,0,0,0
49,2,13,2,Player_20,Player_77,4,0,4
49,2,13,3,Player_37,Player_98,0,0,0
49,2,13,4,Player_36,Player_57,0,0,0
49,2,13,5,Player_15,Player_97,0,0,0
49,2,13,6,Player_26,Player_72,2,0,2
49,2,14,1,Player_39,Player_84,0,0,0
49,2,14,2,Player_12,Player_58,0,0,0
49,2,14,3,Player_23,Player_88,0,0,0
49,2,14,4,Player_22,Player_80,0,0,0
49,2,14,5,Player_34,Player_97,4,0,4
49,2,14,6,Player_15,Player_66,2,0,2
49,2,15,1,Player_25,Player_89,1,0,1
49,2,15,2,Player_42,Player_63,0,0,0
49,2,15,3,Player_12,Player_76,1,0,1
49,2,15,4,Player_41,Player_99,6,0,6
49,2,15,5,Player_8,Player_77,1,0,1
49,2,15,6,Player_8,Player_77,1,0,1
49,2,16,1,Player_25,Player_83,1,0,1
49,2,16,2,Player_11,Player_63,1,0,1
49,2,16,3,Player_23,Player_68,1,0,1
49,2,16,4,Player_9,Player_67,0,0,0
49,2,16,5,Player_18,Player_76,0,1,1
49,2,16,6,Player_46,Player_63,1,0,1
49,2,17,1,Player_12,Player_94,4,0,4
49,2,17,2,Player_14,Player_79,4,0,4
49,2,17,3,Player_26,Player_52,1,0,1
49,2,17,4,Player_16,Player_87,0,0,0
49,2,17,5,Player_24,Player_78,0,0,0
49,2,17,6,Player_9,Player_72,1,0,1
49,2,18,1,Player_24,Player_89,0,0,0
49,2,18,2,Player_31,Player_59,0,0,0
49,2,18,3,Player_16,Player_70,1,0,1
49,2,18,4,Player_15,Player_81,0,0,0
49,2,18,5,Player_36,Player_84,2,0,2
49,2,18,6,Player_8,Player_56,0,0,0
49,2,19,1,Player_25,Player_91,3,0,3
49,2,19,2,Player_32,Player_99,1,0,1
49,2,19,3,Player_25,Player_74,4,0,4
49,2,19,4,Player_16,Player_79,1,0,1
49,2,19,5,Player_8,Player_82,0,0,0
49,2,19,6,Player_32,Player_78,0,0,0
49,2,20,1,Player_14,Player_64,2,0,2
49,2,20,2,Player_29,Player_88,3,0,3
49,2,20,3,Player_5,Player_71,0,0,0
49,2,20,4,Player_3,Player_80,0,0,0
49,2,20,5,Player_14,Player_74,1,0,1
49,2,20,6,Player_32,Player_90,1,0,1
50,1,1,1,Player_17,Player_89,6,0,6
50,1,1,2,Player_21,Player_75,1,0,1
50,1,1,3,Player_39,Player_55,3,0,3
50,1,1,4,Player_40,Player_62,0,0,0
50,1,1,5,Player_43,Player_56,4,0,4
50,1,1,6,Player_31,Player_53,1,0,1
50,1,2,1,Player_40,Player_62,1,0,1
50,1,2,2,Player_26,Player_68,0,0,0
50,1,2,3,Player_25,Player_69,6,0,6
50,1,2,4,Player_43,Player_90,1,0,1
50,1,2,5,Player_34,Player_95,0,0,0
50,1,2,6,Player_12,Player_95,3,0,3
50,1,3,1,Player_41,Player_66,1,0,1
50,1,3,2,Player_20,Player_59,4,0,4
50,1,3,3,Player_17,Player_63,0,0,0
50,1,3,4,Player_20,Player_95,1,0,1
50,1,3,5,Player_9,Player_60,1,0,1
50,1,3,6,Player_44,Player_98,0,0,0
50,1,4,1,Player_22,Player_87,1,0,1
50,1,4,2,Player_39,Player_80,6,1,7
50,1,4,3,Player_46,Player_53,1,0,1
50,1,4,4,Player_15,Player_93,1,0,1
50,1,4,5,Player_11,Player_55,1,0,1
50,1,4,6,Player_4,Player_70,2,0,2
50,1,5,1,Player_13,Player_92,0,0,0
50,1,5,2,Player_28,Player_58,0,0,0
50,1,5,3,Player_16,Player_86,1,0,1
50,1,5,4,Player_23,Player_70,4,0,4
50,1,5,5,Player_28,Player_93,3,0,3
50,1,5,6,Player_13,Player_81,0,0,0
50,1,6,1,Player_46,Player_62,3,0,3
50,1,6,2,Player_15,Player_98,1,0,1
50,1,6,3,Player_40,Player_91,4,0,4
50,1,6,4,Player_48,Player_78,6,1,7
50,1,6,5,Player_23,Player_77,1,0,1
50,1,6,6,Player_29,Player_53,2,0,2
50,1,7,1,Player_2,Player_90,1,0,1
50,1,7,2,Player_33,Player_71,1,0,1
50,1,7,3,Player_49,Player_81,0,0,0
50,1,7,4,Player_41,Player_52,1,0,1
50,1,7,5,Player_17,Player_51,0,0,0
50,1,7,6,Player_32,Player_61,0,0,0
50,1,8,1,Player_7,Player_70,0,0,0
50,1,8,2,Player_25,Player_84,4,0,4
50,1,8,3,Player_32,Player_54,1,0,1
50,1,8,4,Player_38,Player_62,3,0,3
50,1,8,5,Player_9,Player_51,1,0,1
50,1,8,6,Player_33,Player_60,0,0,0
50,1,9,1,Player_25,Player_69,4,0,4
50,1,9,2,Player_25,Player_58,4,0,4
50,1,9,3,Player_6,Player_54,0,0,0
50,1,9,4,Player_1,Player_75,4,1,5
50,1,9,5,Player_21,Player_95,6,0,6
50,1,9,6,Player_32,Player_88,2,0,2
50,1,10,1,Player_10,Player_84,1,0,1
50,1,10,2,Player_9,Player_78,0,0,0
50,1,10,3,Player_3,Player_93,0,0,0
50,1,10,4,Player_36,Player_72,1,0,1
50,1,10,5,Player_7,Player_69,0,0,0
50,1,10,6,Player_39,Player_50,2,0,2
50,1,11,1,Player_23,Player_74,1,0,1
50,1,11,2,Player_31,Player_87,0,0,0
50,1,11,3,Player_12,Player_58,1,0,1
50,1,11,4,Player_21,Player_71,3,0,3
50,1,11,5,Player_41,Player_66,1,0,1
50,1,11,6,Player_49,Player_68,0,1,1
50,1,12,1,Player_29,Player_57,1,0,1
50,1,12,2,Player_21,Player_64,2,0,2
50,1,12,3,Player_42,Player_65,1,0,1
50,1,12,4,Player_7,Player_54,1,0,1
50,1,12,5,Player_36,Player_85,0,0,0
50,1,12,6,Player_4,Player_83,4,0,4
50,1,13,1,Player_31,Player_91,0,0,0
50,1,13,2,Player_20,Player_87,0,0,0
50,1,13,3,Player_15,Player_64,0,0,0
50,1,13,4,Player_40,Player_92,0,0,0
50,1,13,5,Player_42,Player_69,2,0,2
50,1,13,6,Player_17,Player_90,1,0,1
50,1,14,1,Player_9,Player_74,0,0,0
50,1,14,2,Player_45,Player_50,1,0,1
50,1,14,3,Player_15,Player_56,2,0,2
50,1,14,4,Player_12,Player_83,1,0,1
50,1,14,5,Player_3,Player_91,0,0,0
50,1,14,6,Player_7,Player_69,1,0,1
50,1,15,1,Player_15,Player_57,0,0,0
50,1,15,2,Player_36,Player_52,0,0,0
50,1,15,3,Player_20,Player_51,3,0,3
50,1,15,4,Player_48,Player_86,0,0,0
50,1,15,5,Player_45,Player_97,1,0,1
50,1,15,6,Player_4,Player_68,6,0,6
50,1,16,1,Player_28,Player_99,0,0,0
50,1,16,2,Player_47,Player_91,1,0,1
50,1,16,3,Player_49,Player_61,1,1,2
50,1,16,4,Player_32,Player_68,4,0,4
50,1,16,5,Player_19,Player_69,1,0,1
50,1,16,6,Player_23,Player_54,1,0,1
50,1,17,1,Player_42,Player_84,1,0,1
50,1,17,2,Player_48,Player_93,0,0,0
50,1,17,3,Player_34,Player_65,0,0,0
50,1,17,4,Player_19,Player_77,1,0,1
50,1,17,5,Player_3,Player_67,1,0,1
50,1,17,6,Player_42,Player_85,2,0,2
50,1,18,1,Player_4,Player_60,0,0,0
50,1,18,2,Player_44,Player_67,2,0,2
50,1,18,3,Player_34,Player_61,0,0,0
50,1,18,4,Player_15,Player_65,1,0,1
50,1,18,5,Player_15,Player_61,6,0,6
50,1,18,6,Player_14,Player_51,1,0,1
50,1,19,1,Player_26,Player_52,4,0,4
50,1,19,2,Player_38,Player_55,0,0,0
50,1,19,3,Player_41,Player_73,1,0,1
50,1,19,4,Player_4,Player_58,0,0,0
50,1,19,5,Player_18,Player_92,0,0,0
50,1,19,6,Player_42,Player_85,3,0,3
50,1,20,1,Player_37,Player_83,1,1,2
50,1,20,2,Player_37,Player_85,0,0,0
50,1,20,3,Player_22,Player_54,1,0,1
50,1,20,4,Player_11,Player_92,6,0,6
50,1,20,5,Player_38,Player_67,4,0,4
50,1,20,6,Player_17,Player_90,0,0,0
50,2,1,1,Player_24,Player_62,2,1,3
50,2,1,2,Player_36,Player_60,1,0,1
50,2,1,3,Player_6,Player_54,0,0,0
50,2,1,4,Player_40,Player_60,0,0,0
50,2,1,5,Player_18,Player_82,0,1,1
50,2,1,6,Player_1,Player_66,0,0,0
50,2,2,1,Player_48,Player_51,0,0,0
50,2,2,2,Player_25,Player_92,0,0,0
50,2,2,3,Player_21,Player_97,0,0,0
50,2,2,4,Player_21,Player_86,4,0,4
50,2,2,5,Player_22,Player_67,0,0,0
50,2,2,6,Player_45,Player_79,1,0,1
50,2,3,1,Player_31,Player_90,1,0,1
50,2,3,2,Player_6,Player_91,0,0,0
50,2,3,3,Player_33,Player_94,3,0,3
50,2,3,4,Player_45,Player_87,1,0,1
50,2,3,5,Player_8,Player_72,1,0,1
50,2,3,6,Player_6,Player_96,1,0,1
50,2,4,1,Player_21,Player_81,1,0,1
50,2,4,2,Player_34,Player_68,0,0,0
50,2,4,3,Player_44,Player_53,0,0,0
50,2,4,4,Player_34,Player_54,0,0,0
50,2,4,5,Player_9,Player_66,0,0,0
50,2,4,6,Player_12,Player_64,1,0,1
50,2,5,1,Player_22,Player_95,4,1,5
50,2,5,2,Player_21,Player_57,1,0,1
50,2,5,3,Player_42,Player_87,0,0,0
50,2,5,4,Player_47,Player_85,6,0,6
50,2,5,5,Player_23,Player_80,4,0,4
50,2,5,6,Player_32,Player_66,1,1,2
50,2,6,1,Player_1,Player_86,1,0,1
50,2,6,2,Player_7,Player_84,0,0,0
50,2,6,3,Player_37,Player_59,2,0,2
50,2,6,4,Player_5,Player_54,2,0,2
50,2,6,5,Player_5,Player_57,4,0,4
50,2,6,6,Player_21,Player_64,4,0,4
50,2,7,1,Player_30,Player_77,0,0,0
50,2,7,2,Player_29,Player_54,2,0,2
50,2,7,3,Player_41,Player_97,0,0,0
50,2,7,4,Player_14,Player_74,1,0,1
50,2,7,5,Player_32,Player_93,4,0,4
50,2,7,6,Player_34,Player_80,0,0,0
50,2,8,1,Player_30,Player_96,1,0,1
50,2,8,2,Player_31,Player_88,0,1,1
50,2,8,3,Player_43,Player_53,6,0,6
50,2,8,4,Player_49,Player_69,2,0,2
50,2,8,5,Player_31,Player_71,1,0,1
50,2,8,6,Player_19,Player_69,0,0,0
50,2,9,1,Player_24,Player_85,1,0,1
50,2,9,2,Player_45,Player_86,4,0,4
50,2,9,3,Player_41,Player_82,0,0,0
50,2,9,4,Player_39,Player_98,1,0,1
50,2,9,5,Player_34,Player_58,0,0,0
50,2,9,6,Player_25,Player_85,2,0,2
50,2,10,1,Player_39,Player_55,1,0,1
50,2,10,2,Player_30,Player_64,1,0,1
50,2,10,3,Player_18,Player_84,0,0,0
50,2,10,4,Player_14,Player_83,1,0,1
50,2,10,5,Player_49,Player_65,0,0,0
50,2,10,6,Player_23,Player_95,4,0,4
50,2,11,1,Player_49,Player_71,1,0,1
50,2,11,2,Player_48,Player_91,0,0,0
50,2,11,3,Player_18,Player_90,0,0,0
50,2,11,4,Player_48,Player_91,4,0,4
50,2,11,5,Player_41,Player_81,0,0,0
50,2,11,6,Player_2,Player_77,0,0,0
50,2,12,1,Player_36,Player_91,0,0,0
50,2,12,2,Player_28,Player_94,1,0,1
50,2,12,3,Player_17,Player_80,4,0,4
50,2,12,4,Player_23,Player_78,1,1,2
50,2,12,5,Player_36,Player_65,0,0,0
50,2,12,6,Player_26,Player_81,0,0,0
50,2,13,1,Player_43,Player_68,6,1,7
50,2,13,2,Player_6,Player_84,0,0,0
50,2,13,3,Player_2,Player_55,1,0,1
50,2,13,4,Player_31,Player_56,4,0,4
50,2,13,5,Player_37,Player_73,0,0,0
50,2,13,6,Player_29,Player_50,6,0,6
50,2,14,1,Player_46,Player_81,4,0,4
50,2,14,2,Player_48,Player_98,4,0,4
50,2,14,3,Player_48,Player_59,2,0,2
50,2,14,4,Player_6,Player_53,1,0,1
50,2,14,5,Player_38,Player_69,4,0,4
50,2,14,6,Player_49,Player_63,0,0,0
50,2,15,1,Player_19,Player_60,4,0,4
50,2,15,2,Player_19,Player_82,0,0,0
50,2,15,3,Player_43,Player_56,1,0,1
50,2,15,4,Player_14,Player_94,2,0,2
50,2,15,5,Player_1,Player_62,0,0,0
50,2,15,6,Player_7,Player_55,0,0,0
50,2,16,1,Player_35,Player_56,3,0,3
50,2,16,2,Player_44,Player_61,1,0,1
50,2,16,3,Player_4,Player_50,1,0,1
50,2,16,4,Player_46,Player_76,0,0,0
50,2,16,5,Player_33,Player_52,2,0,2
50,2,16,6,Player_22,Player_90,0,0,0
50,2,17,1,Player_9,Player_84,0,0,0
50,2,17,2,Player_30,Player_98,3,0,3
50,2,17,3,Player_1,Player_82,0,0,0
50,2,17,4,Player_40,Player_68,2,0,2
50,2,17,5,Player_39,Player_75,0,1,1
50,2,17,6,Player_7,Player_64,0,0,0
50,2,18,1,Player_9,Player_84,0,0,0
50,2,18,2,Player_9,Player_82,0,1,1
50,2,18,3,Player_5,Player_96,1,0,1
50,2,18,4,Player_2,Player_94,1,0,1
50,2,18,5,Player_33,Player_65,0,0,0
50,2,18,6,Player_26,Player_94,0,0,0
50,2,19,1,Player_38,Player_59,0,1,1
50,2,19,2,Player_7,Player_51,1,1,2
50,2,19,3,Player_46,Player_69,1,0,1
50,2,19,4,Player_43,Player_88,4,0,4
50,2,19,5,Player_21,Player_65,1,0,1
50,2,19,6,Player_3,Player_56,0,0,0
50,2,20,1,Player_33,Player_68,1,0,1
50,2,20,2,Player_23,Player_72,0,0,0
50,2,20,3,Player_32,Player_89,1,0,1
50,2,20,4,Player_25,Player_69,0,0,0
50,2,20,5,Player_46,Player_95,6,0,6
50,2,20,6,Player_6,Player_61,4,1,5
